Lon,Lat,status
-179.75,66.25,present in both
-179.75,66.75,present in both
-179.75,67.25,present in both
-179.75,67.75,present in both
-179.75,68.25,present in both
-179.75,68.75,present in both
-179.75,71.25,present in both
-179.25,66.75,present in both
-179.25,67.25,present in both
-179.25,67.75,present in both
-179.25,68.25,present in both
-179.25,68.75,present in both
-179.25,71.25,present in both
-178.75,66.25,present in both
-178.75,66.75,present in both
-178.75,67.25,present in both
-178.75,67.75,present in both
-178.75,68.25,present in both
-178.75,71.25,present in both
-178.25,65.75,present in both
-178.25,66.25,present in both
-178.25,66.75,present in both
-178.25,67.25,present in both
-178.25,67.75,present in both
-178.25,68.25,present in both
-178.25,71.25,present in both
-177.75,65.75,present in both
-177.75,66.25,present in both
-177.75,66.75,present in both
-177.75,67.25,present in both
-177.75,67.75,present in both
-177.75,71.25,present in both
-177.25,65.75,present in both
-177.25,66.25,present in both
-177.25,66.75,present in both
-177.25,67.25,present in both
-177.25,67.75,present in both
-176.75,65.75,present in both
-176.75,66.25,present in both
-176.75,66.75,present in both
-176.75,67.25,present in both
-176.75,67.75,present in both
-176.25,65.75,present in both
-176.25,66.25,present in both
-176.25,66.75,present in both
-176.25,67.25,present in both
-176.25,67.75,present in both
-175.75,65.25,present in both
-175.75,65.75,present in both
-175.75,66.25,present in both
-175.75,66.75,present in both
-175.75,67.25,present in both
-175.75,67.75,present in both
-175.25,65.25,present in both
-175.25,65.75,present in both
-175.25,66.25,present in both
-175.25,66.75,present in both
-175.25,67.25,present in both
-174.75,64.75,present in both
-174.75,65.25,present in both
-174.75,65.75,present in both
-174.75,66.25,present in both
-174.25,64.75,present in both
-174.25,65.25,present in both
-174.25,65.75,present in both
-174.25,66.25,present in both
-173.75,64.75,present in both
-173.75,65.25,present in both
-173.75,65.75,present in both
-173.75,66.25,present in both
-173.75,66.75,present in both
-173.25,64.25,present in both
-173.25,64.75,present in both
-173.25,65.25,present in both
-173.25,65.75,present in both
-173.25,66.25,present in both
-173.25,66.75,present in both
-172.75,64.75,present in both
-172.75,65.75,present in both
-172.75,66.25,present in both
-172.75,66.75,present in both
-172.25,65.75,present in both
-172.25,66.25,present in both
-172.25,66.75,present in both
-171.75,65.75,present in both
-171.75,66.25,present in both
-171.75,66.75,present in both
-171.25,65.75,present in both
-171.25,66.25,present in both
-170.75,65.75,present in both
-170.75,66.25,present in both
-169.75,63.25,present in both
-167.25,65.75,present in both
-166.75,53.75,present in both
-166.75,60.25,present in both
-166.75,65.75,present in both
-166.25,60.25,present in both
-166.25,64.75,present in both
-166.25,65.25,present in both
-166.25,65.75,present in both
-165.75,60.25,present in both
-165.75,61.75,present in both
-165.75,64.75,present in both
-165.75,65.25,present in both
-165.75,65.75,present in both
-165.75,66.25,present in both
-165.75,68.25,present in both
-165.75,68.75,present in both
-165.25,61.25,present in both
-165.25,61.75,present in both
-165.25,62.25,present in both
-165.25,64.75,present in both
-165.25,65.25,present in both
-165.25,65.75,present in both
-165.25,66.25,present in both
-165.25,68.25,present in both
-165.25,68.75,present in both
-164.75,60.75,present in both
-164.75,61.25,present in both
-164.75,61.75,present in both
-164.75,62.25,present in both
-164.75,62.75,present in both
-164.75,64.75,present in both
-164.75,65.25,present in both
-164.75,65.75,present in both
-164.75,66.25,present in both
-164.75,68.25,present in both
-164.75,68.75,present in both
-164.25,54.75,present in both
-164.25,60.25,present in both
-164.25,60.75,present in both
-164.25,61.25,present in both
-164.25,61.75,present in both
-164.25,62.25,present in both
-164.25,62.75,present in both
-164.25,64.75,present in both
-164.25,65.25,present in both
-164.25,65.75,present in both
-164.25,66.25,present in both
-164.25,67.75,present in both
-164.25,68.25,present in both
-164.25,68.75,present in both
-163.75,54.75,present in both
-163.75,60.25,present in both
-163.75,60.75,present in both
-163.75,61.25,present in both
-163.75,61.75,present in both
-163.75,62.25,present in both
-163.75,62.75,present in both
-163.75,64.75,present in both
-163.75,65.25,present in both
-163.75,65.75,present in both
-163.75,67.25,present in both
-163.75,67.75,present in both
-163.75,68.25,present in both
-163.75,68.75,present in both
-163.25,60.25,present in both
-163.25,60.75,present in both
-163.25,61.25,present in both
-163.25,61.75,present in both
-163.25,62.25,present in both
-163.25,62.75,present in both
-163.25,64.75,present in both
-163.25,65.25,present in both
-163.25,65.75,present in both
-163.25,67.25,present in both
-163.25,67.75,present in both
-163.25,68.25,present in both
-163.25,68.75,present in both
-163.25,69.25,present in both
-162.75,55.25,present in both
-162.75,60.25,present in both
-162.75,60.75,present in both
-162.75,61.25,present in both
-162.75,61.75,present in both
-162.75,62.25,present in both
-162.75,62.75,present in both
-162.75,64.75,present in both
-162.75,65.25,present in both
-162.75,65.75,present in both
-162.75,67.25,present in both
-162.75,67.75,present in both
-162.75,68.25,present in both
-162.75,68.75,present in both
-162.75,69.25,present in both
-162.75,69.75,present in both
-162.25,55.25,present in both
-162.25,60.25,present in both
-162.25,60.75,present in both
-162.25,61.25,present in both
-162.25,61.75,present in both
-162.25,62.25,present in both
-162.25,62.75,present in both
-162.25,63.25,present in both
-162.25,64.75,present in both
-162.25,65.25,present in both
-162.25,65.75,present in both
-162.25,67.25,present in both
-162.25,67.75,present in both
-162.25,68.25,present in both
-162.25,68.75,present in both
-162.25,69.25,present in both
-162.25,69.75,present in both
-161.75,55.75,present in both
-161.75,58.75,present in both
-161.75,59.25,present in both
-161.75,59.75,present in both
-161.75,60.25,present in both
-161.75,60.75,present in both
-161.75,61.25,present in both
-161.75,61.75,present in both
-161.75,62.25,present in both
-161.75,62.75,present in both
-161.75,63.25,present in both
-161.75,65.25,present in both
-161.75,65.75,present in both
-161.75,66.75,present in both
-161.75,67.25,present in both
-161.75,67.75,present in both
-161.75,68.25,present in both
-161.75,68.75,present in both
-161.75,69.25,present in both
-161.75,69.75,present in both
-161.75,70.25,present in both
-161.25,55.75,present in both
-161.25,59.25,present in both
-161.25,59.75,present in both
-161.25,60.25,present in both
-161.25,60.75,present in both
-161.25,61.25,present in both
-161.25,61.75,present in both
-161.25,62.25,present in both
-161.25,62.75,present in both
-161.25,63.25,present in both
-161.25,65.25,present in both
-161.25,65.75,present in both
-161.25,66.75,present in both
-161.25,67.25,present in both
-161.25,67.75,present in both
-161.25,68.25,present in both
-161.25,68.75,present in both
-161.25,69.25,present in both
-161.25,69.75,present in both
-161.25,70.25,present in both
-160.75,55.75,present in both
-160.75,59.25,present in both
-160.75,59.75,present in both
-160.75,60.25,present in both
-160.75,60.75,present in both
-160.75,61.25,present in both
-160.75,61.75,present in both
-160.75,62.25,present in both
-160.75,62.75,present in both
-160.75,63.25,present in both
-160.75,63.75,present in both
-160.75,64.25,present in both
-160.75,64.75,present in both
-160.75,65.25,present in both
-160.75,65.75,present in both
-160.75,66.25,present in both
-160.75,66.75,present in both
-160.75,67.25,present in both
-160.75,67.75,present in both
-160.75,68.25,present in both
-160.75,68.75,present in both
-160.75,69.25,present in both
-160.75,69.75,present in both
-160.75,70.25,present in both
-160.25,55.75,present in both
-160.25,56.25,present in both
-160.25,59.25,present in both
-160.25,59.75,present in both
-160.25,60.25,present in both
-160.25,60.75,present in both
-160.25,61.25,present in both
-160.25,61.75,present in both
-160.25,62.25,present in both
-160.25,62.75,present in both
-160.25,63.25,present in both
-160.25,63.75,present in both
-160.25,64.25,present in both
-160.25,64.75,present in both
-160.25,65.25,present in both
-160.25,65.75,present in both
-160.25,66.25,present in both
-160.25,66.75,present in both
-160.25,67.25,present in both
-160.25,67.75,present in both
-160.25,68.25,present in both
-160.25,68.75,present in both
-160.25,69.25,present in both
-160.25,69.75,present in both
-160.25,70.25,present in both
-159.75,56.25,present in both
-159.75,59.25,present in both
-159.75,59.75,present in both
-159.75,60.25,present in both
-159.75,60.75,present in both
-159.75,61.25,present in both
-159.75,61.75,present in both
-159.75,62.25,present in both
-159.75,62.75,present in both
-159.75,63.25,present in both
-159.75,63.75,present in both
-159.75,64.25,present in both
-159.75,64.75,present in both
-159.75,65.25,present in both
-159.75,65.75,present in both
-159.75,66.25,present in both
-159.75,66.75,present in both
-159.75,67.25,present in both
-159.75,67.75,present in both
-159.75,68.25,present in both
-159.75,68.75,present in both
-159.75,69.25,present in both
-159.75,69.75,present in both
-159.75,70.25,present in both
-159.25,56.25,present in both
-159.25,58.75,present in both
-159.25,59.25,present in both
-159.25,59.75,present in both
-159.25,60.25,present in both
-159.25,60.75,present in both
-159.25,61.25,present in both
-159.25,61.75,present in both
-159.25,62.25,present in both
-159.25,62.75,present in both
-159.25,63.25,present in both
-159.25,63.75,present in both
-159.25,64.25,present in both
-159.25,64.75,present in both
-159.25,65.25,present in both
-159.25,65.75,present in both
-159.25,66.25,present in both
-159.25,66.75,present in both
-159.25,67.25,present in both
-159.25,67.75,present in both
-159.25,68.25,present in both
-159.25,68.75,present in both
-159.25,69.25,present in both
-159.25,69.75,present in both
-159.25,70.25,present in both
-159.25,70.75,present in both
-158.75,56.25,present in both
-158.75,56.75,present in both
-158.75,59.25,present in both
-158.75,59.75,present in both
-158.75,60.25,present in both
-158.75,60.75,present in both
-158.75,61.25,present in both
-158.75,61.75,present in both
-158.75,62.25,present in both
-158.75,62.75,present in both
-158.75,63.25,present in both
-158.75,63.75,present in both
-158.75,64.25,present in both
-158.75,64.75,present in both
-158.75,65.25,present in both
-158.75,65.75,present in both
-158.75,66.25,present in both
-158.75,66.75,present in both
-158.75,67.25,present in both
-158.75,67.75,present in both
-158.75,68.25,present in both
-158.75,68.75,present in both
-158.75,69.25,present in both
-158.75,69.75,present in both
-158.75,70.25,present in both
-158.75,70.75,present in both
-158.25,56.75,present in both
-158.25,57.25,present in both
-158.25,58.75,present in both
-158.25,59.25,present in both
-158.25,59.75,present in both
-158.25,60.25,present in both
-158.25,60.75,present in both
-158.25,61.25,present in both
-158.25,61.75,present in both
-158.25,62.25,present in both
-158.25,62.75,present in both
-158.25,63.25,present in both
-158.25,63.75,present in both
-158.25,64.25,present in both
-158.25,64.75,present in both
-158.25,65.25,present in both
-158.25,65.75,present in both
-158.25,66.25,present in both
-158.25,66.75,present in both
-158.25,67.25,present in both
-158.25,67.75,present in both
-158.25,68.25,present in both
-158.25,68.75,present in both
-158.25,69.25,present in both
-158.25,69.75,present in both
-158.25,70.25,present in both
-158.25,70.75,present in both
-157.75,56.75,present in both
-157.75,57.25,present in both
-157.75,58.75,present in both
-157.75,59.25,present in both
-157.75,59.75,present in both
-157.75,60.25,present in both
-157.75,60.75,present in both
-157.75,61.25,present in both
-157.75,61.75,present in both
-157.75,62.25,present in both
-157.75,62.75,present in both
-157.75,63.25,present in both
-157.75,63.75,present in both
-157.75,64.25,present in both
-157.75,64.75,present in both
-157.75,65.25,present in both
-157.75,65.75,present in both
-157.75,66.25,present in both
-157.75,66.75,present in both
-157.75,67.25,present in both
-157.75,67.75,present in both
-157.75,68.25,present in both
-157.75,68.75,present in both
-157.75,69.25,present in both
-157.75,69.75,present in both
-157.75,70.25,present in both
-157.75,70.75,present in both
-157.25,57.25,present in both
-157.25,57.75,present in both
-157.25,58.25,present in both
-157.25,59.25,present in both
-157.25,59.75,present in both
-157.25,60.25,present in both
-157.25,60.75,present in both
-157.25,61.25,present in both
-157.25,61.75,present in both
-157.25,62.25,present in both
-157.25,62.75,present in both
-157.25,63.25,present in both
-157.25,63.75,present in both
-157.25,64.25,present in both
-157.25,64.75,present in both
-157.25,65.25,present in both
-157.25,65.75,present in both
-157.25,66.25,present in both
-157.25,66.75,present in both
-157.25,67.25,present in both
-157.25,67.75,present in both
-157.25,68.25,present in both
-157.25,68.75,present in both
-157.25,69.25,present in both
-157.25,69.75,present in both
-157.25,70.25,present in both
-157.25,70.75,present in both
-156.75,57.25,present in both
-156.75,57.75,present in both
-156.75,58.25,present in both
-156.75,58.75,present in both
-156.75,59.25,present in both
-156.75,59.75,present in both
-156.75,60.25,present in both
-156.75,60.75,present in both
-156.75,61.25,present in both
-156.75,61.75,present in both
-156.75,62.25,present in both
-156.75,62.75,present in both
-156.75,63.25,present in both
-156.75,63.75,present in both
-156.75,64.25,present in both
-156.75,64.75,present in both
-156.75,65.25,present in both
-156.75,65.75,present in both
-156.75,66.25,present in both
-156.75,66.75,present in both
-156.75,67.25,present in both
-156.75,67.75,present in both
-156.75,68.25,present in both
-156.75,68.75,present in both
-156.75,69.25,present in both
-156.75,69.75,present in both
-156.75,70.25,present in both
-156.75,70.75,present in both
-156.75,71.25,present in both
-156.25,57.75,present in both
-156.25,58.25,present in both
-156.25,58.75,present in both
-156.25,59.25,present in both
-156.25,59.75,present in both
-156.25,60.25,present in both
-156.25,60.75,present in both
-156.25,61.25,present in both
-156.25,61.75,present in both
-156.25,62.25,present in both
-156.25,62.75,present in both
-156.25,63.25,present in both
-156.25,63.75,present in both
-156.25,64.25,present in both
-156.25,64.75,present in both
-156.25,65.25,present in both
-156.25,65.75,present in both
-156.25,66.25,present in both
-156.25,66.75,present in both
-156.25,67.25,present in both
-156.25,67.75,present in both
-156.25,68.25,present in both
-156.25,68.75,present in both
-156.25,69.25,present in both
-156.25,69.75,present in both
-156.25,70.25,present in both
-156.25,70.75,present in both
-156.25,71.25,present in both
-155.75,57.75,present in both
-155.75,58.25,present in both
-155.75,58.75,present in both
-155.75,59.25,present in both
-155.75,59.75,present in both
-155.75,60.25,present in both
-155.75,60.75,present in both
-155.75,61.25,present in both
-155.75,61.75,present in both
-155.75,62.25,present in both
-155.75,62.75,present in both
-155.75,63.25,present in both
-155.75,63.75,present in both
-155.75,64.25,present in both
-155.75,64.75,present in both
-155.75,65.25,present in both
-155.75,65.75,present in both
-155.75,66.25,present in both
-155.75,66.75,present in both
-155.75,67.25,present in both
-155.75,67.75,present in both
-155.75,68.25,present in both
-155.75,68.75,present in both
-155.75,69.25,present in both
-155.75,69.75,present in both
-155.75,70.25,present in both
-155.75,70.75,present in both
-155.25,58.25,present in both
-155.25,58.75,present in both
-155.25,59.25,present in both
-155.25,59.75,present in both
-155.25,60.25,present in both
-155.25,60.75,present in both
-155.25,61.25,present in both
-155.25,61.75,present in both
-155.25,62.25,present in both
-155.25,62.75,present in both
-155.25,63.25,present in both
-155.25,63.75,present in both
-155.25,64.25,present in both
-155.25,64.75,present in both
-155.25,65.25,present in both
-155.25,65.75,present in both
-155.25,66.25,present in both
-155.25,66.75,present in both
-155.25,67.25,present in both
-155.25,67.75,present in both
-155.25,68.25,present in both
-155.25,68.75,present in both
-155.25,69.25,present in both
-155.25,69.75,present in both
-155.25,70.25,present in both
-155.25,70.75,present in both
-154.75,58.25,present in both
-154.75,58.75,present in both
-154.75,59.25,present in both
-154.75,59.75,present in both
-154.75,60.25,present in both
-154.75,60.75,present in both
-154.75,61.25,present in both
-154.75,61.75,present in both
-154.75,62.25,present in both
-154.75,62.75,present in both
-154.75,63.25,present in both
-154.75,63.75,present in both
-154.75,64.25,present in both
-154.75,64.75,present in both
-154.75,65.25,present in both
-154.75,65.75,present in both
-154.75,66.25,present in both
-154.75,66.75,present in both
-154.75,67.25,present in both
-154.75,67.75,present in both
-154.75,68.25,present in both
-154.75,68.75,present in both
-154.75,69.25,present in both
-154.75,69.75,present in both
-154.75,70.25,present in both
-154.75,70.75,present in both
-154.25,57.25,present in both
-154.25,58.25,present in both
-154.25,58.75,present in both
-154.25,59.25,present in both
-154.25,59.75,present in both
-154.25,60.25,present in both
-154.25,60.75,present in both
-154.25,61.25,present in both
-154.25,61.75,present in both
-154.25,62.25,present in both
-154.25,62.75,present in both
-154.25,63.25,present in both
-154.25,63.75,present in both
-154.25,64.25,present in both
-154.25,64.75,present in both
-154.25,65.25,present in both
-154.25,65.75,present in both
-154.25,66.25,present in both
-154.25,66.75,present in both
-154.25,67.25,present in both
-154.25,67.75,present in both
-154.25,68.25,present in both
-154.25,68.75,present in both
-154.25,69.25,present in both
-154.25,69.75,present in both
-154.25,70.25,present in both
-154.25,70.75,present in both
-153.75,57.25,present in both
-153.75,57.75,present in both
-153.75,58.75,present in both
-153.75,59.75,present in both
-153.75,60.25,present in both
-153.75,60.75,present in both
-153.75,61.25,present in both
-153.75,61.75,present in both
-153.75,62.25,present in both
-153.75,62.75,present in both
-153.75,63.25,present in both
-153.75,63.75,present in both
-153.75,64.25,present in both
-153.75,64.75,present in both
-153.75,65.25,present in both
-153.75,65.75,present in both
-153.75,66.25,present in both
-153.75,66.75,present in both
-153.75,67.25,present in both
-153.75,67.75,present in both
-153.75,68.25,present in both
-153.75,68.75,present in both
-153.75,69.25,present in both
-153.75,69.75,present in both
-153.75,70.25,present in both
-153.25,57.25,present in both
-153.25,57.75,present in both
-153.25,59.75,present in both
-153.25,60.25,present in both
-153.25,60.75,present in both
-153.25,61.25,present in both
-153.25,61.75,present in both
-153.25,62.25,present in both
-153.25,62.75,present in both
-153.25,63.25,present in both
-153.25,63.75,present in both
-153.25,64.25,present in both
-153.25,64.75,present in both
-153.25,65.25,present in both
-153.25,65.75,present in both
-153.25,66.25,present in both
-153.25,66.75,present in both
-153.25,67.25,present in both
-153.25,67.75,present in both
-153.25,68.25,present in both
-153.25,68.75,present in both
-153.25,69.25,present in both
-153.25,69.75,present in both
-153.25,70.25,present in both
-153.25,70.75,present in both
-152.75,57.75,present in both
-152.75,60.25,present in both
-152.75,60.75,present in both
-152.75,62.25,present in both
-152.75,62.75,present in both
-152.75,63.25,present in both
-152.75,63.75,present in both
-152.75,64.25,present in both
-152.75,64.75,present in both
-152.75,65.25,present in both
-152.75,65.75,present in both
-152.75,66.25,present in both
-152.75,66.75,present in both
-152.75,67.25,present in both
-152.75,67.75,present in both
-152.75,68.25,present in both
-152.75,68.75,present in both
-152.75,69.25,present in both
-152.75,69.75,present in both
-152.75,70.25,present in both
-152.75,70.75,present in both
-152.25,60.75,present in both
-152.25,62.25,present in both
-152.25,62.75,present in both
-152.25,63.25,present in both
-152.25,63.75,present in both
-152.25,64.25,present in both
-152.25,64.75,present in both
-152.25,65.25,present in both
-152.25,65.75,present in both
-152.25,66.25,present in both
-152.25,66.75,present in both
-152.25,67.25,present in both
-152.25,67.75,present in both
-152.25,68.25,present in both
-152.25,68.75,present in both
-152.25,69.25,present in both
-152.25,69.75,present in both
-152.25,70.25,present in both
-151.75,60.75,present in both
-151.75,61.25,present in both
-151.75,61.75,present in both
-151.75,62.25,present in both
-151.75,62.75,present in both
-151.75,63.25,present in both
-151.75,63.75,present in both
-151.75,64.25,present in both
-151.75,64.75,present in both
-151.75,65.25,present in both
-151.75,65.75,present in both
-151.75,66.25,present in both
-151.75,66.75,present in both
-151.75,67.25,present in both
-151.75,67.75,present in both
-151.75,68.25,present in both
-151.75,68.75,present in both
-151.75,69.25,present in both
-151.75,69.75,present in both
-151.75,70.25,present in both
-151.25,60.25,present in both
-151.25,60.75,present in both
-151.25,61.25,present in both
-151.25,61.75,present in both
-151.25,62.25,present in both
-151.25,62.75,present in both
-151.25,63.25,present in both
-151.25,63.75,present in both
-151.25,64.25,present in both
-151.25,64.75,present in both
-151.25,65.25,present in both
-151.25,65.75,present in both
-151.25,66.25,present in both
-151.25,66.75,present in both
-151.25,67.25,present in both
-151.25,67.75,present in both
-151.25,68.25,present in both
-151.25,68.75,present in both
-151.25,69.25,present in both
-151.25,69.75,present in both
-151.25,70.25,present in both
-150.75,59.75,present in both
-150.75,60.25,present in both
-150.75,60.75,present in both
-150.75,61.25,present in both
-150.75,61.75,present in both
-150.75,62.25,present in both
-150.75,62.75,present in both
-150.75,63.25,present in both
-150.75,63.75,present in both
-150.75,64.25,present in both
-150.75,64.75,present in both
-150.75,65.25,present in both
-150.75,65.75,present in both
-150.75,66.25,present in both
-150.75,66.75,present in both
-150.75,67.25,present in both
-150.75,67.75,present in both
-150.75,68.25,present in both
-150.75,68.75,present in both
-150.75,69.25,present in both
-150.75,69.75,present in both
-150.75,70.25,present in both
-150.25,59.75,present in both
-150.25,60.25,present in both
-150.25,60.75,present in both
-150.25,61.75,present in both
-150.25,62.25,present in both
-150.25,62.75,present in both
-150.25,63.25,present in both
-150.25,63.75,present in both
-150.25,64.25,present in both
-150.25,64.75,present in both
-150.25,65.25,present in both
-150.25,65.75,present in both
-150.25,66.25,present in both
-150.25,66.75,present in both
-150.25,67.25,present in both
-150.25,67.75,present in both
-150.25,68.25,present in both
-150.25,68.75,present in both
-150.25,69.25,present in both
-150.25,69.75,present in both
-150.25,70.25,present in both
-149.75,60.25,present in both
-149.75,60.75,present in both
-149.75,61.25,present in both
-149.75,61.75,present in both
-149.75,62.25,present in both
-149.75,62.75,present in both
-149.75,63.25,present in both
-149.75,63.75,present in both
-149.75,64.25,present in both
-149.75,64.75,present in both
-149.75,65.25,present in both
-149.75,65.75,present in both
-149.75,66.25,present in both
-149.75,66.75,present in both
-149.75,67.25,present in both
-149.75,67.75,present in both
-149.75,68.25,present in both
-149.75,68.75,present in both
-149.75,69.25,present in both
-149.75,69.75,present in both
-149.75,70.25,present in both
-149.25,60.25,present in both
-149.25,60.75,present in both
-149.25,61.25,present in both
-149.25,61.75,present in both
-149.25,62.25,present in both
-149.25,62.75,present in both
-149.25,63.25,present in both
-149.25,63.75,present in both
-149.25,64.25,present in both
-149.25,64.75,present in both
-149.25,65.25,present in both
-149.25,65.75,present in both
-149.25,66.25,present in both
-149.25,66.75,present in both
-149.25,67.25,present in both
-149.25,67.75,present in both
-149.25,68.25,present in both
-149.25,68.75,present in both
-149.25,69.25,present in both
-149.25,69.75,present in both
-149.25,70.25,present in both
-148.75,61.25,present in both
-148.75,61.75,present in both
-148.75,62.25,present in both
-148.75,62.75,present in both
-148.75,63.25,present in both
-148.75,63.75,present in both
-148.75,64.25,present in both
-148.75,64.75,present in both
-148.75,65.25,present in both
-148.75,65.75,present in both
-148.75,66.25,present in both
-148.75,66.75,present in both
-148.75,67.25,present in both
-148.75,67.75,present in both
-148.75,68.25,present in both
-148.75,68.75,present in both
-148.75,69.25,present in both
-148.75,69.75,present in both
-148.75,70.25,present in both
-148.25,61.25,present in both
-148.25,61.75,present in both
-148.25,62.25,present in both
-148.25,62.75,present in both
-148.25,63.25,present in both
-148.25,63.75,present in both
-148.25,64.25,present in both
-148.25,64.75,present in both
-148.25,65.25,present in both
-148.25,65.75,present in both
-148.25,66.25,present in both
-148.25,66.75,present in both
-148.25,67.25,present in both
-148.25,67.75,present in both
-148.25,68.25,present in both
-148.25,68.75,present in both
-148.25,69.25,present in both
-148.25,69.75,present in both
-148.25,70.25,present in both
-147.75,62.25,present in both
-147.75,62.75,present in both
-147.75,63.25,present in both
-147.75,63.75,present in both
-147.75,64.25,present in both
-147.75,64.75,present in both
-147.75,65.25,present in both
-147.75,65.75,present in both
-147.75,66.25,present in both
-147.75,66.75,present in both
-147.75,67.25,present in both
-147.75,67.75,present in both
-147.75,68.25,present in both
-147.75,68.75,present in both
-147.75,69.25,present in both
-147.75,69.75,present in both
-147.25,62.25,present in both
-147.25,62.75,present in both
-147.25,63.25,present in both
-147.25,63.75,present in both
-147.25,64.25,present in both
-147.25,64.75,present in both
-147.25,65.25,present in both
-147.25,65.75,present in both
-147.25,66.25,present in both
-147.25,66.75,present in both
-147.25,67.25,present in both
-147.25,67.75,present in both
-147.25,68.25,present in both
-147.25,68.75,present in both
-147.25,69.25,present in both
-147.25,69.75,present in both
-146.75,62.25,present in both
-146.75,62.75,present in both
-146.75,63.25,present in both
-146.75,63.75,present in both
-146.75,64.25,present in both
-146.75,64.75,present in both
-146.75,65.25,present in both
-146.75,65.75,present in both
-146.75,66.25,present in both
-146.75,66.75,present in both
-146.75,67.25,present in both
-146.75,67.75,present in both
-146.75,68.25,present in both
-146.75,68.75,present in both
-146.75,69.25,present in both
-146.75,69.75,present in both
-146.25,62.25,present in both
-146.25,62.75,present in both
-146.25,63.25,present in both
-146.25,63.75,present in both
-146.25,64.25,present in both
-146.25,64.75,present in both
-146.25,65.25,present in both
-146.25,65.75,present in both
-146.25,66.25,present in both
-146.25,66.75,present in both
-146.25,67.25,present in both
-146.25,67.75,present in both
-146.25,68.25,present in both
-146.25,68.75,present in both
-146.25,69.25,present in both
-146.25,69.75,present in both
-145.75,61.25,present in both
-145.75,61.75,present in both
-145.75,62.25,present in both
-145.75,62.75,present in both
-145.75,63.25,present in both
-145.75,63.75,present in both
-145.75,64.25,present in both
-145.75,64.75,present in both
-145.75,65.25,present in both
-145.75,65.75,present in both
-145.75,66.25,present in both
-145.75,66.75,present in both
-145.75,67.25,present in both
-145.75,67.75,present in both
-145.75,68.25,present in both
-145.75,68.75,present in both
-145.75,69.25,present in both
-145.75,69.75,present in both
-145.25,60.75,present in both
-145.25,61.25,present in both
-145.25,61.75,present in both
-145.25,62.25,present in both
-145.25,62.75,present in both
-145.25,63.25,present in both
-145.25,63.75,present in both
-145.25,64.25,present in both
-145.25,64.75,present in both
-145.25,65.25,present in both
-145.25,65.75,present in both
-145.25,66.25,present in both
-145.25,66.75,present in both
-145.25,67.25,present in both
-145.25,67.75,present in both
-145.25,68.25,present in both
-145.25,68.75,present in both
-145.25,69.25,present in both
-145.25,69.75,present in both
-144.75,60.75,present in both
-144.75,61.25,present in both
-144.75,61.75,present in both
-144.75,62.25,present in both
-144.75,62.75,present in both
-144.75,63.25,present in both
-144.75,63.75,present in both
-144.75,64.25,present in both
-144.75,64.75,present in both
-144.75,65.25,present in both
-144.75,65.75,present in both
-144.75,66.25,present in both
-144.75,66.75,present in both
-144.75,67.25,present in both
-144.75,67.75,present in both
-144.75,68.25,present in both
-144.75,68.75,present in both
-144.75,69.25,present in both
-144.75,69.75,present in both
-144.25,60.75,present in both
-144.25,61.25,present in both
-144.25,61.75,present in both
-144.25,62.25,present in both
-144.25,62.75,present in both
-144.25,63.25,present in both
-144.25,63.75,present in both
-144.25,64.25,present in both
-144.25,64.75,present in both
-144.25,65.25,present in both
-144.25,65.75,present in both
-144.25,66.25,present in both
-144.25,66.75,present in both
-144.25,67.25,present in both
-144.25,67.75,present in both
-144.25,68.25,present in both
-144.25,68.75,present in both
-144.25,69.25,present in both
-144.25,69.75,present in both
-143.75,61.25,present in both
-143.75,61.75,present in both
-143.75,62.25,present in both
-143.75,62.75,present in both
-143.75,63.25,present in both
-143.75,63.75,present in both
-143.75,64.25,present in both
-143.75,64.75,present in both
-143.75,65.25,present in both
-143.75,65.75,present in both
-143.75,66.25,present in both
-143.75,66.75,present in both
-143.75,67.25,present in both
-143.75,67.75,present in both
-143.75,68.25,present in both
-143.75,68.75,present in both
-143.75,69.25,present in both
-143.75,69.75,present in both
-143.25,61.25,present in both
-143.25,61.75,present in both
-143.25,62.25,present in both
-143.25,62.75,present in both
-143.25,63.25,present in both
-143.25,63.75,present in both
-143.25,64.25,present in both
-143.25,64.75,present in both
-143.25,65.25,present in both
-143.25,65.75,present in both
-143.25,66.25,present in both
-143.25,66.75,present in both
-143.25,67.25,present in both
-143.25,67.75,present in both
-143.25,68.25,present in both
-143.25,68.75,present in both
-143.25,69.25,present in both
-143.25,69.75,present in both
-142.75,61.25,present in both
-142.75,61.75,present in both
-142.75,62.25,present in both
-142.75,62.75,present in both
-142.75,63.25,present in both
-142.75,63.75,present in both
-142.75,64.25,present in both
-142.75,64.75,present in both
-142.75,65.25,present in both
-142.75,65.75,present in both
-142.75,66.25,present in both
-142.75,66.75,present in both
-142.75,67.25,present in both
-142.75,67.75,present in both
-142.75,68.25,present in both
-142.75,68.75,present in both
-142.75,69.25,present in both
-142.75,69.75,present in both
-142.25,61.25,present in both
-142.25,61.75,present in both
-142.25,62.25,present in both
-142.25,62.75,present in both
-142.25,63.25,present in both
-142.25,63.75,present in both
-142.25,64.25,present in both
-142.25,64.75,present in both
-142.25,65.25,present in both
-142.25,65.75,present in both
-142.25,66.25,present in both
-142.25,66.75,present in both
-142.25,67.25,present in both
-142.25,67.75,present in both
-142.25,68.25,present in both
-142.25,68.75,present in both
-142.25,69.25,present in both
-142.25,69.75,present in both
-141.75,62.25,present in both
-141.75,62.75,present in both
-141.75,63.25,present in both
-141.75,63.75,present in both
-141.75,64.25,present in both
-141.75,64.75,present in both
-141.75,65.25,present in both
-141.75,65.75,present in both
-141.75,66.25,present in both
-141.75,66.75,present in both
-141.75,67.25,present in both
-141.75,67.75,present in both
-141.75,68.25,present in both
-141.75,68.75,present in both
-141.75,69.25,present in both
-141.75,69.75,present in both
-141.25,62.25,present in both
-141.25,62.75,present in both
-141.25,63.25,present in both
-141.25,63.75,present in both
-141.25,64.25,present in both
-141.25,64.75,present in both
-141.25,65.25,present in both
-141.25,65.75,present in both
-141.25,66.25,present in both
-141.25,66.75,present in both
-141.25,67.25,present in both
-141.25,67.75,present in both
-141.25,68.25,present in both
-141.25,68.75,present in both
-141.25,69.25,present in both
-140.75,59.75,present in both
-140.75,61.25,present in both
-140.75,61.75,present in both
-140.75,62.25,present in both
-140.75,62.75,present in both
-140.75,63.25,present in both
-140.75,63.75,present in both
-140.75,64.25,present in both
-140.75,64.75,present in both
-140.75,65.25,present in both
-140.75,65.75,present in both
-140.75,66.25,present in both
-140.75,66.75,present in both
-140.75,67.25,present in both
-140.75,67.75,present in both
-140.75,68.25,present in both
-140.75,68.75,present in both
-140.75,69.25,present in both
-140.25,59.75,present in both
-140.25,61.25,present in both
-140.25,61.75,present in both
-140.25,62.25,present in both
-140.25,62.75,present in both
-140.25,63.25,present in both
-140.25,63.75,present in both
-140.25,64.25,present in both
-140.25,64.75,present in both
-140.25,65.25,present in both
-140.25,65.75,present in both
-140.25,66.25,present in both
-140.25,66.75,present in both
-140.25,67.25,present in both
-140.25,67.75,present in both
-140.25,68.25,present in both
-140.25,68.75,present in both
-140.25,69.25,present in both
-139.75,61.25,present in both
-139.75,61.75,present in both
-139.75,62.25,present in both
-139.75,62.75,present in both
-139.75,63.25,present in both
-139.75,63.75,present in both
-139.75,64.25,present in both
-139.75,64.75,present in both
-139.75,65.25,present in both
-139.75,65.75,present in both
-139.75,66.25,present in both
-139.75,66.75,present in both
-139.75,67.25,present in both
-139.75,67.75,present in both
-139.75,68.25,present in both
-139.75,68.75,present in both
-139.75,69.25,present in both
-139.25,59.75,present in both
-139.25,61.25,present in both
-139.25,61.75,present in both
-139.25,62.25,present in both
-139.25,62.75,present in both
-139.25,63.25,present in both
-139.25,63.75,present in both
-139.25,64.25,present in both
-139.25,64.75,present in both
-139.25,65.25,present in both
-139.25,65.75,present in both
-139.25,66.25,present in both
-139.25,66.75,present in both
-139.25,67.25,present in both
-139.25,67.75,present in both
-139.25,68.25,present in both
-139.25,68.75,present in both
-139.25,69.25,present in both
-138.75,61.25,present in both
-138.75,61.75,present in both
-138.75,62.25,present in both
-138.75,62.75,present in both
-138.75,63.25,present in both
-138.75,63.75,present in both
-138.75,64.25,present in both
-138.75,64.75,present in both
-138.75,65.25,present in both
-138.75,65.75,present in both
-138.75,66.25,present in both
-138.75,66.75,present in both
-138.75,67.25,present in both
-138.75,67.75,present in both
-138.75,68.25,present in both
-138.75,68.75,present in both
-138.75,69.25,present in both
-138.25,61.25,present in both
-138.25,61.75,present in both
-138.25,62.25,present in both
-138.25,62.75,present in both
-138.25,63.25,present in both
-138.25,63.75,present in both
-138.25,64.25,present in both
-138.25,64.75,present in both
-138.25,65.25,present in both
-138.25,65.75,present in both
-138.25,66.25,present in both
-138.25,66.75,present in both
-138.25,67.25,present in both
-138.25,67.75,present in both
-138.25,68.25,present in both
-138.25,68.75,present in both
-137.75,60.25,present in both
-137.75,60.75,present in both
-137.75,61.25,present in both
-137.75,61.75,present in both
-137.75,62.25,present in both
-137.75,62.75,present in both
-137.75,63.25,present in both
-137.75,63.75,present in both
-137.75,64.25,present in both
-137.75,64.75,present in both
-137.75,65.25,present in both
-137.75,65.75,present in both
-137.75,66.25,present in both
-137.75,66.75,present in both
-137.75,67.25,present in both
-137.75,67.75,present in both
-137.75,68.25,present in both
-137.75,68.75,present in both
-137.25,58.75,present in both
-137.25,60.25,present in both
-137.25,60.75,present in both
-137.25,61.25,present in both
-137.25,61.75,present in both
-137.25,62.25,present in both
-137.25,62.75,present in both
-137.25,63.25,present in both
-137.25,63.75,present in both
-137.25,64.25,present in both
-137.25,64.75,present in both
-137.25,65.25,present in both
-137.25,65.75,present in both
-137.25,66.25,present in both
-137.25,66.75,present in both
-137.25,67.25,present in both
-137.25,67.75,present in both
-137.25,68.25,present in both
-137.25,68.75,present in both
-136.75,59.25,present in both
-136.75,59.75,present in both
-136.75,60.25,present in both
-136.75,60.75,present in both
-136.75,61.25,present in both
-136.75,61.75,present in both
-136.75,62.25,present in both
-136.75,62.75,present in both
-136.75,63.25,present in both
-136.75,63.75,present in both
-136.75,64.25,present in both
-136.75,64.75,present in both
-136.75,65.25,present in both
-136.75,65.75,present in both
-136.75,66.25,present in both
-136.75,66.75,present in both
-136.75,67.25,present in both
-136.75,67.75,present in both
-136.75,68.25,present in both
-136.75,68.75,present in both
-136.25,59.25,present in both
-136.25,59.75,present in both
-136.25,60.25,present in both
-136.25,60.75,present in both
-136.25,61.25,present in both
-136.25,61.75,present in both
-136.25,62.25,present in both
-136.25,62.75,present in both
-136.25,63.25,present in both
-136.25,63.75,present in both
-136.25,64.25,present in both
-136.25,64.75,present in both
-136.25,65.25,present in both
-136.25,65.75,present in both
-136.25,66.25,present in both
-136.25,66.75,present in both
-136.25,67.25,present in both
-136.25,67.75,present in both
-136.25,68.25,present in both
-136.25,68.75,present in both
-135.75,59.25,present in both
-135.75,59.75,present in both
-135.75,60.25,present in both
-135.75,60.75,present in both
-135.75,61.25,present in both
-135.75,61.75,present in both
-135.75,62.25,present in both
-135.75,62.75,present in both
-135.75,63.25,present in both
-135.75,63.75,present in both
-135.75,64.25,present in both
-135.75,64.75,present in both
-135.75,65.25,present in both
-135.75,65.75,present in both
-135.75,66.25,present in both
-135.75,66.75,present in both
-135.75,67.25,present in both
-135.75,67.75,present in both
-135.75,68.25,present in both
-135.75,68.75,present in both
-135.75,69.25,present in both
-135.25,57.25,present in both
-135.25,59.25,present in both
-135.25,59.75,present in both
-135.25,60.25,present in both
-135.25,60.75,present in both
-135.25,61.25,present in both
-135.25,61.75,present in both
-135.25,62.25,present in both
-135.25,62.75,present in both
-135.25,63.25,present in both
-135.25,63.75,present in both
-135.25,64.25,present in both
-135.25,64.75,present in both
-135.25,65.25,present in both
-135.25,65.75,present in both
-135.25,66.25,present in both
-135.25,66.75,present in both
-135.25,67.25,present in both
-135.25,67.75,present in both
-135.25,68.25,present in both
-135.25,68.75,present in both
-135.25,69.25,present in both
-134.75,56.75,present in both
-134.75,58.75,present in both
-134.75,59.25,present in both
-134.75,59.75,present in both
-134.75,60.25,present in both
-134.75,60.75,present in both
-134.75,61.25,present in both
-134.75,61.75,present in both
-134.75,62.25,present in both
-134.75,62.75,present in both
-134.75,63.25,present in both
-134.75,63.75,present in both
-134.75,64.25,present in both
-134.75,64.75,present in both
-134.75,65.25,present in both
-134.75,65.75,present in both
-134.75,66.25,present in both
-134.75,66.75,present in both
-134.75,67.25,present in both
-134.75,67.75,present in both
-134.75,68.25,present in both
-134.75,68.75,present in both
-134.75,69.25,present in both
-134.25,58.75,present in both
-134.25,59.25,present in both
-134.25,59.75,present in both
-134.25,60.25,present in both
-134.25,60.75,present in both
-134.25,61.25,present in both
-134.25,61.75,present in both
-134.25,62.25,present in both
-134.25,62.75,present in both
-134.25,63.25,present in both
-134.25,63.75,present in both
-134.25,64.25,present in both
-134.25,64.75,present in both
-134.25,65.25,present in both
-134.25,65.75,present in both
-134.25,66.25,present in both
-134.25,66.75,present in both
-134.25,67.25,present in both
-134.25,67.75,present in both
-134.25,68.25,present in both
-134.25,68.75,present in both
-134.25,69.25,present in both
-133.75,59.25,present in both
-133.75,59.75,present in both
-133.75,60.25,present in both
-133.75,60.75,present in both
-133.75,61.25,present in both
-133.75,61.75,present in both
-133.75,62.25,present in both
-133.75,62.75,present in both
-133.75,63.25,present in both
-133.75,63.75,present in both
-133.75,64.25,present in both
-133.75,64.75,present in both
-133.75,65.25,present in both
-133.75,65.75,present in both
-133.75,66.25,present in both
-133.75,66.75,present in both
-133.75,67.25,present in both
-133.75,67.75,present in both
-133.75,68.25,present in both
-133.75,68.75,present in both
-133.75,69.25,present in both
-133.25,57.75,present in both
-133.25,59.25,present in both
-133.25,59.75,present in both
-133.25,60.25,present in both
-133.25,60.75,present in both
-133.25,61.25,present in both
-133.25,61.75,present in both
-133.25,62.25,present in both
-133.25,62.75,present in both
-133.25,63.25,present in both
-133.25,63.75,present in both
-133.25,64.25,present in both
-133.25,64.75,present in both
-133.25,65.25,present in both
-133.25,65.75,present in both
-133.25,66.25,present in both
-133.25,66.75,present in both
-133.25,67.25,present in both
-133.25,67.75,present in both
-133.25,68.25,present in both
-133.25,68.75,present in both
-133.25,69.25,present in both
-132.75,58.25,present in both
-132.75,58.75,present in both
-132.75,59.25,present in both
-132.75,59.75,present in both
-132.75,60.25,present in both
-132.75,60.75,present in both
-132.75,61.25,present in both
-132.75,61.75,present in both
-132.75,62.25,present in both
-132.75,62.75,present in both
-132.75,63.25,present in both
-132.75,63.75,present in both
-132.75,64.25,present in both
-132.75,64.75,present in both
-132.75,65.25,present in both
-132.75,65.75,present in both
-132.75,66.25,present in both
-132.75,66.75,present in both
-132.75,67.25,present in both
-132.75,67.75,present in both
-132.75,68.25,present in both
-132.75,68.75,present in both
-132.75,69.25,present in both
-132.25,56.75,present in both
-132.25,58.25,present in both
-132.25,58.75,present in both
-132.25,59.25,present in both
-132.25,59.75,present in both
-132.25,60.25,present in both
-132.25,60.75,present in both
-132.25,61.25,present in both
-132.25,61.75,present in both
-132.25,62.25,present in both
-132.25,62.75,present in both
-132.25,63.25,present in both
-132.25,63.75,present in both
-132.25,64.25,present in both
-132.25,64.75,present in both
-132.25,65.25,present in both
-132.25,65.75,present in both
-132.25,66.25,present in both
-132.25,66.75,present in both
-132.25,67.25,present in both
-132.25,67.75,present in both
-132.25,68.25,present in both
-132.25,68.75,present in both
-132.25,69.25,present in both
-131.75,56.75,present in both
-131.75,57.25,present in both
-131.75,57.75,present in both
-131.75,58.25,present in both
-131.75,58.75,present in both
-131.75,59.25,present in both
-131.75,59.75,present in both
-131.75,60.25,present in both
-131.75,60.75,present in both
-131.75,61.25,present in both
-131.75,61.75,present in both
-131.75,62.25,present in both
-131.75,62.75,present in both
-131.75,63.25,present in both
-131.75,63.75,present in both
-131.75,64.25,present in both
-131.75,64.75,present in both
-131.75,65.25,present in both
-131.75,65.75,present in both
-131.75,66.25,present in both
-131.75,66.75,present in both
-131.75,67.25,present in both
-131.75,67.75,present in both
-131.75,68.25,present in both
-131.75,68.75,present in both
-131.75,69.25,present in both
-131.75,69.75,present in both
-131.25,55.75,present in both
-131.25,56.75,present in both
-131.25,57.25,present in both
-131.25,57.75,present in both
-131.25,58.25,present in both
-131.25,58.75,present in both
-131.25,59.25,present in both
-131.25,59.75,present in both
-131.25,60.25,present in both
-131.25,60.75,present in both
-131.25,61.25,present in both
-131.25,61.75,present in both
-131.25,62.25,present in both
-131.25,62.75,present in both
-131.25,63.25,present in both
-131.25,63.75,present in both
-131.25,64.25,present in both
-131.25,64.75,present in both
-131.25,65.25,present in both
-131.25,65.75,present in both
-131.25,66.25,present in both
-131.25,66.75,present in both
-131.25,67.25,present in both
-131.25,67.75,present in both
-131.25,68.25,present in both
-131.25,68.75,present in both
-131.25,69.25,present in both
-131.25,69.75,present in both
-130.75,56.25,present in both
-130.75,57.25,present in both
-130.75,57.75,present in both
-130.75,58.25,present in both
-130.75,58.75,present in both
-130.75,59.25,present in both
-130.75,59.75,present in both
-130.75,60.25,present in both
-130.75,60.75,present in both
-130.75,61.25,present in both
-130.75,61.75,present in both
-130.75,62.25,present in both
-130.75,62.75,present in both
-130.75,63.25,present in both
-130.75,63.75,present in both
-130.75,64.25,present in both
-130.75,64.75,present in both
-130.75,65.25,present in both
-130.75,65.75,present in both
-130.75,66.25,present in both
-130.75,66.75,present in both
-130.75,67.25,present in both
-130.75,67.75,present in both
-130.75,68.25,present in both
-130.75,68.75,present in both
-130.75,69.25,present in both
-130.75,69.75,present in both
-130.25,55.25,present in both
-130.25,55.75,present in both
-130.25,56.25,present in both
-130.25,57.25,present in both
-130.25,57.75,present in both
-130.25,58.25,present in both
-130.25,58.75,present in both
-130.25,59.25,present in both
-130.25,59.75,present in both
-130.25,60.25,present in both
-130.25,60.75,present in both
-130.25,61.25,present in both
-130.25,61.75,present in both
-130.25,62.25,present in both
-130.25,62.75,present in both
-130.25,63.25,present in both
-130.25,63.75,present in both
-130.25,64.25,present in both
-130.25,64.75,present in both
-130.25,65.25,present in both
-130.25,65.75,present in both
-130.25,66.25,present in both
-130.25,66.75,present in both
-130.25,67.25,present in both
-130.25,67.75,present in both
-130.25,68.25,present in both
-130.25,68.75,present in both
-130.25,69.25,present in both
-129.75,55.25,present in both
-129.75,55.75,present in both
-129.75,56.25,present in both
-129.75,57.75,present in both
-129.75,58.25,present in both
-129.75,58.75,present in both
-129.75,59.25,present in both
-129.75,59.75,present in both
-129.75,60.25,present in both
-129.75,60.75,present in both
-129.75,61.25,present in both
-129.75,61.75,present in both
-129.75,62.25,present in both
-129.75,62.75,present in both
-129.75,63.25,present in both
-129.75,63.75,present in both
-129.75,64.25,present in both
-129.75,64.75,present in both
-129.75,65.25,present in both
-129.75,65.75,present in both
-129.75,66.25,present in both
-129.75,66.75,present in both
-129.75,67.25,present in both
-129.75,67.75,present in both
-129.75,68.25,present in both
-129.75,68.75,present in both
-129.75,69.25,present in both
-129.75,69.75,present in both
-129.25,55.25,present in both
-129.25,55.75,present in both
-129.25,57.25,present in both
-129.25,57.75,present in both
-129.25,58.25,present in both
-129.25,58.75,present in both
-129.25,59.25,present in both
-129.25,59.75,present in both
-129.25,60.25,present in both
-129.25,60.75,present in both
-129.25,61.25,present in both
-129.25,61.75,present in both
-129.25,62.25,present in both
-129.25,62.75,present in both
-129.25,63.25,present in both
-129.25,63.75,present in both
-129.25,64.25,present in both
-129.25,64.75,present in both
-129.25,65.25,present in both
-129.25,65.75,present in both
-129.25,66.25,present in both
-129.25,66.75,present in both
-129.25,67.25,present in both
-129.25,67.75,present in both
-129.25,68.25,present in both
-129.25,68.75,present in both
-129.25,69.25,present in both
-129.25,69.75,present in both
-128.75,57.25,present in both
-128.75,57.75,present in both
-128.75,58.25,present in both
-128.75,58.75,present in both
-128.75,59.25,present in both
-128.75,59.75,present in both
-128.75,60.25,present in both
-128.75,60.75,present in both
-128.75,61.25,present in both
-128.75,61.75,present in both
-128.75,62.25,present in both
-128.75,62.75,present in both
-128.75,63.25,present in both
-128.75,63.75,present in both
-128.75,64.25,present in both
-128.75,64.75,present in both
-128.75,65.25,present in both
-128.75,65.75,present in both
-128.75,66.25,present in both
-128.75,66.75,present in both
-128.75,67.25,present in both
-128.75,67.75,present in both
-128.75,68.25,present in both
-128.75,68.75,present in both
-128.75,69.25,present in both
-128.75,69.75,present in both
-128.25,57.25,present in both
-128.25,57.75,present in both
-128.25,58.25,present in both
-128.25,58.75,present in both
-128.25,59.25,present in both
-128.25,59.75,present in both
-128.25,60.25,present in both
-128.25,60.75,present in both
-128.25,61.25,present in both
-128.25,61.75,present in both
-128.25,62.25,present in both
-128.25,62.75,present in both
-128.25,63.25,present in both
-128.25,63.75,present in both
-128.25,64.25,present in both
-128.25,64.75,present in both
-128.25,65.25,present in both
-128.25,65.75,present in both
-128.25,66.25,present in both
-128.25,66.75,present in both
-128.25,67.25,present in both
-128.25,67.75,present in both
-128.25,68.25,present in both
-128.25,68.75,present in both
-128.25,69.25,present in both
-128.25,69.75,present in both
-127.75,57.25,present in both
-127.75,57.75,present in both
-127.75,58.25,present in both
-127.75,58.75,present in both
-127.75,59.25,present in both
-127.75,59.75,present in both
-127.75,60.25,present in both
-127.75,60.75,present in both
-127.75,61.25,present in both
-127.75,61.75,present in both
-127.75,62.25,present in both
-127.75,62.75,present in both
-127.75,63.25,present in both
-127.75,63.75,present in both
-127.75,64.25,present in both
-127.75,64.75,present in both
-127.75,65.25,present in both
-127.75,65.75,present in both
-127.75,66.25,present in both
-127.75,66.75,present in both
-127.75,67.25,present in both
-127.75,67.75,present in both
-127.75,68.25,present in both
-127.75,68.75,present in both
-127.75,69.25,present in both
-127.75,69.75,present in both
-127.25,56.75,present in both
-127.25,57.25,present in both
-127.25,57.75,present in both
-127.25,58.25,present in both
-127.25,58.75,present in both
-127.25,59.25,present in both
-127.25,59.75,present in both
-127.25,60.25,present in both
-127.25,60.75,present in both
-127.25,61.25,present in both
-127.25,61.75,present in both
-127.25,62.25,present in both
-127.25,62.75,present in both
-127.25,63.25,present in both
-127.25,63.75,present in both
-127.25,64.25,present in both
-127.25,64.75,present in both
-127.25,65.25,present in both
-127.25,65.75,present in both
-127.25,66.25,present in both
-127.25,66.75,present in both
-127.25,67.25,present in both
-127.25,67.75,present in both
-127.25,68.25,present in both
-127.25,68.75,present in both
-127.25,69.25,present in both
-127.25,69.75,present in both
-127.25,70.25,present in both
-126.75,56.75,present in both
-126.75,57.25,present in both
-126.75,57.75,present in both
-126.75,58.25,present in both
-126.75,58.75,present in both
-126.75,59.25,present in both
-126.75,59.75,present in both
-126.75,60.25,present in both
-126.75,60.75,present in both
-126.75,61.25,present in both
-126.75,61.75,present in both
-126.75,62.25,present in both
-126.75,62.75,present in both
-126.75,63.25,present in both
-126.75,63.75,present in both
-126.75,64.25,present in both
-126.75,64.75,present in both
-126.75,65.25,present in both
-126.75,65.75,present in both
-126.75,66.25,present in both
-126.75,66.75,present in both
-126.75,67.25,present in both
-126.75,67.75,present in both
-126.75,68.25,present in both
-126.75,68.75,present in both
-126.75,69.25,present in both
-126.75,69.75,present in both
-126.25,52.25,present in both
-126.25,56.75,present in both
-126.25,57.25,present in both
-126.25,57.75,present in both
-126.25,58.25,present in both
-126.25,58.75,present in both
-126.25,59.25,present in both
-126.25,59.75,present in both
-126.25,60.25,present in both
-126.25,60.75,present in both
-126.25,61.25,present in both
-126.25,61.75,present in both
-126.25,62.25,present in both
-126.25,62.75,present in both
-126.25,63.25,present in both
-126.25,63.75,present in both
-126.25,64.25,present in both
-126.25,64.75,present in both
-126.25,65.25,present in both
-126.25,65.75,present in both
-126.25,66.25,present in both
-126.25,66.75,present in both
-126.25,67.25,present in both
-126.25,67.75,present in both
-126.25,68.25,present in both
-126.25,68.75,present in both
-126.25,69.25,present in both
-125.75,56.75,present in both
-125.75,57.25,present in both
-125.75,57.75,present in both
-125.75,58.25,present in both
-125.75,58.75,present in both
-125.75,59.25,present in both
-125.75,59.75,present in both
-125.75,60.25,present in both
-125.75,60.75,present in both
-125.75,61.25,present in both
-125.75,61.75,present in both
-125.75,62.25,present in both
-125.75,62.75,present in both
-125.75,63.25,present in both
-125.75,63.75,present in both
-125.75,64.25,present in both
-125.75,64.75,present in both
-125.75,65.25,present in both
-125.75,65.75,present in both
-125.75,66.25,present in both
-125.75,66.75,present in both
-125.75,67.25,present in both
-125.75,67.75,present in both
-125.75,68.25,present in both
-125.75,68.75,present in both
-125.75,69.25,present in both
-125.25,56.75,present in both
-125.25,57.25,present in both
-125.25,57.75,present in both
-125.25,58.25,present in both
-125.25,58.75,present in both
-125.25,59.25,present in both
-125.25,59.75,present in both
-125.25,60.25,present in both
-125.25,60.75,present in both
-125.25,61.25,present in both
-125.25,61.75,present in both
-125.25,62.25,present in both
-125.25,62.75,present in both
-125.25,63.25,present in both
-125.25,63.75,present in both
-125.25,64.25,present in both
-125.25,64.75,present in both
-125.25,65.25,present in both
-125.25,65.75,present in both
-125.25,66.25,present in both
-125.25,66.75,present in both
-125.25,67.25,present in both
-125.25,67.75,present in both
-125.25,68.25,present in both
-125.25,68.75,present in both
-125.25,69.25,present in both
-125.25,72.25,present in both
-124.75,56.75,present in both
-124.75,57.25,present in both
-124.75,57.75,present in both
-124.75,58.25,present in both
-124.75,58.75,present in both
-124.75,59.25,present in both
-124.75,59.75,present in both
-124.75,60.25,present in both
-124.75,60.75,present in both
-124.75,61.25,present in both
-124.75,61.75,present in both
-124.75,62.25,present in both
-124.75,62.75,present in both
-124.75,63.25,present in both
-124.75,63.75,present in both
-124.75,64.25,present in both
-124.75,64.75,present in both
-124.75,65.25,present in both
-124.75,65.75,present in both
-124.75,66.25,present in both
-124.75,66.75,present in both
-124.75,67.25,present in both
-124.75,67.75,present in both
-124.75,68.25,present in both
-124.75,68.75,present in both
-124.75,69.25,present in both
-124.75,69.75,present in both
-124.75,72.25,present in both
-124.75,72.75,present in both
-124.25,50.75,present in both
-124.25,57.25,present in both
-124.25,57.75,present in both
-124.25,58.25,present in both
-124.25,58.75,present in both
-124.25,59.25,present in both
-124.25,59.75,present in both
-124.25,60.25,present in both
-124.25,60.75,present in both
-124.25,61.25,present in both
-124.25,61.75,present in both
-124.25,62.25,present in both
-124.25,62.75,present in both
-124.25,63.25,present in both
-124.25,63.75,present in both
-124.25,64.25,present in both
-124.25,64.75,present in both
-124.25,65.25,present in both
-124.25,65.75,present in both
-124.25,66.25,present in both
-124.25,66.75,present in both
-124.25,67.25,present in both
-124.25,67.75,present in both
-124.25,68.25,present in both
-124.25,68.75,present in both
-124.25,69.25,present in both
-124.25,71.75,present in both
-124.25,72.25,present in both
-124.25,72.75,present in both
-124.25,73.25,present in both
-124.25,74.25,present in both
-123.75,57.25,present in both
-123.75,57.75,present in both
-123.75,58.25,present in both
-123.75,58.75,present in both
-123.75,59.25,present in both
-123.75,59.75,present in both
-123.75,60.25,present in both
-123.75,60.75,present in both
-123.75,61.25,present in both
-123.75,61.75,present in both
-123.75,62.25,present in both
-123.75,62.75,present in both
-123.75,63.25,present in both
-123.75,63.75,present in both
-123.75,64.25,present in both
-123.75,64.75,present in both
-123.75,65.25,present in both
-123.75,65.75,present in both
-123.75,66.25,present in both
-123.75,66.75,present in both
-123.75,67.25,present in both
-123.75,67.75,present in both
-123.75,68.25,present in both
-123.75,68.75,present in both
-123.75,69.25,present in both
-123.75,71.75,present in both
-123.75,72.25,present in both
-123.75,72.75,present in both
-123.75,73.25,present in both
-123.75,73.75,present in both
-123.75,74.25,present in both
-123.25,57.25,present in both
-123.25,57.75,present in both
-123.25,58.25,present in both
-123.25,58.75,present in both
-123.25,59.25,present in both
-123.25,59.75,present in both
-123.25,60.25,present in both
-123.25,60.75,present in both
-123.25,61.25,present in both
-123.25,61.75,present in both
-123.25,62.25,present in both
-123.25,62.75,present in both
-123.25,63.25,present in both
-123.25,63.75,present in both
-123.25,64.25,present in both
-123.25,64.75,present in both
-123.25,65.25,present in both
-123.25,65.75,present in both
-123.25,66.25,present in both
-123.25,66.75,present in both
-123.25,67.25,present in both
-123.25,67.75,present in both
-123.25,68.25,present in both
-123.25,68.75,present in both
-123.25,69.25,present in both
-123.25,71.25,present in both
-123.25,71.75,present in both
-123.25,72.25,present in both
-123.25,72.75,present in both
-123.25,73.25,present in both
-123.25,73.75,present in both
-123.25,74.25,present in both
-122.75,57.25,present in both
-122.75,57.75,present in both
-122.75,58.25,present in both
-122.75,58.75,present in both
-122.75,59.25,present in both
-122.75,59.75,present in both
-122.75,60.25,present in both
-122.75,60.75,present in both
-122.75,61.25,present in both
-122.75,61.75,present in both
-122.75,62.25,present in both
-122.75,62.75,present in both
-122.75,63.25,present in both
-122.75,63.75,present in both
-122.75,64.25,present in both
-122.75,64.75,present in both
-122.75,65.75,present in both
-122.75,66.25,present in both
-122.75,66.75,present in both
-122.75,67.25,present in both
-122.75,67.75,present in both
-122.75,68.25,present in both
-122.75,68.75,present in both
-122.75,69.25,present in both
-122.75,69.75,present in both
-122.75,71.25,present in both
-122.75,71.75,present in both
-122.75,72.25,present in both
-122.75,72.75,present in both
-122.75,73.25,present in both
-122.75,73.75,present in both
-122.75,74.25,present in both
-122.25,57.25,present in both
-122.25,57.75,present in both
-122.25,58.25,present in both
-122.25,58.75,present in both
-122.25,59.25,present in both
-122.25,59.75,present in both
-122.25,60.25,present in both
-122.25,60.75,present in both
-122.25,61.25,present in both
-122.25,61.75,present in both
-122.25,62.25,present in both
-122.25,62.75,present in both
-122.25,63.25,present in both
-122.25,63.75,present in both
-122.25,64.25,present in both
-122.25,64.75,present in both
-122.25,66.25,present in both
-122.25,66.75,present in both
-122.25,67.25,present in both
-122.25,67.75,present in both
-122.25,68.25,present in both
-122.25,68.75,present in both
-122.25,69.25,present in both
-122.25,69.75,present in both
-122.25,71.25,present in both
-122.25,71.75,present in both
-122.25,72.25,present in both
-122.25,72.75,present in both
-122.25,73.25,present in both
-122.25,73.75,present in both
-122.25,74.25,present in both
-122.25,76.25,present in both
-121.75,55.75,present in both
-121.75,57.75,present in both
-121.75,58.25,present in both
-121.75,58.75,present in both
-121.75,59.25,present in both
-121.75,59.75,present in both
-121.75,60.25,present in both
-121.75,60.75,present in both
-121.75,61.25,present in both
-121.75,61.75,present in both
-121.75,62.25,present in both
-121.75,62.75,present in both
-121.75,63.25,present in both
-121.75,63.75,present in both
-121.75,64.25,present in both
-121.75,64.75,present in both
-121.75,66.25,present in both
-121.75,66.75,present in both
-121.75,67.25,present in both
-121.75,67.75,present in both
-121.75,68.25,present in both
-121.75,68.75,present in both
-121.75,69.25,present in both
-121.75,69.75,present in both
-121.75,71.75,present in both
-121.75,72.25,present in both
-121.75,72.75,present in both
-121.75,73.25,present in both
-121.75,73.75,present in both
-121.75,74.25,present in both
-121.25,55.75,present in both
-121.25,56.25,present in both
-121.25,57.75,present in both
-121.25,58.25,present in both
-121.25,58.75,present in both
-121.25,59.25,present in both
-121.25,59.75,present in both
-121.25,60.25,present in both
-121.25,60.75,present in both
-121.25,61.25,present in both
-121.25,61.75,present in both
-121.25,62.25,present in both
-121.25,62.75,present in both
-121.25,63.25,present in both
-121.25,63.75,present in both
-121.25,64.25,present in both
-121.25,64.75,present in both
-121.25,65.25,present in both
-121.25,66.75,present in both
-121.25,67.25,present in both
-121.25,67.75,present in both
-121.25,68.25,present in both
-121.25,68.75,present in both
-121.25,69.25,present in both
-121.25,71.75,present in both
-121.25,72.25,present in both
-121.25,72.75,present in both
-121.25,73.25,present in both
-121.25,73.75,present in both
-121.25,74.25,present in both
-120.75,56.25,present in both
-120.75,56.75,present in both
-120.75,58.25,present in both
-120.75,58.75,present in both
-120.75,59.25,present in both
-120.75,59.75,present in both
-120.75,60.25,present in both
-120.75,60.75,present in both
-120.75,61.25,present in both
-120.75,61.75,present in both
-120.75,62.25,present in both
-120.75,62.75,present in both
-120.75,63.25,present in both
-120.75,63.75,present in both
-120.75,64.25,present in both
-120.75,64.75,present in both
-120.75,65.25,present in both
-120.75,67.25,present in both
-120.75,67.75,present in both
-120.75,68.25,present in both
-120.75,68.75,present in both
-120.75,69.25,present in both
-120.75,71.75,present in both
-120.75,72.25,present in both
-120.75,72.75,present in both
-120.75,73.25,present in both
-120.75,73.75,present in both
-120.75,74.25,present in both
-120.75,76.25,present in both
-120.25,55.75,present in both
-120.25,56.25,present in both
-120.25,58.25,present in both
-120.25,58.75,present in both
-120.25,59.25,present in both
-120.25,59.75,present in both
-120.25,60.25,present in both
-120.25,60.75,present in both
-120.25,61.25,present in both
-120.25,61.75,present in both
-120.25,62.25,present in both
-120.25,62.75,present in both
-120.25,63.25,present in both
-120.25,63.75,present in both
-120.25,64.25,present in both
-120.25,64.75,present in both
-120.25,65.25,present in both
-120.25,67.25,present in both
-120.25,67.75,present in both
-120.25,68.25,present in both
-120.25,68.75,present in both
-120.25,69.25,present in both
-120.25,72.25,present in both
-120.25,72.75,present in both
-120.25,73.25,present in both
-120.25,73.75,present in both
-120.25,74.25,present in both
-120.25,76.25,present in both
-120.25,76.75,present in both
-119.75,55.25,present in both
-119.75,56.25,present in both
-119.75,58.25,present in both
-119.75,58.75,present in both
-119.75,59.25,present in both
-119.75,59.75,present in both
-119.75,60.25,present in both
-119.75,60.75,present in both
-119.75,61.25,present in both
-119.75,61.75,present in both
-119.75,62.25,present in both
-119.75,62.75,present in both
-119.75,63.25,present in both
-119.75,63.75,present in both
-119.75,64.25,present in both
-119.75,64.75,present in both
-119.75,65.25,present in both
-119.75,65.75,present in both
-119.75,66.75,present in both
-119.75,67.25,present in both
-119.75,67.75,present in both
-119.75,68.25,present in both
-119.75,68.75,present in both
-119.75,69.25,present in both
-119.75,72.75,present in both
-119.75,73.25,present in both
-119.75,73.75,present in both
-119.75,76.25,present in both
-119.75,76.75,present in both
-119.25,55.25,present in both
-119.25,55.75,present in both
-119.25,56.25,present in both
-119.25,58.25,present in both
-119.25,58.75,present in both
-119.25,59.25,present in both
-119.25,59.75,present in both
-119.25,60.25,present in both
-119.25,60.75,present in both
-119.25,61.25,present in both
-119.25,61.75,present in both
-119.25,62.25,present in both
-119.25,62.75,present in both
-119.25,63.25,present in both
-119.25,63.75,present in both
-119.25,64.25,present in both
-119.25,64.75,present in both
-119.25,65.25,present in both
-119.25,65.75,present in both
-119.25,66.75,present in both
-119.25,67.25,present in both
-119.25,67.75,present in both
-119.25,68.25,present in both
-119.25,68.75,present in both
-119.25,69.25,present in both
-119.25,72.75,present in both
-119.25,73.25,present in both
-119.25,73.75,present in both
-119.25,76.25,present in both
-119.25,76.75,present in both
-118.75,54.75,present in both
-118.75,55.25,present in both
-118.75,55.75,present in both
-118.75,56.25,present in both
-118.75,57.75,present in both
-118.75,58.25,present in both
-118.75,58.75,present in both
-118.75,59.25,present in both
-118.75,59.75,present in both
-118.75,60.25,present in both
-118.75,60.75,present in both
-118.75,61.25,present in both
-118.75,61.75,present in both
-118.75,62.25,present in both
-118.75,62.75,present in both
-118.75,63.25,present in both
-118.75,63.75,present in both
-118.75,64.25,present in both
-118.75,64.75,present in both
-118.75,65.25,present in both
-118.75,65.75,present in both
-118.75,66.75,present in both
-118.75,67.25,present in both
-118.75,67.75,present in both
-118.75,68.25,present in both
-118.75,68.75,present in both
-118.75,71.75,present in both
-118.75,72.75,present in both
-118.75,73.25,present in both
-118.75,73.75,present in both
-118.75,75.75,present in both
-118.75,76.75,present in both
-118.75,77.25,present in both
-118.25,54.75,present in both
-118.25,55.25,present in both
-118.25,55.75,present in both
-118.25,56.25,present in both
-118.25,58.25,present in both
-118.25,58.75,present in both
-118.25,59.25,present in both
-118.25,59.75,present in both
-118.25,60.25,present in both
-118.25,60.75,present in both
-118.25,61.25,present in both
-118.25,61.75,present in both
-118.25,62.25,present in both
-118.25,62.75,present in both
-118.25,63.25,present in both
-118.25,63.75,present in both
-118.25,64.25,present in both
-118.25,64.75,present in both
-118.25,65.25,present in both
-118.25,65.75,present in both
-118.25,66.75,present in both
-118.25,67.25,present in both
-118.25,67.75,present in both
-118.25,68.25,present in both
-118.25,68.75,present in both
-118.25,71.75,present in both
-118.25,73.25,present in both
-118.25,73.75,present in both
-118.25,74.25,present in both
-118.25,75.75,present in both
-118.25,77.25,present in both
-117.75,54.75,present in both
-117.75,55.25,present in both
-117.75,55.75,present in both
-117.75,56.25,present in both
-117.75,56.75,present in both
-117.75,57.75,present in both
-117.75,58.25,present in both
-117.75,58.75,present in both
-117.75,59.25,present in both
-117.75,59.75,present in both
-117.75,60.25,present in both
-117.75,60.75,present in both
-117.75,61.25,present in both
-117.75,61.75,present in both
-117.75,62.25,present in both
-117.75,62.75,present in both
-117.75,63.25,present in both
-117.75,63.75,present in both
-117.75,64.25,present in both
-117.75,64.75,present in both
-117.75,65.25,present in both
-117.75,65.75,present in both
-117.75,66.25,present in both
-117.75,66.75,present in both
-117.75,67.25,present in both
-117.75,67.75,present in both
-117.75,68.25,present in both
-117.75,68.75,present in both
-117.75,70.75,present in both
-117.75,71.75,present in both
-117.75,72.25,present in both
-117.75,73.25,present in both
-117.75,73.75,present in both
-117.75,74.25,present in both
-117.75,77.25,present in both
-117.25,54.75,present in both
-117.25,55.25,present in both
-117.25,55.75,present in both
-117.25,56.25,present in both
-117.25,56.75,present in both
-117.25,57.25,present in both
-117.25,57.75,present in both
-117.25,58.25,present in both
-117.25,58.75,present in both
-117.25,59.25,present in both
-117.25,59.75,present in both
-117.25,60.25,present in both
-117.25,60.75,present in both
-117.25,61.25,present in both
-117.25,61.75,present in both
-117.25,62.25,present in both
-117.25,62.75,present in both
-117.25,63.25,present in both
-117.25,63.75,present in both
-117.25,64.25,present in both
-117.25,64.75,present in both
-117.25,65.25,present in both
-117.25,65.75,present in both
-117.25,66.25,present in both
-117.25,66.75,present in both
-117.25,67.25,present in both
-117.25,67.75,present in both
-117.25,68.25,present in both
-117.25,68.75,present in both
-117.25,70.75,present in both
-117.25,71.75,present in both
-117.25,72.25,present in both
-117.25,72.75,present in both
-117.25,73.25,present in both
-117.25,73.75,present in both
-117.25,75.25,present in both
-117.25,76.75,present in both
-117.25,77.25,present in both
-116.75,54.75,present in both
-116.75,55.25,present in both
-116.75,55.75,present in both
-116.75,56.25,present in both
-116.75,56.75,present in both
-116.75,57.25,present in both
-116.75,57.75,present in both
-116.75,58.25,present in both
-116.75,58.75,present in both
-116.75,59.25,present in both
-116.75,59.75,present in both
-116.75,60.25,present in both
-116.75,60.75,present in both
-116.75,61.25,present in both
-116.75,61.75,present in both
-116.75,62.25,present in both
-116.75,62.75,present in both
-116.75,63.25,present in both
-116.75,63.75,present in both
-116.75,64.25,present in both
-116.75,64.75,present in both
-116.75,65.25,present in both
-116.75,65.75,present in both
-116.75,66.25,present in both
-116.75,66.75,present in both
-116.75,67.25,present in both
-116.75,67.75,present in both
-116.75,68.25,present in both
-116.75,68.75,present in both
-116.75,69.75,present in both
-116.75,70.75,present in both
-116.75,71.25,present in both
-116.75,71.75,present in both
-116.75,72.25,present in both
-116.75,72.75,present in both
-116.75,73.25,present in both
-116.75,73.75,present in both
-116.75,75.25,present in both
-116.75,75.75,present in both
-116.75,76.75,present in both
-116.75,77.25,present in both
-116.25,54.25,present in both
-116.25,54.75,present in both
-116.25,55.25,present in both
-116.25,55.75,present in both
-116.25,56.25,present in both
-116.25,56.75,present in both
-116.25,57.25,present in both
-116.25,57.75,present in both
-116.25,58.25,present in both
-116.25,58.75,present in both
-116.25,59.25,present in both
-116.25,59.75,present in both
-116.25,60.25,present in both
-116.25,60.75,present in both
-116.25,61.25,present in both
-116.25,61.75,present in both
-116.25,62.25,present in both
-116.25,62.75,present in both
-116.25,63.25,present in both
-116.25,63.75,present in both
-116.25,64.25,present in both
-116.25,64.75,present in both
-116.25,65.25,present in both
-116.25,65.75,present in both
-116.25,66.25,present in both
-116.25,66.75,present in both
-116.25,67.25,present in both
-116.25,67.75,present in both
-116.25,68.25,present in both
-116.25,68.75,present in both
-116.25,69.75,present in both
-116.25,70.75,present in both
-116.25,71.25,present in both
-116.25,71.75,present in both
-116.25,72.25,present in both
-116.25,72.75,present in both
-116.25,73.75,present in both
-116.25,75.25,present in both
-116.25,75.75,present in both
-116.25,76.75,present in both
-116.25,77.25,present in both
-115.75,55.75,present in both
-115.75,56.25,present in both
-115.75,56.75,present in both
-115.75,57.25,present in both
-115.75,57.75,present in both
-115.75,58.25,present in both
-115.75,58.75,present in both
-115.75,59.25,present in both
-115.75,59.75,present in both
-115.75,60.25,present in both
-115.75,60.75,present in both
-115.75,61.75,present in both
-115.75,62.25,present in both
-115.75,62.75,present in both
-115.75,63.25,present in both
-115.75,63.75,present in both
-115.75,64.25,present in both
-115.75,64.75,present in both
-115.75,65.25,present in both
-115.75,65.75,present in both
-115.75,66.25,present in both
-115.75,66.75,present in both
-115.75,67.25,present in both
-115.75,67.75,present in both
-115.75,68.25,present in both
-115.75,68.75,present in both
-115.75,69.75,present in both
-115.75,70.75,present in both
-115.75,71.25,present in both
-115.75,71.75,present in both
-115.75,72.25,present in both
-115.75,72.75,present in both
-115.75,75.25,present in both
-115.75,75.75,present in both
-115.75,76.25,present in both
-115.25,53.75,present in both
-115.25,54.25,present in both
-115.25,55.75,present in both
-115.25,56.25,present in both
-115.25,56.75,present in both
-115.25,57.25,present in both
-115.25,57.75,present in both
-115.25,58.25,present in both
-115.25,58.75,present in both
-115.25,59.25,present in both
-115.25,59.75,present in both
-115.25,60.25,present in both
-115.25,60.75,present in both
-115.25,61.75,present in both
-115.25,62.25,present in both
-115.25,62.75,present in both
-115.25,63.25,present in both
-115.25,63.75,present in both
-115.25,64.25,present in both
-115.25,64.75,present in both
-115.25,65.25,present in both
-115.25,65.75,present in both
-115.25,66.25,present in both
-115.25,66.75,present in both
-115.25,67.25,present in both
-115.25,67.75,present in both
-115.25,68.25,present in both
-115.25,68.75,present in both
-115.25,69.75,present in both
-115.25,70.25,present in both
-115.25,70.75,present in both
-115.25,71.25,present in both
-115.25,71.75,present in both
-115.25,72.25,present in both
-115.25,72.75,present in both
-115.25,73.25,present in both
-115.25,75.25,present in both
-115.25,75.75,present in both
-115.25,76.25,present in both
-114.75,51.75,present in both
-114.75,52.25,present in both
-114.75,53.25,present in both
-114.75,53.75,present in both
-114.75,54.25,present in both
-114.75,54.75,present in both
-114.75,55.25,present in both
-114.75,55.75,present in both
-114.75,56.25,present in both
-114.75,56.75,present in both
-114.75,57.25,present in both
-114.75,57.75,present in both
-114.75,58.25,present in both
-114.75,58.75,present in both
-114.75,59.25,present in both
-114.75,59.75,present in both
-114.75,60.25,present in both
-114.75,60.75,present in both
-114.75,62.75,present in both
-114.75,63.25,present in both
-114.75,63.75,present in both
-114.75,64.25,present in both
-114.75,64.75,present in both
-114.75,65.25,present in both
-114.75,65.75,present in both
-114.75,66.25,present in both
-114.75,66.75,present in both
-114.75,67.25,present in both
-114.75,67.75,present in both
-114.75,68.25,present in both
-114.75,69.75,present in both
-114.75,70.25,present in both
-114.75,70.75,present in both
-114.75,71.25,present in both
-114.75,71.75,present in both
-114.75,72.25,present in both
-114.75,72.75,present in both
-114.75,73.25,present in both
-114.75,75.25,present in both
-114.75,75.75,present in both
-114.75,76.25,present in both
-114.25,52.75,present in both
-114.25,53.25,present in both
-114.25,53.75,present in both
-114.25,54.25,present in both
-114.25,54.75,present in both
-114.25,55.25,present in both
-114.25,55.75,present in both
-114.25,56.25,present in both
-114.25,56.75,present in both
-114.25,57.25,present in both
-114.25,57.75,present in both
-114.25,58.25,present in both
-114.25,58.75,present in both
-114.25,59.25,present in both
-114.25,59.75,present in both
-114.25,60.25,present in both
-114.25,60.75,present in both
-114.25,62.75,present in both
-114.25,63.25,present in both
-114.25,63.75,present in both
-114.25,64.25,present in both
-114.25,64.75,present in both
-114.25,65.25,present in both
-114.25,65.75,present in both
-114.25,66.25,present in both
-114.25,66.75,present in both
-114.25,67.25,present in both
-114.25,68.25,present in both
-114.25,69.75,present in both
-114.25,70.25,present in both
-114.25,70.75,present in both
-114.25,71.25,present in both
-114.25,71.75,present in both
-114.25,72.25,present in both
-114.25,73.25,present in both
-114.25,75.25,present in both
-114.25,75.75,present in both
-114.25,76.25,present in both
-114.25,76.75,present in both
-114.25,77.75,present in both
-113.75,54.25,present in both
-113.75,54.75,present in both
-113.75,55.25,present in both
-113.75,55.75,present in both
-113.75,56.25,present in both
-113.75,56.75,present in both
-113.75,57.25,present in both
-113.75,57.75,present in both
-113.75,58.25,present in both
-113.75,58.75,present in both
-113.75,59.25,present in both
-113.75,59.75,present in both
-113.75,60.25,present in both
-113.75,60.75,present in both
-113.75,62.25,present in both
-113.75,62.75,present in both
-113.75,63.25,present in both
-113.75,63.75,present in both
-113.75,64.25,present in both
-113.75,64.75,present in both
-113.75,65.25,present in both
-113.75,65.75,present in both
-113.75,66.25,present in both
-113.75,66.75,present in both
-113.75,67.25,present in both
-113.75,69.25,present in both
-113.75,69.75,present in both
-113.75,70.25,present in both
-113.75,70.75,present in both
-113.75,71.25,present in both
-113.75,71.75,present in both
-113.75,72.25,present in both
-113.75,74.75,present in both
-113.75,75.25,present in both
-113.75,75.75,present in both
-113.25,54.25,present in both
-113.25,54.75,present in both
-113.25,55.25,present in both
-113.25,55.75,present in both
-113.25,56.25,present in both
-113.25,56.75,present in both
-113.25,57.25,present in both
-113.25,57.75,present in both
-113.25,58.25,present in both
-113.25,58.75,present in both
-113.25,59.25,present in both
-113.25,59.75,present in both
-113.25,60.25,present in both
-113.25,60.75,present in both
-113.25,61.25,present in both
-113.25,62.25,present in both
-113.25,62.75,present in both
-113.25,63.25,present in both
-113.25,63.75,present in both
-113.25,64.25,present in both
-113.25,64.75,present in both
-113.25,65.25,present in both
-113.25,65.75,present in both
-113.25,66.25,present in both
-113.25,66.75,present in both
-113.25,67.25,present in both
-113.25,68.75,present in both
-113.25,69.25,present in both
-113.25,69.75,present in both
-113.25,70.25,present in both
-113.25,70.75,present in both
-113.25,71.25,present in both
-113.25,71.75,present in both
-113.25,72.25,present in both
-113.25,72.75,present in both
-113.25,74.75,present in both
-113.25,75.25,present in both
-113.25,75.75,present in both
-113.25,76.25,present in both
-112.75,54.25,present in both
-112.75,54.75,present in both
-112.75,55.25,present in both
-112.75,55.75,present in both
-112.75,56.25,present in both
-112.75,56.75,present in both
-112.75,57.25,present in both
-112.75,57.75,present in both
-112.75,58.25,present in both
-112.75,58.75,present in both
-112.75,59.25,present in both
-112.75,59.75,present in both
-112.75,60.25,present in both
-112.75,60.75,present in both
-112.75,61.25,present in both
-112.75,61.75,present in both
-112.75,62.25,present in both
-112.75,62.75,present in both
-112.75,63.25,present in both
-112.75,63.75,present in both
-112.75,64.25,present in both
-112.75,64.75,present in both
-112.75,65.25,present in both
-112.75,65.75,present in both
-112.75,66.25,present in both
-112.75,66.75,present in both
-112.75,67.25,present in both
-112.75,68.75,present in both
-112.75,69.25,present in both
-112.75,69.75,present in both
-112.75,70.75,present in both
-112.75,71.25,present in both
-112.75,71.75,present in both
-112.75,72.25,present in both
-112.75,72.75,present in both
-112.75,74.75,present in both
-112.75,75.25,present in both
-112.75,75.75,present in both
-112.75,77.75,present in both
-112.25,54.25,present in both
-112.25,54.75,present in both
-112.25,55.25,present in both
-112.25,55.75,present in both
-112.25,56.25,present in both
-112.25,56.75,present in both
-112.25,57.25,present in both
-112.25,57.75,present in both
-112.25,58.25,present in both
-112.25,58.75,present in both
-112.25,59.25,present in both
-112.25,59.75,present in both
-112.25,60.25,present in both
-112.25,60.75,present in both
-112.25,61.25,present in both
-112.25,61.75,present in both
-112.25,62.25,present in both
-112.25,62.75,present in both
-112.25,63.25,present in both
-112.25,63.75,present in both
-112.25,64.25,present in both
-112.25,64.75,present in both
-112.25,65.25,present in both
-112.25,65.75,present in both
-112.25,66.25,present in both
-112.25,66.75,present in both
-112.25,67.25,present in both
-112.25,68.75,present in both
-112.25,69.25,present in both
-112.25,69.75,present in both
-112.25,70.25,present in both
-112.25,70.75,present in both
-112.25,71.25,present in both
-112.25,71.75,present in both
-112.25,72.25,present in both
-112.25,72.75,present in both
-112.25,74.75,present in both
-112.25,75.25,present in both
-112.25,75.75,present in both
-112.25,77.75,present in both
-111.75,54.25,present in both
-111.75,54.75,present in both
-111.75,55.25,present in both
-111.75,55.75,present in both
-111.75,56.25,present in both
-111.75,56.75,present in both
-111.75,57.25,present in both
-111.75,57.75,present in both
-111.75,58.25,present in both
-111.75,58.75,present in both
-111.75,59.25,present in both
-111.75,59.75,present in both
-111.75,60.25,present in both
-111.75,60.75,present in both
-111.75,61.25,present in both
-111.75,61.75,present in both
-111.75,62.25,present in both
-111.75,62.75,present in both
-111.75,63.25,present in both
-111.75,63.75,present in both
-111.75,64.25,present in both
-111.75,64.75,present in both
-111.75,65.25,present in both
-111.75,65.75,present in both
-111.75,66.25,present in both
-111.75,66.75,present in both
-111.75,67.25,present in both
-111.75,67.75,present in both
-111.75,68.75,present in both
-111.75,69.25,present in both
-111.75,69.75,present in both
-111.75,70.25,present in both
-111.75,70.75,present in both
-111.75,71.25,present in both
-111.75,71.75,present in both
-111.75,72.25,present in both
-111.75,72.75,present in both
-111.75,74.75,present in both
-111.75,75.25,present in both
-111.75,75.75,present in both
-111.75,77.75,present in both
-111.25,53.75,present in both
-111.25,54.25,present in both
-111.25,54.75,present in both
-111.25,55.25,present in both
-111.25,55.75,present in both
-111.25,56.25,present in both
-111.25,56.75,present in both
-111.25,57.25,present in both
-111.25,57.75,present in both
-111.25,58.25,present in both
-111.25,58.75,present in both
-111.25,59.25,present in both
-111.25,59.75,present in both
-111.25,60.25,present in both
-111.25,60.75,present in both
-111.25,61.25,present in both
-111.25,61.75,present in both
-111.25,62.25,present in both
-111.25,62.75,present in both
-111.25,63.25,present in both
-111.25,63.75,present in both
-111.25,64.25,present in both
-111.25,64.75,present in both
-111.25,65.25,present in both
-111.25,65.75,present in both
-111.25,66.25,present in both
-111.25,66.75,present in both
-111.25,67.25,present in both
-111.25,67.75,present in both
-111.25,68.75,present in both
-111.25,69.25,present in both
-111.25,69.75,present in both
-111.25,70.25,present in both
-111.25,70.75,present in both
-111.25,71.25,present in both
-111.25,71.75,present in both
-111.25,72.25,present in both
-111.25,74.75,present in both
-111.25,75.25,present in both
-111.25,77.75,present in both
-110.75,54.25,present in both
-110.75,54.75,present in both
-110.75,55.25,present in both
-110.75,55.75,present in both
-110.75,56.25,present in both
-110.75,56.75,present in both
-110.75,57.25,present in both
-110.75,57.75,present in both
-110.75,58.25,present in both
-110.75,58.75,present in both
-110.75,59.25,present in both
-110.75,59.75,present in both
-110.75,60.25,present in both
-110.75,60.75,present in both
-110.75,61.25,present in both
-110.75,61.75,present in both
-110.75,62.25,present in both
-110.75,62.75,present in both
-110.75,63.25,present in both
-110.75,63.75,present in both
-110.75,64.25,present in both
-110.75,64.75,present in both
-110.75,65.25,present in both
-110.75,65.75,present in both
-110.75,66.25,present in both
-110.75,66.75,present in both
-110.75,67.25,present in both
-110.75,67.75,present in both
-110.75,68.75,present in both
-110.75,69.25,present in both
-110.75,69.75,present in both
-110.75,70.25,present in both
-110.75,70.75,present in both
-110.75,71.25,present in both
-110.75,71.75,present in both
-110.75,72.25,present in both
-110.75,74.75,present in both
-110.75,75.25,present in both
-110.75,77.75,present in both
-110.25,53.75,present in both
-110.25,54.25,present in both
-110.25,54.75,present in both
-110.25,55.25,present in both
-110.25,55.75,present in both
-110.25,56.25,present in both
-110.25,56.75,present in both
-110.25,57.25,present in both
-110.25,57.75,present in both
-110.25,58.25,present in both
-110.25,58.75,present in both
-110.25,59.25,present in both
-110.25,59.75,present in both
-110.25,60.25,present in both
-110.25,60.75,present in both
-110.25,61.25,present in both
-110.25,61.75,present in both
-110.25,62.25,present in both
-110.25,62.75,present in both
-110.25,63.25,present in both
-110.25,63.75,present in both
-110.25,64.25,present in both
-110.25,64.75,present in both
-110.25,65.25,present in both
-110.25,65.75,present in both
-110.25,66.25,present in both
-110.25,66.75,present in both
-110.25,67.25,present in both
-110.25,67.75,present in both
-110.25,68.75,present in both
-110.25,69.25,present in both
-110.25,69.75,present in both
-110.25,70.25,present in both
-110.25,70.75,present in both
-110.25,71.25,present in both
-110.25,71.75,present in both
-110.25,72.25,present in both
-110.25,75.25,present in both
-110.25,77.75,present in both
-109.75,53.75,present in both
-109.75,54.25,present in both
-109.75,54.75,present in both
-109.75,55.25,present in both
-109.75,55.75,present in both
-109.75,56.25,present in both
-109.75,56.75,present in both
-109.75,57.25,present in both
-109.75,57.75,present in both
-109.75,58.25,present in both
-109.75,58.75,present in both
-109.75,59.75,present in both
-109.75,60.25,present in both
-109.75,60.75,present in both
-109.75,61.25,present in both
-109.75,61.75,present in both
-109.75,62.25,present in both
-109.75,62.75,present in both
-109.75,63.25,present in both
-109.75,63.75,present in both
-109.75,64.25,present in both
-109.75,64.75,present in both
-109.75,65.25,present in both
-109.75,65.75,present in both
-109.75,66.25,present in both
-109.75,66.75,present in both
-109.75,67.25,present in both
-109.75,67.75,present in both
-109.75,68.75,present in both
-109.75,69.25,present in both
-109.75,69.75,present in both
-109.75,70.25,present in both
-109.75,70.75,present in both
-109.75,71.25,present in both
-109.75,71.75,present in both
-109.75,72.25,present in both
-109.75,72.75,present in both
-109.75,75.25,present in both
-109.75,76.25,present in both
-109.25,53.75,present in both
-109.25,54.25,present in both
-109.25,54.75,present in both
-109.25,55.25,present in both
-109.25,55.75,present in both
-109.25,56.25,present in both
-109.25,56.75,present in both
-109.25,57.25,present in both
-109.25,57.75,present in both
-109.25,58.25,present in both
-109.25,58.75,present in both
-109.25,59.75,present in both
-109.25,60.25,present in both
-109.25,60.75,present in both
-109.25,61.25,present in both
-109.25,61.75,present in both
-109.25,62.25,present in both
-109.25,62.75,present in both
-109.25,63.25,present in both
-109.25,63.75,present in both
-109.25,64.25,present in both
-109.25,64.75,present in both
-109.25,65.25,present in both
-109.25,65.75,present in both
-109.25,66.25,present in both
-109.25,66.75,present in both
-109.25,67.25,present in both
-109.25,68.75,present in both
-109.25,69.25,present in both
-109.25,69.75,present in both
-109.25,70.25,present in both
-109.25,70.75,present in both
-109.25,71.25,present in both
-109.25,71.75,present in both
-109.25,72.25,present in both
-109.25,72.75,present in both
-109.25,75.25,present in both
-109.25,76.25,present in both
-109.25,76.75,present in both
-108.75,53.25,present in both
-108.75,53.75,present in both
-108.75,54.25,present in both
-108.75,54.75,present in both
-108.75,55.25,present in both
-108.75,55.75,present in both
-108.75,56.25,present in both
-108.75,56.75,present in both
-108.75,57.25,present in both
-108.75,57.75,present in both
-108.75,58.25,present in both
-108.75,58.75,present in both
-108.75,59.25,present in both
-108.75,59.75,present in both
-108.75,60.25,present in both
-108.75,60.75,present in both
-108.75,61.25,present in both
-108.75,61.75,present in both
-108.75,62.25,present in both
-108.75,62.75,present in both
-108.75,63.25,present in both
-108.75,63.75,present in both
-108.75,64.25,present in both
-108.75,64.75,present in both
-108.75,65.25,present in both
-108.75,65.75,present in both
-108.75,66.25,present in both
-108.75,66.75,present in both
-108.75,67.25,present in both
-108.75,69.25,present in both
-108.75,69.75,present in both
-108.75,70.25,present in both
-108.75,70.75,present in both
-108.75,71.25,present in both
-108.75,71.75,present in both
-108.75,72.25,present in both
-108.75,75.25,present in both
-108.75,75.75,present in both
-108.75,76.25,present in both
-108.75,76.75,present in both
-108.25,53.25,present in both
-108.25,53.75,present in both
-108.25,54.25,present in both
-108.25,54.75,present in both
-108.25,55.25,present in both
-108.25,55.75,present in both
-108.25,56.25,present in both
-108.25,56.75,present in both
-108.25,57.25,present in both
-108.25,57.75,present in both
-108.25,58.25,present in both
-108.25,58.75,present in both
-108.25,59.25,present in both
-108.25,59.75,present in both
-108.25,60.25,present in both
-108.25,60.75,present in both
-108.25,61.25,present in both
-108.25,61.75,present in both
-108.25,62.25,present in both
-108.25,62.75,present in both
-108.25,63.25,present in both
-108.25,63.75,present in both
-108.25,64.25,present in both
-108.25,64.75,present in both
-108.25,65.25,present in both
-108.25,65.75,present in both
-108.25,66.25,present in both
-108.25,66.75,present in both
-108.25,67.25,present in both
-108.25,68.25,present in both
-108.25,69.25,present in both
-108.25,69.75,present in both
-108.25,70.25,present in both
-108.25,70.75,present in both
-108.25,71.25,present in both
-108.25,71.75,present in both
-108.25,75.25,present in both
-108.25,75.75,present in both
-108.25,76.25,present in both
-107.75,53.25,present in both
-107.75,53.75,present in both
-107.75,54.25,present in both
-107.75,54.75,present in both
-107.75,55.25,present in both
-107.75,55.75,present in both
-107.75,56.25,present in both
-107.75,56.75,present in both
-107.75,57.25,present in both
-107.75,57.75,present in both
-107.75,58.25,present in both
-107.75,58.75,present in both
-107.75,59.25,present in both
-107.75,59.75,present in both
-107.75,60.25,present in both
-107.75,60.75,present in both
-107.75,61.25,present in both
-107.75,61.75,present in both
-107.75,62.25,present in both
-107.75,62.75,present in both
-107.75,63.25,present in both
-107.75,63.75,present in both
-107.75,64.25,present in both
-107.75,64.75,present in both
-107.75,65.25,present in both
-107.75,65.75,present in both
-107.75,66.25,present in both
-107.75,67.75,present in both
-107.75,69.25,present in both
-107.75,69.75,present in both
-107.75,70.25,present in both
-107.75,70.75,present in both
-107.75,71.25,present in both
-107.75,72.25,present in both
-107.75,72.75,present in both
-107.75,73.25,present in both
-107.75,75.25,present in both
-107.75,75.75,present in both
-107.25,53.25,present in both
-107.25,53.75,present in both
-107.25,54.25,present in both
-107.25,54.75,present in both
-107.25,55.25,present in both
-107.25,55.75,present in both
-107.25,56.25,present in both
-107.25,56.75,present in both
-107.25,57.25,present in both
-107.25,57.75,present in both
-107.25,58.25,present in both
-107.25,58.75,present in both
-107.25,59.25,present in both
-107.25,59.75,present in both
-107.25,60.25,present in both
-107.25,60.75,present in both
-107.25,61.25,present in both
-107.25,61.75,present in both
-107.25,62.25,present in both
-107.25,62.75,present in both
-107.25,63.25,present in both
-107.25,63.75,present in both
-107.25,64.25,present in both
-107.25,64.75,present in both
-107.25,65.25,present in both
-107.25,65.75,present in both
-107.25,66.25,present in both
-107.25,66.75,present in both
-107.25,67.25,present in both
-107.25,67.75,present in both
-107.25,69.25,present in both
-107.25,69.75,present in both
-107.25,70.25,present in both
-107.25,70.75,present in both
-107.25,71.25,present in both
-107.25,71.75,present in both
-107.25,72.25,present in both
-107.25,72.75,present in both
-107.25,75.25,present in both
-107.25,75.75,present in both
-106.75,53.25,present in both
-106.75,53.75,present in both
-106.75,54.25,present in both
-106.75,54.75,present in both
-106.75,55.25,present in both
-106.75,55.75,present in both
-106.75,56.25,present in both
-106.75,56.75,present in both
-106.75,57.25,present in both
-106.75,57.75,present in both
-106.75,58.25,present in both
-106.75,58.75,present in both
-106.75,59.25,present in both
-106.75,59.75,present in both
-106.75,60.25,present in both
-106.75,60.75,present in both
-106.75,61.25,present in both
-106.75,61.75,present in both
-106.75,62.25,present in both
-106.75,62.75,present in both
-106.75,63.25,present in both
-106.75,63.75,present in both
-106.75,64.25,present in both
-106.75,64.75,present in both
-106.75,65.25,present in both
-106.75,65.75,present in both
-106.75,66.25,present in both
-106.75,66.75,present in both
-106.75,67.25,present in both
-106.75,67.75,present in both
-106.75,68.75,present in both
-106.75,69.75,present in both
-106.75,70.25,present in both
-106.75,70.75,present in both
-106.75,71.25,present in both
-106.75,71.75,present in both
-106.75,72.25,present in both
-106.75,72.75,present in both
-106.75,73.25,present in both
-106.75,75.25,present in both
-106.75,75.75,present in both
-106.25,52.75,present in both
-106.25,53.25,present in both
-106.25,53.75,present in both
-106.25,54.25,present in both
-106.25,54.75,present in both
-106.25,55.25,present in both
-106.25,55.75,present in both
-106.25,56.25,present in both
-106.25,56.75,present in both
-106.25,57.25,present in both
-106.25,57.75,present in both
-106.25,58.25,present in both
-106.25,58.75,present in both
-106.25,59.25,present in both
-106.25,59.75,present in both
-106.25,60.25,present in both
-106.25,60.75,present in both
-106.25,61.25,present in both
-106.25,61.75,present in both
-106.25,62.25,present in both
-106.25,62.75,present in both
-106.25,63.25,present in both
-106.25,63.75,present in both
-106.25,64.25,present in both
-106.25,64.75,present in both
-106.25,65.25,present in both
-106.25,65.75,present in both
-106.25,66.25,present in both
-106.25,66.75,present in both
-106.25,67.25,present in both
-106.25,67.75,present in both
-106.25,68.25,present in both
-106.25,68.75,present in both
-106.25,69.25,present in both
-106.25,69.75,present in both
-106.25,70.25,present in both
-106.25,70.75,present in both
-106.25,71.25,present in both
-106.25,71.75,present in both
-106.25,72.25,present in both
-106.25,72.75,present in both
-106.25,75.25,present in both
-106.25,75.75,present in both
-105.75,52.75,present in both
-105.75,53.25,present in both
-105.75,53.75,present in both
-105.75,54.25,present in both
-105.75,54.75,present in both
-105.75,55.25,present in both
-105.75,55.75,present in both
-105.75,56.25,present in both
-105.75,56.75,present in both
-105.75,57.25,present in both
-105.75,57.75,present in both
-105.75,58.25,present in both
-105.75,58.75,present in both
-105.75,59.25,present in both
-105.75,59.75,present in both
-105.75,60.25,present in both
-105.75,60.75,present in both
-105.75,61.25,present in both
-105.75,61.75,present in both
-105.75,62.25,present in both
-105.75,62.75,present in both
-105.75,63.25,present in both
-105.75,63.75,present in both
-105.75,64.25,present in both
-105.75,64.75,present in both
-105.75,65.25,present in both
-105.75,65.75,present in both
-105.75,66.25,present in both
-105.75,66.75,present in both
-105.75,67.25,present in both
-105.75,67.75,present in both
-105.75,68.25,present in both
-105.75,68.75,present in both
-105.75,69.25,present in both
-105.75,69.75,present in both
-105.75,70.25,present in both
-105.75,70.75,present in both
-105.75,71.25,present in both
-105.75,71.75,present in both
-105.75,72.25,present in both
-105.75,72.75,present in both
-105.75,73.25,present in both
-105.75,75.75,present in both
-105.25,52.75,present in both
-105.25,53.25,present in both
-105.25,53.75,present in both
-105.25,54.25,present in both
-105.25,54.75,present in both
-105.25,55.25,present in both
-105.25,55.75,present in both
-105.25,56.25,present in both
-105.25,56.75,present in both
-105.25,57.25,present in both
-105.25,57.75,present in both
-105.25,58.25,present in both
-105.25,58.75,present in both
-105.25,59.25,present in both
-105.25,59.75,present in both
-105.25,60.25,present in both
-105.25,60.75,present in both
-105.25,61.25,present in both
-105.25,61.75,present in both
-105.25,62.25,present in both
-105.25,62.75,present in both
-105.25,63.25,present in both
-105.25,63.75,present in both
-105.25,64.25,present in both
-105.25,64.75,present in both
-105.25,65.25,present in both
-105.25,65.75,present in both
-105.25,66.25,present in both
-105.25,66.75,present in both
-105.25,67.25,present in both
-105.25,67.75,present in both
-105.25,68.25,present in both
-105.25,69.25,present in both
-105.25,69.75,present in both
-105.25,70.25,present in both
-105.25,70.75,present in both
-105.25,71.25,present in both
-105.25,71.75,present in both
-105.25,72.25,present in both
-105.25,73.25,present in both
-105.25,73.75,present in both
-105.25,77.25,present in both
-105.25,79.25,present in both
-104.75,52.75,present in both
-104.75,53.25,present in both
-104.75,53.75,present in both
-104.75,54.25,present in both
-104.75,54.75,present in both
-104.75,55.25,present in both
-104.75,55.75,present in both
-104.75,56.25,present in both
-104.75,56.75,present in both
-104.75,57.25,present in both
-104.75,57.75,present in both
-104.75,58.25,present in both
-104.75,58.75,present in both
-104.75,59.25,present in both
-104.75,59.75,present in both
-104.75,60.25,present in both
-104.75,60.75,present in both
-104.75,61.25,present in both
-104.75,61.75,present in both
-104.75,62.25,present in both
-104.75,62.75,present in both
-104.75,63.25,present in both
-104.75,63.75,present in both
-104.75,64.25,present in both
-104.75,64.75,present in both
-104.75,65.25,present in both
-104.75,65.75,present in both
-104.75,66.25,present in both
-104.75,66.75,present in both
-104.75,67.25,present in both
-104.75,67.75,present in both
-104.75,69.25,present in both
-104.75,69.75,present in both
-104.75,70.25,present in both
-104.75,70.75,present in both
-104.75,71.25,present in both
-104.75,71.75,present in both
-104.75,73.25,present in both
-104.75,77.25,present in both
-104.75,79.25,present in both
-104.25,52.75,present in both
-104.25,53.25,present in both
-104.25,53.75,present in both
-104.25,54.25,present in both
-104.25,54.75,present in both
-104.25,55.25,present in both
-104.25,55.75,present in both
-104.25,56.25,present in both
-104.25,56.75,present in both
-104.25,57.25,present in both
-104.25,57.75,present in both
-104.25,58.25,present in both
-104.25,58.75,present in both
-104.25,59.25,present in both
-104.25,59.75,present in both
-104.25,60.25,present in both
-104.25,60.75,present in both
-104.25,61.25,present in both
-104.25,61.75,present in both
-104.25,62.25,present in both
-104.25,62.75,present in both
-104.25,63.25,present in both
-104.25,63.75,present in both
-104.25,64.25,present in both
-104.25,64.75,present in both
-104.25,65.25,present in both
-104.25,65.75,present in both
-104.25,66.25,present in both
-104.25,66.75,present in both
-104.25,67.25,present in both
-104.25,67.75,present in both
-104.25,69.25,present in both
-104.25,69.75,present in both
-104.25,70.25,present in both
-104.25,70.75,present in both
-104.25,75.25,present in both
-104.25,79.25,present in both
-103.75,52.75,present in both
-103.75,53.25,present in both
-103.75,53.75,present in both
-103.75,54.25,present in both
-103.75,54.75,present in both
-103.75,55.25,present in both
-103.75,55.75,present in both
-103.75,56.25,present in both
-103.75,56.75,present in both
-103.75,57.25,present in both
-103.75,57.75,present in both
-103.75,58.25,present in both
-103.75,58.75,present in both
-103.75,59.25,present in both
-103.75,59.75,present in both
-103.75,60.25,present in both
-103.75,60.75,present in both
-103.75,61.25,present in both
-103.75,61.75,present in both
-103.75,62.25,present in both
-103.75,62.75,present in both
-103.75,63.25,present in both
-103.75,63.75,present in both
-103.75,64.25,present in both
-103.75,64.75,present in both
-103.75,65.25,present in both
-103.75,65.75,present in both
-103.75,66.25,present in both
-103.75,66.75,present in both
-103.75,67.25,present in both
-103.75,67.75,present in both
-103.75,69.25,present in both
-103.75,69.75,present in both
-103.75,70.25,present in both
-103.75,75.25,present in both
-103.75,76.25,present in both
-103.75,79.25,present in both
-103.25,52.25,present in both
-103.25,52.75,present in both
-103.25,53.25,present in both
-103.25,53.75,present in both
-103.25,54.25,present in both
-103.25,54.75,present in both
-103.25,55.25,present in both
-103.25,55.75,present in both
-103.25,56.25,present in both
-103.25,56.75,present in both
-103.25,57.25,present in both
-103.25,57.75,present in both
-103.25,58.75,present in both
-103.25,59.25,present in both
-103.25,59.75,present in both
-103.25,60.25,present in both
-103.25,60.75,present in both
-103.25,61.25,present in both
-103.25,61.75,present in both
-103.25,62.25,present in both
-103.25,62.75,present in both
-103.25,63.25,present in both
-103.25,63.75,present in both
-103.25,64.25,present in both
-103.25,64.75,present in both
-103.25,65.25,present in both
-103.25,65.75,present in both
-103.25,66.25,present in both
-103.25,66.75,present in both
-103.25,67.25,present in both
-103.25,67.75,present in both
-103.25,69.25,present in both
-103.25,69.75,present in both
-103.25,70.25,present in both
-103.25,76.25,present in both
-103.25,78.75,present in both
-103.25,79.25,present in both
-102.75,52.25,present in both
-102.75,52.75,present in both
-102.75,53.25,present in both
-102.75,53.75,present in both
-102.75,54.25,present in both
-102.75,54.75,present in both
-102.75,55.25,present in both
-102.75,55.75,present in both
-102.75,56.25,present in both
-102.75,56.75,present in both
-102.75,57.25,present in both
-102.75,57.75,present in both
-102.75,58.25,present in both
-102.75,58.75,present in both
-102.75,59.25,present in both
-102.75,59.75,present in both
-102.75,60.25,present in both
-102.75,60.75,present in both
-102.75,61.25,present in both
-102.75,61.75,present in both
-102.75,62.25,present in both
-102.75,62.75,present in both
-102.75,63.25,present in both
-102.75,63.75,present in both
-102.75,64.25,present in both
-102.75,64.75,present in both
-102.75,65.25,present in both
-102.75,65.75,present in both
-102.75,66.25,present in both
-102.75,66.75,present in both
-102.75,67.25,present in both
-102.75,67.75,present in both
-102.75,69.25,present in both
-102.75,69.75,present in both
-102.75,70.25,present in both
-102.75,76.25,present in both
-102.75,78.75,present in both
-102.25,51.75,present in both
-102.25,52.25,present in both
-102.25,52.75,present in both
-102.25,53.25,present in both
-102.25,53.75,present in both
-102.25,54.25,present in both
-102.25,54.75,present in both
-102.25,55.25,present in both
-102.25,55.75,present in both
-102.25,56.25,present in both
-102.25,56.75,present in both
-102.25,58.25,present in both
-102.25,58.75,present in both
-102.25,59.25,present in both
-102.25,59.75,present in both
-102.25,60.25,present in both
-102.25,60.75,present in both
-102.25,61.25,present in both
-102.25,61.75,present in both
-102.25,62.25,present in both
-102.25,62.75,present in both
-102.25,63.25,present in both
-102.25,63.75,present in both
-102.25,64.25,present in both
-102.25,64.75,present in both
-102.25,65.25,present in both
-102.25,65.75,present in both
-102.25,66.25,present in both
-102.25,66.75,present in both
-102.25,67.25,present in both
-102.25,69.25,present in both
-102.25,70.25,present in both
-102.25,72.75,present in both
-102.25,78.75,present in both
-101.75,51.75,present in both
-101.75,52.25,present in both
-101.75,52.75,present in both
-101.75,53.25,present in both
-101.75,53.75,present in both
-101.75,54.25,present in both
-101.75,54.75,present in both
-101.75,55.25,present in both
-101.75,55.75,present in both
-101.75,56.25,present in both
-101.75,56.75,present in both
-101.75,57.25,present in both
-101.75,57.75,present in both
-101.75,58.25,present in both
-101.75,58.75,present in both
-101.75,59.25,present in both
-101.75,59.75,present in both
-101.75,60.25,present in both
-101.75,60.75,present in both
-101.75,61.25,present in both
-101.75,61.75,present in both
-101.75,62.25,present in both
-101.75,62.75,present in both
-101.75,63.75,present in both
-101.75,64.25,present in both
-101.75,64.75,present in both
-101.75,65.25,present in both
-101.75,65.75,present in both
-101.75,66.25,present in both
-101.75,66.75,present in both
-101.75,67.25,present in both
-101.75,69.75,present in both
-101.75,70.25,present in both
-101.75,72.75,present in both
-101.75,75.75,present in both
-101.75,76.25,present in both
-101.75,77.75,present in both
-101.75,78.75,present in both
-101.25,51.25,present in both
-101.25,51.75,present in both
-101.25,52.25,present in both
-101.25,52.75,present in both
-101.25,53.25,present in both
-101.25,53.75,present in both
-101.25,54.25,present in both
-101.25,54.75,present in both
-101.25,55.25,present in both
-101.25,55.75,present in both
-101.25,56.25,present in both
-101.25,56.75,present in both
-101.25,57.25,present in both
-101.25,57.75,present in both
-101.25,58.25,present in both
-101.25,58.75,present in both
-101.25,59.25,present in both
-101.25,59.75,present in both
-101.25,60.25,present in both
-101.25,60.75,present in both
-101.25,61.25,present in both
-101.25,61.75,present in both
-101.25,62.25,present in both
-101.25,62.75,present in both
-101.25,63.75,present in both
-101.25,64.25,present in both
-101.25,64.75,present in both
-101.25,65.25,present in both
-101.25,65.75,present in both
-101.25,66.25,present in both
-101.25,66.75,present in both
-101.25,67.25,present in both
-101.25,69.75,present in both
-101.25,76.25,present in both
-101.25,78.25,present in both
-101.25,78.75,present in both
-100.75,50.75,present in both
-100.75,51.75,present in both
-100.75,52.25,present in both
-100.75,52.75,present in both
-100.75,53.25,present in both
-100.75,53.75,present in both
-100.75,54.25,present in both
-100.75,54.75,present in both
-100.75,55.25,present in both
-100.75,55.75,present in both
-100.75,56.25,present in both
-100.75,56.75,present in both
-100.75,57.25,present in both
-100.75,57.75,present in both
-100.75,58.25,present in both
-100.75,58.75,present in both
-100.75,59.25,present in both
-100.75,59.75,present in both
-100.75,60.25,present in both
-100.75,60.75,present in both
-100.75,61.25,present in both
-100.75,61.75,present in both
-100.75,62.25,present in both
-100.75,62.75,present in both
-100.75,63.25,present in both
-100.75,63.75,present in both
-100.75,64.25,present in both
-100.75,64.75,present in both
-100.75,65.25,present in both
-100.75,65.75,present in both
-100.75,66.25,present in both
-100.75,66.75,present in both
-100.75,67.25,present in both
-100.75,67.75,present in both
-100.75,72.25,present in both
-100.75,73.75,present in both
-100.75,75.75,present in both
-100.75,76.75,present in both
-100.75,78.25,present in both
-100.75,78.75,present in both
-100.25,50.75,present in both
-100.25,51.75,present in both
-100.25,52.25,present in both
-100.25,52.75,present in both
-100.25,53.75,present in both
-100.25,54.25,present in both
-100.25,54.75,present in both
-100.25,55.25,present in both
-100.25,55.75,present in both
-100.25,56.25,present in both
-100.25,56.75,present in both
-100.25,57.25,present in both
-100.25,57.75,present in both
-100.25,58.25,present in both
-100.25,58.75,present in both
-100.25,59.25,present in both
-100.25,59.75,present in both
-100.25,60.25,present in both
-100.25,60.75,present in both
-100.25,61.25,present in both
-100.25,61.75,present in both
-100.25,62.25,present in both
-100.25,62.75,present in both
-100.25,63.25,present in both
-100.25,63.75,present in both
-100.25,64.25,present in both
-100.25,64.75,present in both
-100.25,65.25,present in both
-100.25,65.75,present in both
-100.25,66.25,present in both
-100.25,66.75,present in both
-100.25,67.25,present in both
-100.25,67.75,present in both
-100.25,72.25,present in both
-100.25,73.25,present in both
-100.25,73.75,present in both
-100.25,75.75,present in both
-100.25,76.25,present in both
-100.25,78.25,present in both
-100.25,78.75,present in both
-99.75,50.75,present in both
-99.75,51.75,present in both
-99.75,52.25,present in both
-99.75,53.25,present in both
-99.75,53.75,present in both
-99.75,54.25,present in both
-99.75,54.75,present in both
-99.75,55.25,present in both
-99.75,55.75,present in both
-99.75,56.25,present in both
-99.75,56.75,present in both
-99.75,57.25,present in both
-99.75,57.75,present in both
-99.75,58.25,present in both
-99.75,58.75,present in both
-99.75,59.25,present in both
-99.75,59.75,present in both
-99.75,60.25,present in both
-99.75,60.75,present in both
-99.75,61.25,present in both
-99.75,61.75,present in both
-99.75,62.25,present in both
-99.75,62.75,present in both
-99.75,63.25,present in both
-99.75,63.75,present in both
-99.75,64.25,present in both
-99.75,64.75,present in both
-99.75,65.25,present in both
-99.75,65.75,present in both
-99.75,66.25,present in both
-99.75,66.75,present in both
-99.75,67.25,present in both
-99.75,67.75,present in both
-99.75,72.25,present in both
-99.75,72.75,present in both
-99.75,73.25,present in both
-99.75,73.75,present in both
-99.75,75.25,present in both
-99.75,75.75,present in both
-99.75,76.25,present in both
-99.75,78.25,present in both
-99.25,51.75,present in both
-99.25,52.25,present in both
-99.25,52.75,present in both
-99.25,53.25,present in both
-99.25,53.75,present in both
-99.25,54.25,present in both
-99.25,54.75,present in both
-99.25,55.25,present in both
-99.25,55.75,present in both
-99.25,56.25,present in both
-99.25,56.75,present in both
-99.25,57.25,present in both
-99.25,57.75,present in both
-99.25,58.25,present in both
-99.25,58.75,present in both
-99.25,59.25,present in both
-99.25,59.75,present in both
-99.25,60.25,present in both
-99.25,60.75,present in both
-99.25,61.25,present in both
-99.25,61.75,present in both
-99.25,62.25,present in both
-99.25,62.75,present in both
-99.25,63.25,present in both
-99.25,63.75,present in both
-99.25,64.25,present in both
-99.25,64.75,present in both
-99.25,65.25,present in both
-99.25,65.75,present in both
-99.25,66.25,present in both
-99.25,66.75,present in both
-99.25,67.25,present in both
-99.25,71.75,present in both
-99.25,72.25,present in both
-99.25,72.75,present in both
-99.25,73.25,present in both
-99.25,73.75,present in both
-99.25,75.25,present in both
-99.25,75.75,present in both
-99.25,76.25,present in both
-99.25,79.75,present in both
-98.75,51.25,present in both
-98.75,51.75,present in both
-98.75,52.25,present in both
-98.75,52.75,present in both
-98.75,54.25,present in both
-98.75,54.75,present in both
-98.75,55.25,present in both
-98.75,55.75,present in both
-98.75,56.25,present in both
-98.75,56.75,present in both
-98.75,57.25,present in both
-98.75,57.75,present in both
-98.75,58.25,present in both
-98.75,58.75,present in both
-98.75,59.25,present in both
-98.75,59.75,present in both
-98.75,60.25,present in both
-98.75,60.75,present in both
-98.75,61.25,present in both
-98.75,61.75,present in both
-98.75,62.25,present in both
-98.75,62.75,present in both
-98.75,63.25,present in both
-98.75,63.75,present in both
-98.75,64.25,present in both
-98.75,64.75,present in both
-98.75,65.25,present in both
-98.75,65.75,present in both
-98.75,66.25,present in both
-98.75,66.75,present in both
-98.75,67.25,present in both
-98.75,67.75,present in both
-98.75,71.75,present in both
-98.75,72.25,present in both
-98.75,72.75,present in both
-98.75,73.25,present in both
-98.75,73.75,present in both
-98.75,75.25,present in both
-98.75,75.75,present in both
-98.75,76.25,present in both
-98.75,79.75,present in both
-98.25,51.25,present in both
-98.25,51.75,present in both
-98.25,52.25,present in both
-98.25,54.25,present in both
-98.25,54.75,present in both
-98.25,55.25,present in both
-98.25,55.75,present in both
-98.25,56.25,present in both
-98.25,56.75,present in both
-98.25,57.25,present in both
-98.25,57.75,present in both
-98.25,58.25,present in both
-98.25,58.75,present in both
-98.25,59.25,present in both
-98.25,59.75,present in both
-98.25,60.25,present in both
-98.25,60.75,present in both
-98.25,61.25,present in both
-98.25,61.75,present in both
-98.25,62.25,present in both
-98.25,62.75,present in both
-98.25,63.25,present in both
-98.25,63.75,present in both
-98.25,64.25,present in both
-98.25,64.75,present in both
-98.25,65.25,present in both
-98.25,65.75,present in both
-98.25,66.25,present in both
-98.25,66.75,present in both
-98.25,67.25,present in both
-98.25,67.75,present in both
-98.25,68.25,present in both
-98.25,69.25,present in both
-98.25,69.75,present in both
-98.25,71.75,present in both
-98.25,72.25,present in both
-98.25,72.75,present in both
-98.25,73.25,present in both
-98.25,73.75,present in both
-98.25,75.25,present in both
-98.25,75.75,present in both
-98.25,76.25,present in both
-97.75,51.25,present in both
-97.75,51.75,present in both
-97.75,53.75,present in both
-97.75,54.25,present in both
-97.75,54.75,present in both
-97.75,55.25,present in both
-97.75,55.75,present in both
-97.75,56.25,present in both
-97.75,56.75,present in both
-97.75,57.25,present in both
-97.75,57.75,present in both
-97.75,58.25,present in both
-97.75,58.75,present in both
-97.75,59.25,present in both
-97.75,59.75,present in both
-97.75,60.25,present in both
-97.75,60.75,present in both
-97.75,61.25,present in both
-97.75,61.75,present in both
-97.75,62.25,present in both
-97.75,62.75,present in both
-97.75,63.25,present in both
-97.75,63.75,present in both
-97.75,64.25,present in both
-97.75,64.75,present in both
-97.75,65.25,present in both
-97.75,65.75,present in both
-97.75,66.25,present in both
-97.75,66.75,present in both
-97.75,67.25,present in both
-97.75,68.25,present in both
-97.75,68.75,present in both
-97.75,69.25,present in both
-97.75,69.75,present in both
-97.75,71.75,present in both
-97.75,72.25,present in both
-97.75,72.75,present in both
-97.75,76.25,present in both
-97.75,78.25,present in both
-97.75,78.75,present in both
-97.25,50.75,present in both
-97.25,51.25,present in both
-97.25,51.75,present in both
-97.25,53.25,present in both
-97.25,53.75,present in both
-97.25,54.25,present in both
-97.25,54.75,present in both
-97.25,55.25,present in both
-97.25,55.75,present in both
-97.25,56.25,present in both
-97.25,56.75,present in both
-97.25,57.25,present in both
-97.25,57.75,present in both
-97.25,58.25,present in both
-97.25,58.75,present in both
-97.25,59.25,present in both
-97.25,59.75,present in both
-97.25,60.25,present in both
-97.25,60.75,present in both
-97.25,61.25,present in both
-97.25,61.75,present in both
-97.25,62.25,present in both
-97.25,62.75,present in both
-97.25,63.25,present in both
-97.25,63.75,present in both
-97.25,64.25,present in both
-97.25,64.75,present in both
-97.25,65.25,present in both
-97.25,65.75,present in both
-97.25,66.25,present in both
-97.25,66.75,present in both
-97.25,67.25,present in both
-97.25,68.25,present in both
-97.25,68.75,present in both
-97.25,69.25,present in both
-97.25,71.75,present in both
-97.25,72.25,present in both
-97.25,72.75,present in both
-97.25,73.75,present in both
-97.25,78.25,present in both
-97.25,78.75,present in both
-96.75,50.25,present in both
-96.75,51.25,present in both
-96.75,51.75,present in both
-96.75,52.25,present in both
-96.75,52.75,present in both
-96.75,53.25,present in both
-96.75,53.75,present in both
-96.75,54.25,present in both
-96.75,54.75,present in both
-96.75,55.25,present in both
-96.75,55.75,present in both
-96.75,56.25,present in both
-96.75,56.75,present in both
-96.75,57.25,present in both
-96.75,57.75,present in both
-96.75,58.25,present in both
-96.75,58.75,present in both
-96.75,59.25,present in both
-96.75,59.75,present in both
-96.75,60.25,present in both
-96.75,60.75,present in both
-96.75,61.25,present in both
-96.75,61.75,present in both
-96.75,62.25,present in both
-96.75,62.75,present in both
-96.75,63.25,present in both
-96.75,63.75,present in both
-96.75,64.25,present in both
-96.75,64.75,present in both
-96.75,65.25,present in both
-96.75,65.75,present in both
-96.75,66.25,present in both
-96.75,66.75,present in both
-96.75,67.25,present in both
-96.75,67.75,present in both
-96.75,68.25,present in both
-96.75,68.75,present in both
-96.75,69.25,present in both
-96.75,72.25,present in both
-96.75,72.75,present in both
-96.75,76.75,present in both
-96.75,78.25,present in both
-96.25,50.75,present in both
-96.25,51.25,present in both
-96.25,51.75,present in both
-96.25,52.25,present in both
-96.25,52.75,present in both
-96.25,53.25,present in both
-96.25,53.75,present in both
-96.25,54.25,present in both
-96.25,54.75,present in both
-96.25,55.25,present in both
-96.25,55.75,present in both
-96.25,56.25,present in both
-96.25,56.75,present in both
-96.25,57.25,present in both
-96.25,57.75,present in both
-96.25,58.25,present in both
-96.25,58.75,present in both
-96.25,59.25,present in both
-96.25,59.75,present in both
-96.25,60.25,present in both
-96.25,60.75,present in both
-96.25,61.25,present in both
-96.25,61.75,present in both
-96.25,62.25,present in both
-96.25,62.75,present in both
-96.25,63.25,present in both
-96.25,63.75,present in both
-96.25,64.25,present in both
-96.25,64.75,present in both
-96.25,65.25,present in both
-96.25,65.75,present in both
-96.25,66.25,present in both
-96.25,66.75,present in both
-96.25,67.25,present in both
-96.25,67.75,present in both
-96.25,68.75,present in both
-96.25,69.25,present in both
-96.25,70.25,present in both
-96.25,70.75,present in both
-96.25,71.25,present in both
-96.25,76.75,present in both
-96.25,78.25,present in both
-95.75,50.75,present in both
-95.75,51.25,present in both
-95.75,51.75,present in both
-95.75,52.25,present in both
-95.75,52.75,present in both
-95.75,53.25,present in both
-95.75,53.75,present in both
-95.75,54.25,present in both
-95.75,54.75,present in both
-95.75,55.25,present in both
-95.75,55.75,present in both
-95.75,56.25,present in both
-95.75,56.75,present in both
-95.75,57.25,present in both
-95.75,57.75,present in both
-95.75,58.25,present in both
-95.75,58.75,present in both
-95.75,59.25,present in both
-95.75,59.75,present in both
-95.75,60.25,present in both
-95.75,60.75,present in both
-95.75,61.25,present in both
-95.75,61.75,present in both
-95.75,62.25,present in both
-95.75,62.75,present in both
-95.75,63.25,present in both
-95.75,63.75,present in both
-95.75,64.25,present in both
-95.75,64.75,present in both
-95.75,65.25,present in both
-95.75,65.75,present in both
-95.75,66.25,present in both
-95.75,66.75,present in both
-95.75,67.25,present in both
-95.75,68.75,present in both
-95.75,70.25,present in both
-95.75,70.75,present in both
-95.75,71.25,present in both
-95.75,75.25,present in both
-95.75,76.75,present in both
-95.75,78.25,present in both
-95.75,79.75,present in both
-95.75,80.25,present in both
-95.25,50.75,present in both
-95.25,51.25,present in both
-95.25,51.75,present in both
-95.25,52.25,present in both
-95.25,52.75,present in both
-95.25,53.25,present in both
-95.25,53.75,present in both
-95.25,54.25,present in both
-95.25,54.75,present in both
-95.25,55.25,present in both
-95.25,55.75,present in both
-95.25,56.25,present in both
-95.25,56.75,present in both
-95.25,57.25,present in both
-95.25,57.75,present in both
-95.25,58.25,present in both
-95.25,58.75,present in both
-95.25,59.25,present in both
-95.25,59.75,present in both
-95.25,60.25,present in both
-95.25,60.75,present in both
-95.25,61.25,present in both
-95.25,61.75,present in both
-95.25,62.25,present in both
-95.25,62.75,present in both
-95.25,63.25,present in both
-95.25,63.75,present in both
-95.25,64.25,present in both
-95.25,64.75,present in both
-95.25,65.25,present in both
-95.25,65.75,present in both
-95.25,66.25,present in both
-95.25,66.75,present in both
-95.25,67.75,present in both
-95.25,69.75,present in both
-95.25,70.25,present in both
-95.25,70.75,present in both
-95.25,71.25,present in both
-95.25,72.75,present in both
-95.25,73.25,present in both
-95.25,73.75,present in both
-95.25,75.25,present in both
-95.25,76.25,present in both
-95.25,76.75,present in both
-95.25,79.75,present in both
-95.25,80.25,present in both
-94.75,50.75,present in both
-94.75,51.25,present in both
-94.75,51.75,present in both
-94.75,52.25,present in both
-94.75,52.75,present in both
-94.75,53.25,present in both
-94.75,53.75,present in both
-94.75,54.25,present in both
-94.75,54.75,present in both
-94.75,55.25,present in both
-94.75,55.75,present in both
-94.75,56.25,present in both
-94.75,56.75,present in both
-94.75,57.25,present in both
-94.75,57.75,present in both
-94.75,58.25,present in both
-94.75,58.75,present in both
-94.75,60.25,present in both
-94.75,60.75,present in both
-94.75,61.25,present in both
-94.75,61.75,present in both
-94.75,62.25,present in both
-94.75,62.75,present in both
-94.75,63.25,present in both
-94.75,63.75,present in both
-94.75,64.25,present in both
-94.75,64.75,present in both
-94.75,65.25,present in both
-94.75,65.75,present in both
-94.75,66.25,present in both
-94.75,66.75,present in both
-94.75,67.25,present in both
-94.75,67.75,present in both
-94.75,69.75,present in both
-94.75,70.25,present in both
-94.75,70.75,present in both
-94.75,71.25,present in both
-94.75,71.75,present in both
-94.75,72.25,present in both
-94.75,72.75,present in both
-94.75,73.25,present in both
-94.75,73.75,present in both
-94.75,74.75,present in both
-94.75,75.25,present in both
-94.75,76.75,present in both
-94.75,77.75,present in both
-94.75,79.75,present in both
-94.25,50.25,present in both
-94.25,50.75,present in both
-94.25,51.25,present in both
-94.25,51.75,present in both
-94.25,52.25,present in both
-94.25,52.75,present in both
-94.25,53.25,present in both
-94.25,53.75,present in both
-94.25,54.25,present in both
-94.25,54.75,present in both
-94.25,55.25,present in both
-94.25,55.75,present in both
-94.25,56.25,present in both
-94.25,56.75,present in both
-94.25,57.25,present in both
-94.25,57.75,present in both
-94.25,58.25,present in both
-94.25,58.75,present in both
-94.25,61.25,present in both
-94.25,61.75,present in both
-94.25,62.25,present in both
-94.25,62.75,present in both
-94.25,63.25,present in both
-94.25,63.75,present in both
-94.25,64.25,present in both
-94.25,64.75,present in both
-94.25,65.25,present in both
-94.25,65.75,present in both
-94.25,66.25,present in both
-94.25,66.75,present in both
-94.25,67.25,present in both
-94.25,67.75,present in both
-94.25,68.25,present in both
-94.25,68.75,present in both
-94.25,69.25,present in both
-94.25,69.75,present in both
-94.25,70.25,present in both
-94.25,70.75,present in both
-94.25,71.25,present in both
-94.25,72.25,present in both
-94.25,73.25,present in both
-94.25,73.75,present in both
-94.25,74.75,present in both
-94.25,75.25,present in both
-94.25,76.75,present in both
-94.25,77.75,present in both
-94.25,79.75,present in both
-93.75,50.25,present in both
-93.75,50.75,present in both
-93.75,51.25,present in both
-93.75,51.75,present in both
-93.75,52.25,present in both
-93.75,52.75,present in both
-93.75,53.25,present in both
-93.75,53.75,present in both
-93.75,54.25,present in both
-93.75,54.75,present in both
-93.75,55.25,present in both
-93.75,55.75,present in both
-93.75,56.25,present in both
-93.75,56.75,present in both
-93.75,57.25,present in both
-93.75,57.75,present in both
-93.75,58.25,present in both
-93.75,58.75,present in both
-93.75,61.75,present in both
-93.75,62.25,present in both
-93.75,62.75,present in both
-93.75,63.25,present in both
-93.75,63.75,present in both
-93.75,64.25,present in both
-93.75,64.75,present in both
-93.75,65.25,present in both
-93.75,65.75,present in both
-93.75,66.25,present in both
-93.75,66.75,present in both
-93.75,67.25,present in both
-93.75,67.75,present in both
-93.75,68.25,present in both
-93.75,69.75,present in both
-93.75,70.25,present in both
-93.75,70.75,present in both
-93.75,71.25,present in both
-93.75,73.25,present in both
-93.75,73.75,present in both
-93.75,74.75,present in both
-93.75,75.25,present in both
-93.75,76.75,present in both
-93.75,77.75,present in both
-93.75,78.75,present in both
-93.75,79.75,present in both
-93.75,81.25,present in both
-93.25,50.25,present in both
-93.25,50.75,present in both
-93.25,51.25,present in both
-93.25,51.75,present in both
-93.25,52.25,present in both
-93.25,52.75,present in both
-93.25,53.25,present in both
-93.25,53.75,present in both
-93.25,54.25,present in both
-93.25,54.75,present in both
-93.25,55.25,present in both
-93.25,55.75,present in both
-93.25,56.25,present in both
-93.25,56.75,present in both
-93.25,57.25,present in both
-93.25,57.75,present in both
-93.25,58.25,present in both
-93.25,62.25,present in both
-93.25,62.75,present in both
-93.25,63.25,present in both
-93.25,63.75,present in both
-93.25,64.25,present in both
-93.25,64.75,present in both
-93.25,65.25,present in both
-93.25,65.75,present in both
-93.25,66.25,present in both
-93.25,66.75,present in both
-93.25,67.25,present in both
-93.25,67.75,present in both
-93.25,68.25,present in both
-93.25,68.75,present in both
-93.25,69.25,present in both
-93.25,69.75,present in both
-93.25,70.25,present in both
-93.25,70.75,present in both
-93.25,71.25,present in both
-93.25,73.25,present in both
-93.25,73.75,present in both
-93.25,79.75,present in both
-93.25,81.25,present in both
-92.75,50.25,present in both
-92.75,50.75,present in both
-92.75,51.25,present in both
-92.75,51.75,present in both
-92.75,52.25,present in both
-92.75,52.75,present in both
-92.75,53.25,present in both
-92.75,53.75,present in both
-92.75,54.25,present in both
-92.75,54.75,present in both
-92.75,55.25,present in both
-92.75,55.75,present in both
-92.75,56.25,present in both
-92.75,56.75,present in both
-92.75,57.25,present in both
-92.75,57.75,present in both
-92.75,62.75,present in both
-92.75,63.25,present in both
-92.75,63.75,present in both
-92.75,64.25,present in both
-92.75,64.75,present in both
-92.75,65.25,present in both
-92.75,65.75,present in both
-92.75,66.25,present in both
-92.75,66.75,present in both
-92.75,67.25,present in both
-92.75,67.75,present in both
-92.75,68.25,present in both
-92.75,68.75,present in both
-92.75,69.25,present in both
-92.75,69.75,present in both
-92.75,70.25,present in both
-92.75,70.75,present in both
-92.75,72.75,present in both
-92.75,73.25,present in both
-92.75,73.75,present in both
-92.75,76.25,present in both
-92.75,78.75,present in both
-92.75,79.75,present in both
-92.75,81.25,present in both
-92.25,50.25,present in both
-92.25,50.75,present in both
-92.25,51.25,present in both
-92.25,51.75,present in both
-92.25,52.25,present in both
-92.25,52.75,present in both
-92.25,53.25,present in both
-92.25,53.75,present in both
-92.25,54.25,present in both
-92.25,54.75,present in both
-92.25,55.25,present in both
-92.25,55.75,present in both
-92.25,56.25,present in both
-92.25,56.75,present in both
-92.25,63.25,present in both
-92.25,63.75,present in both
-92.25,64.25,present in both
-92.25,64.75,present in both
-92.25,65.25,present in both
-92.25,65.75,present in both
-92.25,66.25,present in both
-92.25,66.75,present in both
-92.25,67.25,present in both
-92.25,67.75,present in both
-92.25,68.25,present in both
-92.25,68.75,present in both
-92.25,69.25,present in both
-92.25,70.25,present in both
-92.25,72.75,present in both
-92.25,73.25,present in both
-92.25,73.75,present in both
-92.25,75.25,present in both
-92.25,76.25,present in both
-92.25,78.75,present in both
-92.25,79.25,present in both
-92.25,79.75,present in both
-91.75,50.25,present in both
-91.75,50.75,present in both
-91.75,51.25,present in both
-91.75,51.75,present in both
-91.75,52.25,present in both
-91.75,52.75,present in both
-91.75,53.25,present in both
-91.75,53.75,present in both
-91.75,54.25,present in both
-91.75,54.75,present in both
-91.75,55.25,present in both
-91.75,55.75,present in both
-91.75,56.25,present in both
-91.75,56.75,present in both
-91.75,63.25,present in both
-91.75,63.75,present in both
-91.75,64.25,present in both
-91.75,64.75,present in both
-91.75,65.25,present in both
-91.75,65.75,present in both
-91.75,66.25,present in both
-91.75,66.75,present in both
-91.75,67.25,present in both
-91.75,67.75,present in both
-91.75,68.25,present in both
-91.75,68.75,present in both
-91.75,69.25,present in both
-91.75,73.25,present in both
-91.75,73.75,present in both
-91.75,74.75,present in both
-91.75,75.25,present in both
-91.75,75.75,present in both
-91.75,76.25,present in both
-91.75,78.25,present in both
-91.75,78.75,present in both
-91.75,79.25,present in both
-91.75,79.75,present in both
-91.25,49.75,present in both
-91.25,50.25,present in both
-91.25,50.75,present in both
-91.25,51.25,present in both
-91.25,51.75,present in both
-91.25,52.25,present in both
-91.25,52.75,present in both
-91.25,53.25,present in both
-91.25,53.75,present in both
-91.25,54.25,present in both
-91.25,54.75,present in both
-91.25,55.25,present in both
-91.25,55.75,present in both
-91.25,56.25,present in both
-91.25,56.75,present in both
-91.25,63.25,present in both
-91.25,63.75,present in both
-91.25,64.25,present in both
-91.25,64.75,present in both
-91.25,65.25,present in both
-91.25,65.75,present in both
-91.25,66.25,present in both
-91.25,66.75,present in both
-91.25,67.25,present in both
-91.25,67.75,present in both
-91.25,68.25,present in both
-91.25,68.75,present in both
-91.25,69.25,present in both
-91.25,73.75,present in both
-91.25,74.75,present in both
-91.25,75.25,present in both
-91.25,75.75,present in both
-91.25,76.25,present in both
-91.25,78.25,present in both
-91.25,78.75,present in both
-91.25,79.25,present in both
-91.25,79.75,present in both
-91.25,81.75,present in both
-90.75,49.25,present in both
-90.75,49.75,present in both
-90.75,50.25,present in both
-90.75,50.75,present in both
-90.75,51.25,present in both
-90.75,51.75,present in both
-90.75,52.25,present in both
-90.75,52.75,present in both
-90.75,53.25,present in both
-90.75,53.75,present in both
-90.75,54.25,present in both
-90.75,54.75,present in both
-90.75,55.25,present in both
-90.75,55.75,present in both
-90.75,56.25,present in both
-90.75,56.75,present in both
-90.75,63.25,present in both
-90.75,63.75,present in both
-90.75,64.25,present in both
-90.75,64.75,present in both
-90.75,65.25,present in both
-90.75,65.75,present in both
-90.75,66.25,present in both
-90.75,66.75,present in both
-90.75,67.25,present in both
-90.75,67.75,present in both
-90.75,68.25,present in both
-90.75,68.75,present in both
-90.75,73.75,present in both
-90.75,74.75,present in both
-90.75,75.25,present in both
-90.75,75.75,present in both
-90.75,76.25,present in both
-90.75,78.25,present in both
-90.75,78.75,present in both
-90.75,79.25,present in both
-90.75,79.75,present in both
-90.75,80.25,present in both
-90.75,81.75,present in both
-90.25,48.75,present in both
-90.25,49.25,present in both
-90.25,49.75,present in both
-90.25,50.25,present in both
-90.25,50.75,present in both
-90.25,51.25,present in both
-90.25,51.75,present in both
-90.25,52.25,present in both
-90.25,52.75,present in both
-90.25,53.25,present in both
-90.25,53.75,present in both
-90.25,54.25,present in both
-90.25,54.75,present in both
-90.25,55.25,present in both
-90.25,55.75,present in both
-90.25,56.25,present in both
-90.25,56.75,present in both
-90.25,63.75,present in both
-90.25,64.25,present in both
-90.25,64.75,present in both
-90.25,65.25,present in both
-90.25,65.75,present in both
-90.25,66.25,present in both
-90.25,66.75,present in both
-90.25,67.25,present in both
-90.25,67.75,present in both
-90.25,68.25,present in both
-90.25,74.75,present in both
-90.25,75.25,present in both
-90.25,75.75,present in both
-90.25,76.25,present in both
-90.25,76.75,present in both
-90.25,77.25,present in both
-90.25,78.75,present in both
-90.25,79.25,present in both
-90.25,79.75,present in both
-90.25,80.25,present in both
-90.25,81.75,present in both
-89.75,48.75,present in both
-89.75,49.25,present in both
-89.75,49.75,present in both
-89.75,50.25,present in both
-89.75,50.75,present in both
-89.75,51.25,present in both
-89.75,51.75,present in both
-89.75,52.25,present in both
-89.75,52.75,present in both
-89.75,53.25,present in both
-89.75,53.75,present in both
-89.75,54.25,present in both
-89.75,54.75,present in both
-89.75,55.25,present in both
-89.75,55.75,present in both
-89.75,56.25,present in both
-89.75,56.75,present in both
-89.75,64.25,present in both
-89.75,64.75,present in both
-89.75,65.25,present in both
-89.75,66.25,present in both
-89.75,66.75,present in both
-89.75,67.25,present in both
-89.75,67.75,present in both
-89.75,68.25,present in both
-89.75,71.75,present in both
-89.75,72.25,present in both
-89.75,74.75,present in both
-89.75,75.25,present in both
-89.75,75.75,present in both
-89.75,76.25,present in both
-89.75,76.75,present in both
-89.75,80.25,present in both
-89.25,48.75,present in both
-89.25,49.25,present in both
-89.25,49.75,present in both
-89.25,50.25,present in both
-89.25,50.75,present in both
-89.25,51.25,present in both
-89.25,51.75,present in both
-89.25,52.25,present in both
-89.25,52.75,present in both
-89.25,53.25,present in both
-89.25,53.75,present in both
-89.25,54.25,present in both
-89.25,54.75,present in both
-89.25,55.25,present in both
-89.25,55.75,present in both
-89.25,56.25,present in both
-89.25,56.75,present in both
-89.25,64.25,present in both
-89.25,64.75,present in both
-89.25,65.25,present in both
-89.25,66.25,present in both
-89.25,66.75,present in both
-89.25,67.25,present in both
-89.25,67.75,present in both
-89.25,68.25,present in both
-89.25,68.75,present in both
-89.25,69.25,present in both
-89.25,71.75,present in both
-89.25,72.25,present in both
-89.25,72.75,present in both
-89.25,75.25,present in both
-89.25,76.75,present in both
-89.25,80.25,present in both
-88.75,48.75,present in both
-88.75,49.25,present in both
-88.75,50.25,present in both
-88.75,50.75,present in both
-88.75,51.25,present in both
-88.75,51.75,present in both
-88.75,52.25,present in both
-88.75,52.75,present in both
-88.75,53.25,present in both
-88.75,53.75,present in both
-88.75,54.25,present in both
-88.75,54.75,present in both
-88.75,55.25,present in both
-88.75,55.75,present in both
-88.75,56.25,present in both
-88.75,56.75,present in both
-88.75,64.25,present in both
-88.75,64.75,present in both
-88.75,65.25,present in both
-88.75,65.75,present in both
-88.75,66.25,present in both
-88.75,66.75,present in both
-88.75,67.25,present in both
-88.75,67.75,present in both
-88.75,68.25,present in both
-88.75,68.75,present in both
-88.75,70.75,present in both
-88.75,71.75,present in both
-88.75,72.25,present in both
-88.75,72.75,present in both
-88.75,73.25,present in both
-88.75,75.25,present in both
-88.75,76.75,present in both
-88.75,78.25,present in both
-88.75,78.75,present in both
-88.25,48.75,present in both
-88.25,49.25,present in both
-88.25,50.25,present in both
-88.25,50.75,present in both
-88.25,51.25,present in both
-88.25,51.75,present in both
-88.25,52.25,present in both
-88.25,52.75,present in both
-88.25,53.25,present in both
-88.25,53.75,present in both
-88.25,54.25,present in both
-88.25,54.75,present in both
-88.25,55.25,present in both
-88.25,55.75,present in both
-88.25,56.25,present in both
-88.25,64.25,present in both
-88.25,64.75,present in both
-88.25,65.25,present in both
-88.25,65.75,present in both
-88.25,66.25,present in both
-88.25,66.75,present in both
-88.25,67.25,present in both
-88.25,67.75,present in both
-88.25,68.75,present in both
-88.25,70.75,present in both
-88.25,71.25,present in both
-88.25,71.75,present in both
-88.25,72.25,present in both
-88.25,72.75,present in both
-88.25,73.25,present in both
-88.25,74.75,present in both
-88.25,75.25,present in both
-88.25,76.75,present in both
-88.25,78.75,present in both
-88.25,80.25,present in both
-88.25,80.75,present in both
-87.75,49.25,present in both
-87.75,49.75,present in both
-87.75,50.25,present in both
-87.75,50.75,present in both
-87.75,51.25,present in both
-87.75,51.75,present in both
-87.75,52.25,present in both
-87.75,52.75,present in both
-87.75,53.25,present in both
-87.75,53.75,present in both
-87.75,54.25,present in both
-87.75,54.75,present in both
-87.75,55.25,present in both
-87.75,55.75,present in both
-87.75,64.75,present in both
-87.75,65.25,present in both
-87.75,65.75,present in both
-87.75,66.25,present in both
-87.75,66.75,present in both
-87.75,67.25,present in both
-87.75,70.75,present in both
-87.75,71.25,present in both
-87.75,71.75,present in both
-87.75,72.25,present in both
-87.75,72.75,present in both
-87.75,73.25,present in both
-87.75,74.75,present in both
-87.75,75.25,present in both
-87.75,76.75,present in both
-87.75,77.75,present in both
-87.75,78.75,present in both
-87.75,80.25,present in both
-87.75,80.75,present in both
-87.25,49.25,present in both
-87.25,49.75,present in both
-87.25,50.25,present in both
-87.25,50.75,present in both
-87.25,51.25,present in both
-87.25,51.75,present in both
-87.25,52.25,present in both
-87.25,52.75,present in both
-87.25,53.25,present in both
-87.25,53.75,present in both
-87.25,54.25,present in both
-87.25,54.75,present in both
-87.25,55.25,present in both
-87.25,55.75,present in both
-87.25,65.25,present in both
-87.25,65.75,present in both
-87.25,66.25,present in both
-87.25,66.75,present in both
-87.25,70.75,present in both
-87.25,71.25,present in both
-87.25,71.75,present in both
-87.25,72.25,present in both
-87.25,72.75,present in both
-87.25,73.25,present in both
-87.25,73.75,present in both
-87.25,74.75,present in both
-87.25,75.25,present in both
-87.25,76.75,present in both
-87.25,77.75,present in both
-87.25,78.25,present in both
-87.25,80.75,present in both
-86.75,49.25,present in both
-86.75,49.75,present in both
-86.75,50.25,present in both
-86.75,50.75,present in both
-86.75,51.25,present in both
-86.75,51.75,present in both
-86.75,52.25,present in both
-86.75,52.75,present in both
-86.75,53.25,present in both
-86.75,53.75,present in both
-86.75,54.25,present in both
-86.75,54.75,present in both
-86.75,55.25,present in both
-86.75,55.75,present in both
-86.75,63.75,present in both
-86.75,65.75,present in both
-86.75,66.25,present in both
-86.75,66.75,present in both
-86.75,67.25,present in both
-86.75,68.25,present in both
-86.75,70.75,present in both
-86.75,71.25,present in both
-86.75,71.75,present in both
-86.75,72.25,present in both
-86.75,72.75,present in both
-86.75,73.25,present in both
-86.75,73.75,present in both
-86.75,74.75,present in both
-86.75,75.25,present in both
-86.75,76.75,present in both
-86.75,77.25,present in both
-86.75,77.75,present in both
-86.75,78.25,present in both
-86.75,78.75,present in both
-86.25,48.75,present in both
-86.25,49.25,present in both
-86.25,49.75,present in both
-86.25,50.25,present in both
-86.25,50.75,present in both
-86.25,51.25,present in both
-86.25,51.75,present in both
-86.25,52.25,present in both
-86.25,52.75,present in both
-86.25,53.25,present in both
-86.25,53.75,present in both
-86.25,54.25,present in both
-86.25,54.75,present in both
-86.25,55.25,present in both
-86.25,63.75,present in both
-86.25,64.25,present in both
-86.25,66.25,present in both
-86.25,66.75,present in both
-86.25,67.25,present in both
-86.25,67.75,present in both
-86.25,70.25,present in both
-86.25,70.75,present in both
-86.25,71.25,present in both
-86.25,71.75,present in both
-86.25,73.25,present in both
-86.25,73.75,present in both
-86.25,74.75,present in both
-86.25,75.25,present in both
-86.25,76.75,present in both
-86.25,77.25,present in both
-86.25,77.75,present in both
-86.25,78.25,present in both
-86.25,78.75,present in both
-86.25,80.25,present in both
-86.25,80.75,present in both
-85.75,48.25,present in both
-85.75,48.75,present in both
-85.75,49.25,present in both
-85.75,49.75,present in both
-85.75,50.25,present in both
-85.75,50.75,present in both
-85.75,51.25,present in both
-85.75,51.75,present in both
-85.75,52.25,present in both
-85.75,52.75,present in both
-85.75,53.25,present in both
-85.75,53.75,present in both
-85.75,54.25,present in both
-85.75,54.75,present in both
-85.75,55.25,present in both
-85.75,63.75,present in both
-85.75,64.25,present in both
-85.75,64.75,present in both
-85.75,65.25,present in both
-85.75,65.75,present in both
-85.75,66.75,present in both
-85.75,67.25,present in both
-85.75,67.75,present in both
-85.75,68.25,present in both
-85.75,70.25,present in both
-85.75,70.75,present in both
-85.75,71.25,present in both
-85.75,73.75,present in both
-85.75,74.75,present in both
-85.75,75.25,present in both
-85.75,77.25,present in both
-85.75,78.25,present in both
-85.75,78.75,present in both
-85.75,79.25,present in both
-85.75,79.75,present in both
-85.75,80.25,present in both
-85.75,80.75,present in both
-85.25,48.25,present in both
-85.25,48.75,present in both
-85.25,49.25,present in both
-85.25,49.75,present in both
-85.25,50.25,present in both
-85.25,50.75,present in both
-85.25,51.25,present in both
-85.25,51.75,present in both
-85.25,52.25,present in both
-85.25,52.75,present in both
-85.25,53.25,present in both
-85.25,53.75,present in both
-85.25,54.25,present in both
-85.25,54.75,present in both
-85.25,55.25,present in both
-85.25,63.25,present in both
-85.25,63.75,present in both
-85.25,64.25,present in both
-85.25,64.75,present in both
-85.25,65.25,present in both
-85.25,65.75,present in both
-85.25,66.75,present in both
-85.25,67.25,present in both
-85.25,67.75,present in both
-85.25,68.25,present in both
-85.25,68.75,present in both
-85.25,69.25,present in both
-85.25,69.75,present in both
-85.25,70.25,present in both
-85.25,70.75,present in both
-85.25,71.75,present in both
-85.25,72.25,present in both
-85.25,72.75,present in both
-85.25,73.75,present in both
-85.25,74.75,present in both
-85.25,75.25,present in both
-85.25,77.25,present in both
-85.25,78.25,present in both
-85.25,78.75,present in both
-85.25,79.25,present in both
-85.25,79.75,present in both
-85.25,80.25,present in both
-85.25,80.75,present in both
-85.25,82.25,present in both
-84.75,48.25,present in both
-84.75,48.75,present in both
-84.75,49.25,present in both
-84.75,49.75,present in both
-84.75,50.25,present in both
-84.75,50.75,present in both
-84.75,51.25,present in both
-84.75,51.75,present in both
-84.75,52.25,present in both
-84.75,52.75,present in both
-84.75,53.25,present in both
-84.75,53.75,present in both
-84.75,54.25,present in both
-84.75,54.75,present in both
-84.75,63.75,present in both
-84.75,64.25,present in both
-84.75,64.75,present in both
-84.75,65.75,present in both
-84.75,66.25,present in both
-84.75,66.75,present in both
-84.75,67.25,present in both
-84.75,67.75,present in both
-84.75,68.25,present in both
-84.75,69.25,present in both
-84.75,69.75,present in both
-84.75,70.25,present in both
-84.75,70.75,present in both
-84.75,71.75,present in both
-84.75,72.25,present in both
-84.75,72.75,present in both
-84.75,73.25,present in both
-84.75,74.75,present in both
-84.75,76.75,present in both
-84.75,77.25,present in both
-84.75,77.75,present in both
-84.75,78.25,present in both
-84.75,78.75,present in both
-84.75,80.25,present in both
-84.75,80.75,present in both
-84.75,82.25,present in both
-84.25,48.25,present in both
-84.25,48.75,present in both
-84.25,49.25,present in both
-84.25,49.75,present in both
-84.25,50.25,present in both
-84.25,50.75,present in both
-84.25,51.25,present in both
-84.25,51.75,present in both
-84.25,52.25,present in both
-84.25,52.75,present in both
-84.25,53.25,present in both
-84.25,53.75,present in both
-84.25,54.25,present in both
-84.25,54.75,present in both
-84.25,55.25,present in both
-84.25,63.75,present in both
-84.25,64.25,present in both
-84.25,64.75,present in both
-84.25,65.25,present in both
-84.25,66.75,present in both
-84.25,67.25,present in both
-84.25,67.75,present in both
-84.25,68.25,present in both
-84.25,68.75,present in both
-84.25,69.25,present in both
-84.25,69.75,present in both
-84.25,70.25,present in both
-84.25,70.75,present in both
-84.25,71.25,present in both
-84.25,71.75,present in both
-84.25,72.25,present in both
-84.25,72.75,present in both
-84.25,73.25,present in both
-84.25,74.75,present in both
-84.25,76.75,present in both
-84.25,77.25,present in both
-84.25,77.75,present in both
-84.25,78.25,present in both
-84.25,78.75,present in both
-84.25,80.25,present in both
-84.25,80.75,present in both
-84.25,82.25,present in both
-83.75,48.25,present in both
-83.75,48.75,present in both
-83.75,49.25,present in both
-83.75,49.75,present in both
-83.75,50.25,present in both
-83.75,50.75,present in both
-83.75,51.25,present in both
-83.75,51.75,present in both
-83.75,52.25,present in both
-83.75,52.75,present in both
-83.75,53.25,present in both
-83.75,53.75,present in both
-83.75,54.25,present in both
-83.75,54.75,present in both
-83.75,55.25,present in both
-83.75,64.25,present in both
-83.75,64.75,present in both
-83.75,66.75,present in both
-83.75,67.25,present in both
-83.75,67.75,present in both
-83.75,68.25,present in both
-83.75,68.75,present in both
-83.75,69.25,present in both
-83.75,69.75,present in both
-83.75,70.25,present in both
-83.75,70.75,present in both
-83.75,71.25,present in both
-83.75,71.75,present in both
-83.75,72.25,present in both
-83.75,72.75,present in both
-83.75,73.25,present in both
-83.75,74.75,present in both
-83.75,76.75,present in both
-83.75,77.25,present in both
-83.75,77.75,present in both
-83.75,78.25,present in both
-83.75,78.75,present in both
-83.75,80.75,present in both
-83.75,82.25,present in both
-83.25,48.75,present in both
-83.25,49.25,present in both
-83.25,49.75,present in both
-83.25,50.25,present in both
-83.25,50.75,present in both
-83.25,51.25,present in both
-83.25,51.75,present in both
-83.25,52.25,present in both
-83.25,52.75,present in both
-83.25,53.25,present in both
-83.25,53.75,present in both
-83.25,54.25,present in both
-83.25,54.75,present in both
-83.25,62.25,present in both
-83.25,62.75,present in both
-83.25,64.25,present in both
-83.25,64.75,present in both
-83.25,66.75,present in both
-83.25,67.25,present in both
-83.25,67.75,present in both
-83.25,68.25,present in both
-83.25,68.75,present in both
-83.25,69.25,present in both
-83.25,70.25,present in both
-83.25,70.75,present in both
-83.25,71.25,present in both
-83.25,71.75,present in both
-83.25,72.25,present in both
-83.25,72.75,present in both
-83.25,73.25,present in both
-83.25,76.75,present in both
-83.25,77.25,present in both
-83.25,77.75,present in both
-83.25,78.25,present in both
-83.25,80.75,present in both
-82.75,48.75,present in both
-82.75,49.25,present in both
-82.75,49.75,present in both
-82.75,50.25,present in both
-82.75,50.75,present in both
-82.75,51.25,present in both
-82.75,51.75,present in both
-82.75,52.25,present in both
-82.75,52.75,present in both
-82.75,53.25,present in both
-82.75,53.75,present in both
-82.75,54.25,present in both
-82.75,54.75,present in both
-82.75,62.75,present in both
-82.75,64.25,present in both
-82.75,64.75,present in both
-82.75,66.75,present in both
-82.75,67.25,present in both
-82.75,67.75,present in both
-82.75,68.25,present in both
-82.75,68.75,present in both
-82.75,69.25,present in both
-82.75,70.25,present in both
-82.75,70.75,present in both
-82.75,71.25,present in both
-82.75,71.75,present in both
-82.75,72.25,present in both
-82.75,72.75,present in both
-82.75,73.25,present in both
-82.75,74.75,present in both
-82.75,76.75,present in both
-82.75,77.25,present in both
-82.75,77.75,present in both
-82.75,78.25,present in both
-82.75,78.75,present in both
-82.75,80.25,present in both
-82.75,80.75,present in both
-82.75,82.25,present in both
-82.25,48.75,present in both
-82.25,49.25,present in both
-82.25,49.75,present in both
-82.25,50.25,present in both
-82.25,50.75,present in both
-82.25,51.25,present in both
-82.25,51.75,present in both
-82.25,52.25,present in both
-82.25,52.75,present in both
-82.25,53.25,present in both
-82.25,53.75,present in both
-82.25,54.75,present in both
-82.25,62.75,present in both
-82.25,63.75,present in both
-82.25,64.25,present in both
-82.25,66.75,present in both
-82.25,67.25,present in both
-82.25,67.75,present in both
-82.25,68.25,present in both
-82.25,68.75,present in both
-82.25,69.25,present in both
-82.25,70.25,present in both
-82.25,70.75,present in both
-82.25,71.25,present in both
-82.25,71.75,present in both
-82.25,72.25,present in both
-82.25,72.75,present in both
-82.25,73.25,present in both
-82.25,74.75,present in both
-82.25,76.75,present in both
-82.25,77.25,present in both
-82.25,77.75,present in both
-82.25,78.25,present in both
-82.25,78.75,present in both
-82.25,80.25,present in both
-81.75,48.75,present in both
-81.75,49.25,present in both
-81.75,49.75,present in both
-81.75,50.25,present in both
-81.75,50.75,present in both
-81.75,51.25,present in both
-81.75,51.75,present in both
-81.75,52.25,present in both
-81.75,63.75,present in both
-81.75,64.25,present in both
-81.75,67.25,present in both
-81.75,67.75,present in both
-81.75,68.75,present in both
-81.75,69.25,present in both
-81.75,70.25,present in both
-81.75,70.75,present in both
-81.75,71.25,present in both
-81.75,71.75,present in both
-81.75,72.25,present in both
-81.75,72.75,present in both
-81.75,73.25,present in both
-81.75,74.75,present in both
-81.75,76.75,present in both
-81.75,77.75,present in both
-81.75,80.25,present in both
-81.75,80.75,present in both
-81.25,48.25,present in both
-81.25,48.75,present in both
-81.25,49.25,present in both
-81.25,49.75,present in both
-81.25,50.25,present in both
-81.25,50.75,present in both
-81.25,51.25,present in both
-81.25,51.75,present in both
-81.25,63.75,present in both
-81.25,70.25,present in both
-81.25,70.75,present in both
-81.25,71.25,present in both
-81.25,71.75,present in both
-81.25,72.75,present in both
-81.25,73.25,present in both
-81.25,74.75,present in both
-81.25,76.75,present in both
-81.25,77.25,present in both
-81.25,77.75,present in both
-81.25,80.25,present in both
-81.25,80.75,present in both
-80.75,48.75,present in both
-80.75,49.25,present in both
-80.75,49.75,present in both
-80.75,50.25,present in both
-80.75,50.75,present in both
-80.75,51.25,present in both
-80.75,51.75,present in both
-80.75,63.75,present in both
-80.75,70.25,present in both
-80.75,70.75,present in both
-80.75,71.25,present in both
-80.75,71.75,present in both
-80.75,72.75,present in both
-80.75,74.75,present in both
-80.25,48.75,present in both
-80.25,49.25,present in both
-80.25,49.75,present in both
-80.25,50.25,present in both
-80.25,50.75,present in both
-80.25,51.25,present in both
-80.25,70.25,present in both
-80.25,70.75,present in both
-80.25,71.25,present in both
-80.25,71.75,present in both
-80.25,72.25,present in both
-80.25,73.25,present in both
-80.25,74.75,present in both
-79.75,48.25,present in both
-79.75,48.75,present in both
-79.75,49.25,present in both
-79.75,49.75,present in both
-79.75,50.25,present in both
-79.75,50.75,present in both
-79.75,61.75,present in both
-79.75,62.25,present in both
-79.75,69.75,present in both
-79.75,70.25,present in both
-79.75,70.75,present in both
-79.75,71.25,present in both
-79.75,71.75,present in both
-79.75,72.25,present in both
-79.75,75.25,present in both
-79.25,48.25,present in both
-79.25,48.75,present in both
-79.25,49.25,present in both
-79.25,49.75,present in both
-79.25,50.25,present in both
-79.25,50.75,present in both
-79.25,51.25,present in both
-79.25,54.25,present in both
-79.25,54.75,present in both
-79.25,56.25,present in both
-79.25,70.25,present in both
-79.25,70.75,present in both
-79.25,71.25,present in both
-79.25,71.75,present in both
-79.25,72.25,present in both
-79.25,72.75,present in both
-78.75,48.25,present in both
-78.75,48.75,present in both
-78.75,49.25,present in both
-78.75,49.75,present in both
-78.75,50.25,present in both
-78.75,50.75,present in both
-78.75,51.25,present in both
-78.75,51.75,present in both
-78.75,52.75,present in both
-78.75,53.25,present in both
-78.75,53.75,present in both
-78.75,54.25,present in both
-78.75,54.75,present in both
-78.75,69.25,present in both
-78.75,70.75,present in both
-78.75,71.25,present in both
-78.75,71.75,present in both
-78.75,72.25,present in both
-78.75,76.75,present in both
-78.25,47.75,present in both
-78.25,48.25,present in both
-78.25,48.75,present in both
-78.25,49.25,present in both
-78.25,49.75,present in both
-78.25,50.25,present in both
-78.25,50.75,present in both
-78.25,51.25,present in both
-78.25,51.75,present in both
-78.25,52.25,present in both
-78.25,52.75,present in both
-78.25,53.25,present in both
-78.25,53.75,present in both
-78.25,54.25,present in both
-78.25,54.75,present in both
-78.25,58.75,present in both
-78.25,63.25,present in both
-78.25,70.25,present in both
-78.25,70.75,present in both
-78.25,71.25,present in both
-78.25,71.75,present in both
-78.25,72.25,present in both
-78.25,76.75,present in both
-77.75,47.75,present in both
-77.75,48.25,present in both
-77.75,48.75,present in both
-77.75,49.25,present in both
-77.75,49.75,present in both
-77.75,50.25,present in both
-77.75,50.75,present in both
-77.75,51.25,present in both
-77.75,51.75,present in both
-77.75,52.25,present in both
-77.75,52.75,present in both
-77.75,53.25,present in both
-77.75,53.75,present in both
-77.75,54.25,present in both
-77.75,54.75,present in both
-77.75,55.25,present in both
-77.75,58.75,present in both
-77.75,59.25,present in both
-77.75,61.75,present in both
-77.75,62.25,present in both
-77.75,63.25,present in both
-77.75,64.75,present in both
-77.75,70.25,present in both
-77.75,70.75,present in both
-77.75,71.25,present in both
-77.75,71.75,present in both
-77.25,48.25,present in both
-77.25,48.75,present in both
-77.25,49.25,present in both
-77.25,49.75,present in both
-77.25,50.25,present in both
-77.25,50.75,present in both
-77.25,51.25,present in both
-77.25,51.75,present in both
-77.25,52.25,present in both
-77.25,52.75,present in both
-77.25,53.25,present in both
-77.25,53.75,present in both
-77.25,54.25,present in both
-77.25,54.75,present in both
-77.25,55.25,present in both
-77.25,58.25,present in both
-77.25,58.75,present in both
-77.25,59.25,present in both
-77.25,59.75,present in both
-77.25,60.25,present in both
-77.25,60.75,present in both
-77.25,61.25,present in both
-77.25,61.75,present in both
-77.25,62.25,present in both
-77.25,64.75,present in both
-77.25,65.25,present in both
-77.25,67.75,present in both
-77.25,69.25,present in both
-77.25,70.25,present in both
-77.25,70.75,present in both
-77.25,71.25,present in both
-77.25,71.75,present in both
-77.25,72.25,present in both
-77.25,72.75,present in both
-76.75,48.25,present in both
-76.75,48.75,present in both
-76.75,49.25,present in both
-76.75,49.75,present in both
-76.75,50.25,present in both
-76.75,50.75,present in both
-76.75,51.25,present in both
-76.75,51.75,present in both
-76.75,52.25,present in both
-76.75,52.75,present in both
-76.75,53.25,present in both
-76.75,53.75,present in both
-76.75,54.25,present in both
-76.75,54.75,present in both
-76.75,55.25,present in both
-76.75,55.75,present in both
-76.75,57.75,present in both
-76.75,58.25,present in both
-76.75,58.75,present in both
-76.75,59.25,present in both
-76.75,59.75,present in both
-76.75,60.25,present in both
-76.75,60.75,present in both
-76.75,61.25,present in both
-76.75,61.75,present in both
-76.75,62.25,present in both
-76.75,64.25,present in both
-76.75,64.75,present in both
-76.75,65.25,present in both
-76.75,67.25,present in both
-76.75,67.75,present in both
-76.75,69.75,present in both
-76.75,70.25,present in both
-76.75,70.75,present in both
-76.75,71.25,present in both
-76.75,71.75,present in both
-76.75,73.25,present in both
-76.25,48.75,present in both
-76.25,49.25,present in both
-76.25,49.75,present in both
-76.25,50.25,present in both
-76.25,50.75,present in both
-76.25,51.25,present in both
-76.25,51.75,present in both
-76.25,52.25,present in both
-76.25,52.75,present in both
-76.25,53.25,present in both
-76.25,53.75,present in both
-76.25,54.25,present in both
-76.25,54.75,present in both
-76.25,55.25,present in both
-76.25,55.75,present in both
-76.25,56.25,present in both
-76.25,56.75,present in both
-76.25,57.25,present in both
-76.25,57.75,present in both
-76.25,58.25,present in both
-76.25,58.75,present in both
-76.25,59.25,present in both
-76.25,59.75,present in both
-76.25,60.25,present in both
-76.25,60.75,present in both
-76.25,61.25,present in both
-76.25,61.75,present in both
-76.25,62.25,present in both
-76.25,64.75,present in both
-76.25,65.25,present in both
-76.25,67.75,present in both
-76.25,68.25,present in both
-76.25,68.75,present in both
-76.25,69.75,present in both
-76.25,70.25,present in both
-76.25,70.75,present in both
-76.25,71.25,present in both
-76.25,71.75,present in both
-75.75,48.75,present in both
-75.75,49.25,present in both
-75.75,49.75,present in both
-75.75,50.25,present in both
-75.75,50.75,present in both
-75.75,51.25,present in both
-75.75,51.75,present in both
-75.75,52.25,present in both
-75.75,52.75,present in both
-75.75,53.25,present in both
-75.75,53.75,present in both
-75.75,54.25,present in both
-75.75,54.75,present in both
-75.75,55.25,present in both
-75.75,55.75,present in both
-75.75,56.25,present in both
-75.75,56.75,present in both
-75.75,57.25,present in both
-75.75,57.75,present in both
-75.75,58.25,present in both
-75.75,58.75,present in both
-75.75,59.25,present in both
-75.75,59.75,present in both
-75.75,60.25,present in both
-75.75,60.75,present in both
-75.75,61.25,present in both
-75.75,61.75,present in both
-75.75,62.25,present in both
-75.75,64.75,present in both
-75.75,65.25,present in both
-75.75,67.75,present in both
-75.75,68.25,present in both
-75.75,69.75,present in both
-75.75,70.25,present in both
-75.75,70.75,present in both
-75.75,71.25,present in both
-75.25,49.25,present in both
-75.25,49.75,present in both
-75.25,50.25,present in both
-75.25,50.75,present in both
-75.25,51.25,present in both
-75.25,51.75,present in both
-75.25,52.25,present in both
-75.25,52.75,present in both
-75.25,53.25,present in both
-75.25,53.75,present in both
-75.25,54.25,present in both
-75.25,54.75,present in both
-75.25,55.25,present in both
-75.25,55.75,present in both
-75.25,56.25,present in both
-75.25,56.75,present in both
-75.25,57.25,present in both
-75.25,57.75,present in both
-75.25,58.25,present in both
-75.25,58.75,present in both
-75.25,59.25,present in both
-75.25,59.75,present in both
-75.25,60.25,present in both
-75.25,60.75,present in both
-75.25,61.25,present in both
-75.25,61.75,present in both
-75.25,62.25,present in both
-75.25,64.75,present in both
-75.25,67.75,present in both
-75.25,68.25,present in both
-75.25,69.25,present in both
-75.25,69.75,present in both
-75.25,70.25,present in both
-75.25,70.75,present in both
-75.25,71.25,present in both
-75.25,71.75,present in both
-74.75,49.75,present in both
-74.75,50.25,present in both
-74.75,50.75,present in both
-74.75,51.25,present in both
-74.75,51.75,present in both
-74.75,52.25,present in both
-74.75,52.75,present in both
-74.75,53.25,present in both
-74.75,53.75,present in both
-74.75,54.25,present in both
-74.75,54.75,present in both
-74.75,55.25,present in both
-74.75,55.75,present in both
-74.75,56.25,present in both
-74.75,56.75,present in both
-74.75,57.25,present in both
-74.75,57.75,present in both
-74.75,58.25,present in both
-74.75,58.75,present in both
-74.75,59.25,present in both
-74.75,59.75,present in both
-74.75,60.25,present in both
-74.75,60.75,present in both
-74.75,61.25,present in both
-74.75,61.75,present in both
-74.75,65.25,present in both
-74.75,69.25,present in both
-74.75,69.75,present in both
-74.75,71.25,present in both
-74.75,71.75,present in both
-74.75,79.75,present in both
-74.25,49.75,present in both
-74.25,50.25,present in both
-74.25,50.75,present in both
-74.25,51.25,present in both
-74.25,51.75,present in both
-74.25,52.25,present in both
-74.25,52.75,present in both
-74.25,53.25,present in both
-74.25,53.75,present in both
-74.25,54.25,present in both
-74.25,54.75,present in both
-74.25,55.25,present in both
-74.25,55.75,present in both
-74.25,56.25,present in both
-74.25,56.75,present in both
-74.25,57.25,present in both
-74.25,57.75,present in both
-74.25,58.25,present in both
-74.25,58.75,present in both
-74.25,59.25,present in both
-74.25,59.75,present in both
-74.25,60.25,present in both
-74.25,60.75,present in both
-74.25,61.25,present in both
-74.25,61.75,present in both
-74.25,62.25,present in both
-74.25,64.75,present in both
-74.25,65.25,present in both
-74.25,68.75,present in both
-74.25,69.25,present in both
-74.25,69.75,present in both
-74.25,71.25,present in both
-74.25,79.75,present in both
-73.75,49.25,present in both
-73.75,49.75,present in both
-73.75,50.25,present in both
-73.75,50.75,present in both
-73.75,51.25,present in both
-73.75,51.75,present in both
-73.75,52.25,present in both
-73.75,52.75,present in both
-73.75,53.25,present in both
-73.75,53.75,present in both
-73.75,54.25,present in both
-73.75,54.75,present in both
-73.75,55.25,present in both
-73.75,55.75,present in both
-73.75,56.25,present in both
-73.75,56.75,present in both
-73.75,57.25,present in both
-73.75,57.75,present in both
-73.75,58.25,present in both
-73.75,58.75,present in both
-73.75,59.25,present in both
-73.75,59.75,present in both
-73.75,60.25,present in both
-73.75,60.75,present in both
-73.75,61.25,present in both
-73.75,61.75,present in both
-73.75,62.25,present in both
-73.75,64.75,present in both
-73.75,65.25,present in both
-73.75,66.25,present in both
-73.75,68.75,present in both
-73.75,69.25,present in both
-73.75,69.75,present in both
-73.75,71.25,present in both
-73.75,79.75,present in both
-73.25,49.25,present in both
-73.25,49.75,present in both
-73.25,50.25,present in both
-73.25,50.75,present in both
-73.25,51.25,present in both
-73.25,51.75,present in both
-73.25,52.25,present in both
-73.25,52.75,present in both
-73.25,53.25,present in both
-73.25,53.75,present in both
-73.25,54.25,present in both
-73.25,54.75,present in both
-73.25,55.25,present in both
-73.25,55.75,present in both
-73.25,56.25,present in both
-73.25,56.75,present in both
-73.25,57.25,present in both
-73.25,57.75,present in both
-73.25,58.25,present in both
-73.25,58.75,present in both
-73.25,59.25,present in both
-73.25,59.75,present in both
-73.25,60.25,present in both
-73.25,60.75,present in both
-73.25,61.25,present in both
-73.25,61.75,present in both
-73.25,62.25,present in both
-73.25,64.75,present in both
-73.25,65.25,present in both
-73.25,65.75,present in both
-73.25,66.25,present in both
-73.25,68.75,present in both
-73.25,69.25,present in both
-73.25,69.75,present in both
-73.25,71.25,present in both
-72.75,48.75,present in both
-72.75,49.25,present in both
-72.75,49.75,present in both
-72.75,50.25,present in both
-72.75,50.75,present in both
-72.75,51.25,present in both
-72.75,51.75,present in both
-72.75,52.25,present in both
-72.75,52.75,present in both
-72.75,53.25,present in both
-72.75,53.75,present in both
-72.75,54.25,present in both
-72.75,54.75,present in both
-72.75,55.25,present in both
-72.75,55.75,present in both
-72.75,56.25,present in both
-72.75,56.75,present in both
-72.75,57.25,present in both
-72.75,57.75,present in both
-72.75,58.25,present in both
-72.75,58.75,present in both
-72.75,59.25,present in both
-72.75,59.75,present in both
-72.75,60.25,present in both
-72.75,60.75,present in both
-72.75,61.25,present in both
-72.75,61.75,present in both
-72.75,64.25,present in both
-72.75,64.75,present in both
-72.75,65.25,present in both
-72.75,65.75,present in both
-72.75,66.25,present in both
-72.75,66.75,present in both
-72.75,68.25,present in both
-72.75,68.75,present in both
-72.75,69.25,present in both
-72.75,69.75,present in both
-72.75,70.25,present in both
-72.75,70.75,present in both
-72.75,71.25,present in both
-72.75,79.75,present in both
-72.25,48.75,present in both
-72.25,49.25,present in both
-72.25,49.75,present in both
-72.25,50.25,present in both
-72.25,50.75,present in both
-72.25,51.25,present in both
-72.25,51.75,present in both
-72.25,52.25,present in both
-72.25,52.75,present in both
-72.25,53.25,present in both
-72.25,53.75,present in both
-72.25,54.25,present in both
-72.25,54.75,present in both
-72.25,55.25,present in both
-72.25,55.75,present in both
-72.25,56.25,present in both
-72.25,56.75,present in both
-72.25,57.25,present in both
-72.25,57.75,present in both
-72.25,58.25,present in both
-72.25,58.75,present in both
-72.25,59.25,present in both
-72.25,59.75,present in both
-72.25,60.25,present in both
-72.25,60.75,present in both
-72.25,61.25,present in both
-72.25,61.75,present in both
-72.25,64.25,present in both
-72.25,64.75,present in both
-72.25,65.25,present in both
-72.25,65.75,present in both
-72.25,66.25,present in both
-72.25,66.75,present in both
-72.25,67.75,present in both
-72.25,68.25,present in both
-72.25,68.75,present in both
-72.25,69.25,present in both
-72.25,69.75,present in both
-72.25,70.25,present in both
-72.25,71.25,present in both
-72.25,78.25,present in both
-72.25,79.75,present in both
-71.75,48.75,present in both
-71.75,49.25,present in both
-71.75,49.75,present in both
-71.75,50.25,present in both
-71.75,50.75,present in both
-71.75,51.25,present in both
-71.75,51.75,present in both
-71.75,52.25,present in both
-71.75,52.75,present in both
-71.75,53.25,present in both
-71.75,53.75,present in both
-71.75,54.25,present in both
-71.75,54.75,present in both
-71.75,55.25,present in both
-71.75,55.75,present in both
-71.75,56.25,present in both
-71.75,56.75,present in both
-71.75,57.25,present in both
-71.75,57.75,present in both
-71.75,58.25,present in both
-71.75,58.75,present in both
-71.75,59.25,present in both
-71.75,59.75,present in both
-71.75,60.25,present in both
-71.75,60.75,present in both
-71.75,61.25,present in both
-71.75,63.75,present in both
-71.75,64.25,present in both
-71.75,64.75,present in both
-71.75,65.25,present in both
-71.75,65.75,present in both
-71.75,66.25,present in both
-71.75,66.75,present in both
-71.75,67.25,present in both
-71.75,67.75,present in both
-71.75,68.25,present in both
-71.75,68.75,present in both
-71.75,69.25,present in both
-71.75,69.75,present in both
-71.75,71.25,present in both
-71.75,79.75,present in both
-71.25,48.25,present in both
-71.25,48.75,present in both
-71.25,49.25,present in both
-71.25,49.75,present in both
-71.25,50.25,present in both
-71.25,50.75,present in both
-71.25,51.25,present in both
-71.25,51.75,present in both
-71.25,52.25,present in both
-71.25,52.75,present in both
-71.25,53.25,present in both
-71.25,53.75,present in both
-71.25,54.25,present in both
-71.25,54.75,present in both
-71.25,55.25,present in both
-71.25,55.75,present in both
-71.25,56.25,present in both
-71.25,56.75,present in both
-71.25,57.25,present in both
-71.25,57.75,present in both
-71.25,58.25,present in both
-71.25,58.75,present in both
-71.25,59.25,present in both
-71.25,59.75,present in both
-71.25,60.25,present in both
-71.25,60.75,present in both
-71.25,63.25,present in both
-71.25,63.75,present in both
-71.25,64.25,present in both
-71.25,65.25,present in both
-71.25,65.75,present in both
-71.25,66.25,present in both
-71.25,66.75,present in both
-71.25,67.25,present in both
-71.25,67.75,present in both
-71.25,68.25,present in both
-71.25,68.75,present in both
-71.25,69.25,present in both
-71.25,69.75,present in both
-71.25,71.25,present in both
-70.75,48.25,present in both
-70.75,48.75,present in both
-70.75,49.25,present in both
-70.75,49.75,present in both
-70.75,50.25,present in both
-70.75,50.75,present in both
-70.75,51.25,present in both
-70.75,51.75,present in both
-70.75,52.25,present in both
-70.75,52.75,present in both
-70.75,53.25,present in both
-70.75,53.75,present in both
-70.75,54.25,present in both
-70.75,54.75,present in both
-70.75,55.25,present in both
-70.75,55.75,present in both
-70.75,56.25,present in both
-70.75,56.75,present in both
-70.75,57.25,present in both
-70.75,57.75,present in both
-70.75,58.25,present in both
-70.75,58.75,present in both
-70.75,59.25,present in both
-70.75,59.75,present in both
-70.75,60.25,present in both
-70.75,60.75,present in both
-70.75,62.75,present in both
-70.75,63.25,present in both
-70.75,63.75,present in both
-70.75,64.25,present in both
-70.75,64.75,present in both
-70.75,65.25,present in both
-70.75,65.75,present in both
-70.75,67.25,present in both
-70.75,67.75,present in both
-70.75,68.25,present in both
-70.75,68.75,present in both
-70.75,69.25,present in both
-70.75,69.75,present in both
-70.75,78.25,present in both
-70.25,48.25,present in both
-70.25,48.75,present in both
-70.25,49.25,present in both
-70.25,49.75,present in both
-70.25,50.25,present in both
-70.25,50.75,present in both
-70.25,51.25,present in both
-70.25,51.75,present in both
-70.25,52.25,present in both
-70.25,52.75,present in both
-70.25,53.25,present in both
-70.25,53.75,present in both
-70.25,54.25,present in both
-70.25,54.75,present in both
-70.25,55.25,present in both
-70.25,55.75,present in both
-70.25,56.25,present in both
-70.25,56.75,present in both
-70.25,57.25,present in both
-70.25,57.75,present in both
-70.25,58.25,present in both
-70.25,58.75,present in both
-70.25,59.25,present in both
-70.25,59.75,present in both
-70.25,60.25,present in both
-70.25,60.75,present in both
-70.25,63.25,present in both
-70.25,63.75,present in both
-70.25,64.25,present in both
-70.25,64.75,present in both
-70.25,65.25,present in both
-70.25,65.75,present in both
-70.25,66.75,present in both
-70.25,67.25,present in both
-70.25,67.75,present in both
-70.25,68.25,present in both
-70.25,68.75,present in both
-70.25,69.25,present in both
-70.25,69.75,present in both
-70.25,77.75,present in both
-70.25,78.25,present in both
-69.75,48.25,present in both
-69.75,48.75,present in both
-69.75,49.25,present in both
-69.75,49.75,present in both
-69.75,50.25,present in both
-69.75,50.75,present in both
-69.75,51.25,present in both
-69.75,51.75,present in both
-69.75,52.25,present in both
-69.75,52.75,present in both
-69.75,53.25,present in both
-69.75,53.75,present in both
-69.75,54.25,present in both
-69.75,54.75,present in both
-69.75,55.25,present in both
-69.75,55.75,present in both
-69.75,56.25,present in both
-69.75,56.75,present in both
-69.75,57.25,present in both
-69.75,57.75,present in both
-69.75,58.25,present in both
-69.75,59.25,present in both
-69.75,59.75,present in both
-69.75,60.25,present in both
-69.75,60.75,present in both
-69.75,63.25,present in both
-69.75,63.75,present in both
-69.75,64.25,present in both
-69.75,64.75,present in both
-69.75,65.25,present in both
-69.75,65.75,present in both
-69.75,66.25,present in both
-69.75,66.75,present in both
-69.75,67.25,present in both
-69.75,67.75,present in both
-69.75,68.25,present in both
-69.75,68.75,present in both
-69.75,70.25,present in both
-69.75,76.75,present in both
-69.75,77.75,present in both
-69.75,78.25,present in both
-69.75,78.75,present in both
-69.25,48.75,present in both
-69.25,49.25,present in both
-69.25,49.75,present in both
-69.25,50.25,present in both
-69.25,50.75,present in both
-69.25,51.25,present in both
-69.25,51.75,present in both
-69.25,52.25,present in both
-69.25,52.75,present in both
-69.25,53.25,present in both
-69.25,53.75,present in both
-69.25,54.25,present in both
-69.25,54.75,present in both
-69.25,55.25,present in both
-69.25,55.75,present in both
-69.25,56.25,present in both
-69.25,56.75,present in both
-69.25,57.25,present in both
-69.25,57.75,present in both
-69.25,58.25,present in both
-69.25,58.75,present in both
-69.25,62.75,present in both
-69.25,63.25,present in both
-69.25,63.75,present in both
-69.25,64.25,present in both
-69.25,64.75,present in both
-69.25,65.25,present in both
-69.25,65.75,present in both
-69.25,66.25,present in both
-69.25,66.75,present in both
-69.25,67.25,present in both
-69.25,67.75,present in both
-69.25,68.25,present in both
-69.25,68.75,present in both
-69.25,70.75,present in both
-69.25,76.75,present in both
-69.25,77.75,present in both
-69.25,78.25,present in both
-69.25,78.75,present in both
-68.75,49.25,present in both
-68.75,49.75,present in both
-68.75,50.25,present in both
-68.75,50.75,present in both
-68.75,51.25,present in both
-68.75,51.75,present in both
-68.75,52.25,present in both
-68.75,52.75,present in both
-68.75,53.25,present in both
-68.75,53.75,present in both
-68.75,54.25,present in both
-68.75,54.75,present in both
-68.75,55.25,present in both
-68.75,55.75,present in both
-68.75,56.25,present in both
-68.75,56.75,present in both
-68.75,57.25,present in both
-68.75,57.75,present in both
-68.75,58.25,present in both
-68.75,58.75,present in both
-68.75,62.75,present in both
-68.75,63.25,present in both
-68.75,63.75,present in both
-68.75,64.25,present in both
-68.75,64.75,present in both
-68.75,65.25,present in both
-68.75,65.75,present in both
-68.75,66.25,present in both
-68.75,66.75,present in both
-68.75,67.25,present in both
-68.75,67.75,present in both
-68.75,68.25,present in both
-68.75,68.75,present in both
-68.75,69.25,present in both
-68.75,69.75,present in both
-68.75,78.25,present in both
-68.75,78.75,present in both
-68.75,80.75,present in both
-68.25,49.25,present in both
-68.25,49.75,present in both
-68.25,50.25,present in both
-68.25,50.75,present in both
-68.25,51.25,present in both
-68.25,51.75,present in both
-68.25,52.25,present in both
-68.25,52.75,present in both
-68.25,53.25,present in both
-68.25,53.75,present in both
-68.25,54.25,present in both
-68.25,54.75,present in both
-68.25,55.25,present in both
-68.25,55.75,present in both
-68.25,56.25,present in both
-68.25,56.75,present in both
-68.25,57.25,present in both
-68.25,57.75,present in both
-68.25,62.25,present in both
-68.25,62.75,present in both
-68.25,63.25,present in both
-68.25,63.75,present in both
-68.25,64.25,present in both
-68.25,64.75,present in both
-68.25,65.25,present in both
-68.25,65.75,present in both
-68.25,66.25,present in both
-68.25,66.75,present in both
-68.25,67.25,present in both
-68.25,67.75,present in both
-68.25,68.25,present in both
-68.25,69.25,present in both
-68.25,69.75,present in both
-68.25,78.25,present in both
-68.25,78.75,present in both
-67.75,49.75,present in both
-67.75,50.25,present in both
-67.75,50.75,present in both
-67.75,51.25,present in both
-67.75,51.75,present in both
-67.75,52.25,present in both
-67.75,52.75,present in both
-67.75,53.25,present in both
-67.75,53.75,present in both
-67.75,54.25,present in both
-67.75,54.75,present in both
-67.75,55.25,present in both
-67.75,55.75,present in both
-67.75,56.25,present in both
-67.75,56.75,present in both
-67.75,57.25,present in both
-67.75,57.75,present in both
-67.75,58.25,present in both
-67.75,62.25,present in both
-67.75,62.75,present in both
-67.75,63.75,present in both
-67.75,64.25,present in both
-67.75,64.75,present in both
-67.75,65.25,present in both
-67.75,66.25,present in both
-67.75,66.75,present in both
-67.75,67.25,present in both
-67.75,67.75,present in both
-67.75,68.25,present in both
-67.75,69.25,present in both
-67.25,49.75,present in both
-67.25,50.25,present in both
-67.25,50.75,present in both
-67.25,51.25,present in both
-67.25,51.75,present in both
-67.25,52.25,present in both
-67.25,52.75,present in both
-67.25,53.25,present in both
-67.25,53.75,present in both
-67.25,54.25,present in both
-67.25,54.75,present in both
-67.25,55.25,present in both
-67.25,55.75,present in both
-67.25,56.25,present in both
-67.25,56.75,present in both
-67.25,57.25,present in both
-67.25,57.75,present in both
-67.25,58.25,present in both
-67.25,62.25,present in both
-67.25,62.75,present in both
-67.25,63.75,present in both
-67.25,64.25,present in both
-67.25,64.75,present in both
-67.25,65.25,present in both
-67.25,66.75,present in both
-67.25,67.25,present in both
-67.25,67.75,present in both
-67.25,69.25,present in both
-67.25,69.75,present in both
-67.25,80.25,present in both
-66.75,50.25,present in both
-66.75,50.75,present in both
-66.75,51.25,present in both
-66.75,51.75,present in both
-66.75,52.25,present in both
-66.75,52.75,present in both
-66.75,53.25,present in both
-66.75,53.75,present in both
-66.75,54.25,present in both
-66.75,54.75,present in both
-66.75,55.25,present in both
-66.75,55.75,present in both
-66.75,56.25,present in both
-66.75,56.75,present in both
-66.75,57.25,present in both
-66.75,57.75,present in both
-66.75,58.25,present in both
-66.75,62.25,present in both
-66.75,63.25,present in both
-66.75,63.75,present in both
-66.75,64.25,present in both
-66.75,64.75,present in both
-66.75,66.75,present in both
-66.75,69.25,present in both
-66.75,77.25,present in both
-66.75,77.75,present in both
-66.25,50.25,present in both
-66.25,50.75,present in both
-66.25,51.25,present in both
-66.25,51.75,present in both
-66.25,52.25,present in both
-66.25,52.75,present in both
-66.25,53.25,present in both
-66.25,53.75,present in both
-66.25,54.25,present in both
-66.25,54.75,present in both
-66.25,55.25,present in both
-66.25,55.75,present in both
-66.25,56.25,present in both
-66.25,56.75,present in both
-66.25,57.25,present in both
-66.25,57.75,present in both
-66.25,58.25,present in both
-66.25,58.75,present in both
-66.25,62.25,present in both
-66.25,63.25,present in both
-66.25,63.75,present in both
-66.25,64.25,present in both
-66.25,64.75,present in both
-66.25,66.25,present in both
-66.25,66.75,present in both
-66.25,77.75,present in both
-65.75,50.75,present in both
-65.75,51.25,present in both
-65.75,51.75,present in both
-65.75,52.25,present in both
-65.75,52.75,present in both
-65.75,53.25,present in both
-65.75,53.75,present in both
-65.75,54.25,present in both
-65.75,54.75,present in both
-65.75,55.25,present in both
-65.75,55.75,present in both
-65.75,56.25,present in both
-65.75,56.75,present in both
-65.75,57.25,present in both
-65.75,57.75,present in both
-65.75,58.25,present in both
-65.75,58.75,present in both
-65.75,63.25,present in both
-65.75,63.75,present in both
-65.75,64.25,present in both
-65.75,64.75,present in both
-65.25,50.75,present in both
-65.25,51.25,present in both
-65.25,51.75,present in both
-65.25,52.25,present in both
-65.25,52.75,present in both
-65.25,53.25,present in both
-65.25,53.75,present in both
-65.25,54.25,present in both
-65.25,54.75,present in both
-65.25,55.25,present in both
-65.25,55.75,present in both
-65.25,56.25,present in both
-65.25,56.75,present in both
-65.25,57.25,present in both
-65.25,57.75,present in both
-65.25,58.25,present in both
-65.25,58.75,present in both
-65.25,59.25,present in both
-65.25,59.75,present in both
-65.25,62.75,present in both
-65.25,63.25,present in both
-65.25,63.75,present in both
-65.25,65.75,present in both
-65.25,79.25,present in both
-64.75,50.75,present in both
-64.75,51.25,present in both
-64.75,51.75,present in both
-64.75,52.25,present in both
-64.75,52.75,present in both
-64.75,53.25,present in both
-64.75,53.75,present in both
-64.75,54.25,present in both
-64.75,54.75,present in both
-64.75,55.25,present in both
-64.75,55.75,present in both
-64.75,56.25,present in both
-64.75,56.75,present in both
-64.75,57.25,present in both
-64.75,57.75,present in both
-64.75,58.25,present in both
-64.75,58.75,present in both
-64.75,59.25,present in both
-64.75,59.75,present in both
-64.75,60.25,present in both
-64.75,63.25,present in both
-64.75,63.75,present in both
-64.75,65.25,present in both
-64.75,65.75,present in both
-64.75,66.25,present in both
-64.75,66.75,present in both
-64.75,67.25,present in both
-64.75,67.75,present in both
-64.75,81.75,present in both
-64.75,82.25,present in both
-64.75,82.75,present in both
-64.25,50.75,present in both
-64.25,51.25,present in both
-64.25,51.75,present in both
-64.25,52.25,present in both
-64.25,52.75,present in both
-64.25,53.25,present in both
-64.25,53.75,present in both
-64.25,54.25,present in both
-64.25,54.75,present in both
-64.25,55.25,present in both
-64.25,55.75,present in both
-64.25,56.25,present in both
-64.25,56.75,present in both
-64.25,57.25,present in both
-64.25,57.75,present in both
-64.25,58.25,present in both
-64.25,58.75,present in both
-64.25,59.25,present in both
-64.25,65.25,present in both
-64.25,65.75,present in both
-64.25,66.25,present in both
-64.25,66.75,present in both
-64.25,81.75,present in both
-64.25,82.25,present in both
-64.25,82.75,present in both
-63.75,49.75,present in both
-63.75,50.75,present in both
-63.75,51.25,present in both
-63.75,51.75,present in both
-63.75,52.25,present in both
-63.75,52.75,present in both
-63.75,53.25,present in both
-63.75,53.75,present in both
-63.75,54.25,present in both
-63.75,54.75,present in both
-63.75,55.25,present in both
-63.75,55.75,present in both
-63.75,56.25,present in both
-63.75,56.75,present in both
-63.75,57.25,present in both
-63.75,57.75,present in both
-63.75,58.25,present in both
-63.75,58.75,present in both
-63.75,65.25,present in both
-63.75,65.75,present in both
-63.75,82.25,present in both
-63.75,82.75,present in both
-63.25,49.75,present in both
-63.25,50.25,present in both
-63.25,50.75,present in both
-63.25,51.25,present in both
-63.25,51.75,present in both
-63.25,52.25,present in both
-63.25,52.75,present in both
-63.25,53.25,present in both
-63.25,53.75,present in both
-63.25,54.25,present in both
-63.25,54.75,present in both
-63.25,55.25,present in both
-63.25,55.75,present in both
-63.25,56.25,present in both
-63.25,56.75,present in both
-63.25,57.25,present in both
-63.25,57.75,present in both
-63.25,58.25,present in both
-63.25,58.75,present in both
-63.25,65.75,present in both
-63.25,67.25,present in both
-63.25,82.25,present in both
-62.75,49.25,present in both
-62.75,50.75,present in both
-62.75,51.25,present in both
-62.75,51.75,present in both
-62.75,52.25,present in both
-62.75,52.75,present in both
-62.75,53.25,present in both
-62.75,53.75,present in both
-62.75,54.25,present in both
-62.75,54.75,present in both
-62.75,55.25,present in both
-62.75,55.75,present in both
-62.75,56.25,present in both
-62.75,56.75,present in both
-62.75,57.25,present in both
-62.75,57.75,present in both
-62.75,58.25,present in both
-62.75,65.75,present in both
-62.75,66.25,present in both
-62.75,66.75,present in both
-62.75,82.25,present in both
-62.25,49.25,present in both
-62.25,50.25,present in both
-62.25,50.75,present in both
-62.25,51.25,present in both
-62.25,51.75,present in both
-62.25,52.25,present in both
-62.25,52.75,present in both
-62.25,53.25,present in both
-62.25,53.75,present in both
-62.25,54.25,present in both
-62.25,54.75,present in both
-62.25,55.25,present in both
-62.25,55.75,present in both
-62.25,56.25,present in both
-62.25,56.75,present in both
-62.25,57.25,present in both
-62.25,57.75,present in both
-62.25,66.25,present in both
-62.25,66.75,present in both
-62.25,82.25,present in both
-61.75,50.25,present in both
-61.75,50.75,present in both
-61.75,51.25,present in both
-61.75,51.75,present in both
-61.75,52.25,present in both
-61.75,52.75,present in both
-61.75,53.25,present in both
-61.75,53.75,present in both
-61.75,54.25,present in both
-61.75,54.75,present in both
-61.75,55.25,present in both
-61.75,55.75,present in both
-61.75,56.25,present in both
-61.75,66.75,present in both
-61.75,82.25,present in both
-61.25,50.25,present in both
-61.25,50.75,present in both
-61.25,51.25,present in both
-61.25,51.75,present in both
-61.25,52.25,present in both
-61.25,52.75,present in both
-61.25,53.25,present in both
-61.25,53.75,present in both
-61.25,54.25,present in both
-61.25,54.75,present in both
-61.25,55.25,present in both
-61.25,55.75,present in both
-61.25,81.75,present in both
-60.75,50.25,present in both
-60.75,50.75,present in both
-60.75,51.25,present in both
-60.75,51.75,present in both
-60.75,52.25,present in both
-60.75,52.75,present in both
-60.75,53.25,present in both
-60.75,53.75,present in both
-60.75,54.25,present in both
-60.75,54.75,present in both
-60.75,55.25,present in both
-60.25,50.25,present in both
-60.25,50.75,present in both
-60.25,51.25,present in both
-60.25,51.75,present in both
-60.25,52.25,present in both
-60.25,52.75,present in both
-60.25,53.25,present in both
-60.25,53.75,present in both
-60.25,54.25,present in both
-60.25,54.75,present in both
-59.75,50.75,present in both
-59.75,51.25,present in both
-59.75,51.75,present in both
-59.75,52.25,present in both
-59.75,52.75,present in both
-59.75,53.25,present in both
-59.75,54.25,present in both
-59.75,54.75,present in both
-59.25,47.75,present in both
-59.25,50.75,present in both
-59.25,51.25,present in both
-59.25,51.75,present in both
-59.25,52.25,present in both
-59.25,52.75,present in both
-59.25,53.25,present in both
-59.25,54.25,present in both
-59.25,54.75,present in both
-58.75,47.75,present in both
-58.75,48.25,present in both
-58.75,51.25,present in both
-58.75,51.75,present in both
-58.75,52.25,present in both
-58.75,52.75,present in both
-58.75,53.25,present in both
-58.75,53.75,present in both
-58.75,54.25,present in both
-58.75,54.75,present in both
-58.25,47.75,present in both
-58.25,48.25,present in both
-58.25,48.75,present in both
-58.25,51.75,present in both
-58.25,52.25,present in both
-58.25,52.75,present in both
-58.25,53.25,present in both
-58.25,53.75,present in both
-58.25,54.25,present in both
-58.25,54.75,present in both
-57.75,47.75,present in both
-57.75,48.25,present in both
-57.75,48.75,present in both
-57.75,49.25,present in both
-57.75,49.75,present in both
-57.75,51.75,present in both
-57.75,52.25,present in both
-57.75,52.75,present in both
-57.75,53.25,present in both
-57.75,53.75,present in both
-57.25,47.75,present in both
-57.25,48.25,present in both
-57.25,48.75,present in both
-57.25,49.25,present in both
-57.25,49.75,present in both
-57.25,50.25,present in both
-57.25,51.75,present in both
-57.25,52.25,present in both
-57.25,52.75,present in both
-57.25,53.25,present in both
-57.25,53.75,present in both
-56.75,47.75,present in both
-56.75,48.25,present in both
-56.75,48.75,present in both
-56.75,49.25,present in both
-56.75,50.25,present in both
-56.75,50.75,present in both
-56.75,51.25,present in both
-56.75,51.75,present in both
-56.75,52.25,present in both
-56.75,52.75,present in both
-56.75,53.25,present in both
-56.25,47.75,present in both
-56.25,48.25,present in both
-56.25,48.75,present in both
-56.25,49.25,present in both
-56.25,49.75,present in both
-56.25,50.75,present in both
-56.25,51.25,present in both
-56.25,52.25,present in both
-56.25,52.75,present in both
-56.25,53.25,present in both
-55.75,47.75,present in both
-55.75,48.25,present in both
-55.75,48.75,present in both
-55.75,49.25,present in both
-55.75,52.25,present in both
-55.75,72.75,present in both
-55.75,82.25,present in both
-55.25,47.25,present in both
-55.25,47.75,present in both
-55.25,48.25,present in both
-55.25,48.75,present in both
-55.25,71.75,present in both
-55.25,72.25,present in both
-55.25,72.75,present in both
-54.75,47.75,present in both
-54.75,48.25,present in both
-54.75,48.75,present in both
-54.75,49.25,present in both
-54.75,71.75,present in both
-54.75,72.25,present in both
-54.75,82.25,present in both
-54.25,47.75,present in both
-54.25,48.25,present in both
-54.25,48.75,present in both
-54.25,49.25,present in both
-54.25,69.75,present in both
-54.25,70.25,present in both
-54.25,70.75,present in both
-54.25,71.75,present in both
-54.25,72.25,present in both
-54.25,72.75,present in both
-53.75,47.25,present in both
-53.75,48.25,present in both
-53.75,49.25,present in both
-53.75,67.25,present in both
-53.75,69.75,present in both
-53.75,70.25,present in both
-53.75,70.75,present in both
-53.75,71.25,present in both
-53.75,71.75,present in both
-53.75,81.25,present in both
-53.75,81.75,present in both
-53.25,46.75,present in both
-53.25,47.25,present in both
-53.25,47.75,present in both
-53.25,66.25,present in both
-53.25,67.25,present in both
-53.25,67.75,present in both
-53.25,69.75,present in both
-53.25,70.75,present in both
-53.25,81.25,present in both
-53.25,81.75,present in both
-53.25,82.25,present in both
-52.75,65.75,present in both
-52.75,66.25,present in both
-52.75,66.75,present in both
-52.75,67.25,present in both
-52.75,68.25,present in both
-52.75,69.75,present in both
-52.75,70.25,present in both
-52.25,65.75,present in both
-52.25,66.25,present in both
-52.25,66.75,present in both
-52.25,67.25,present in both
-52.25,68.25,present in both
-52.25,69.75,present in both
-52.25,70.25,present in both
-51.75,64.75,present in both
-51.75,65.25,present in both
-51.75,65.75,present in both
-51.75,66.25,present in both
-51.75,66.75,present in both
-51.75,67.25,present in both
-51.75,67.75,present in both
-51.75,70.25,present in both
-51.25,63.75,present in both
-51.25,64.25,present in both
-51.25,64.75,present in both
-51.25,65.25,present in both
-51.25,65.75,present in both
-51.25,66.25,present in both
-51.25,66.75,present in both
-51.25,67.25,present in both
-51.25,68.25,present in both
-51.25,68.75,present in both
-51.25,69.75,present in both
-51.25,70.25,present in both
-51.25,70.75,present in both
-50.75,64.25,present in both
-50.75,66.25,present in both
-50.75,66.75,present in both
-50.75,67.25,present in both
-50.75,67.75,present in both
-50.75,69.25,present in both
-50.75,70.25,present in both
-50.75,82.25,present in both
-50.25,64.25,present in both
-50.25,66.25,present in both
-50.25,66.75,present in both
-50.25,67.25,present in both
-50.25,67.75,present in both
-50.25,69.25,present in both
-50.25,69.75,present in both
-50.25,70.25,present in both
-50.25,70.75,present in both
-50.25,82.25,present in both
-49.75,82.25,present in both
-49.25,61.75,present in both
-49.25,82.25,present in both
-48.75,61.75,present in both
-48.75,82.25,present in both
-48.25,61.25,present in both
-48.25,61.75,present in both
-48.25,82.25,present in both
-45.25,60.25,present in both
-45.25,60.75,present in both
-44.75,60.25,present in both
-44.75,60.75,present in both
-44.25,60.25,present in both
-44.25,60.75,present in both
-42.75,83.25,present in both
-25.75,70.25,present in both
-25.75,70.75,present in both
-25.75,71.75,present in both
-25.75,72.25,present in both
-25.75,72.75,present in both
-25.75,80.25,present in both
-25.75,80.75,present in both
-25.25,70.25,present in both
-25.25,71.75,present in both
-25.25,72.25,present in both
-25.25,72.75,present in both
-25.25,80.25,present in both
-25.25,80.75,present in both
-24.75,71.75,present in both
-24.75,72.25,present in both
-24.75,73.25,present in both
-24.75,73.75,present in both
-24.75,80.25,present in both
-24.75,80.75,present in both
-24.25,71.25,present in both
-24.25,71.75,present in both
-24.25,72.25,present in both
-24.25,72.75,present in both
-24.25,73.25,present in both
-24.25,80.25,present in both
-24.25,80.75,present in both
-23.75,69.75,present in both
-23.75,70.75,present in both
-23.75,71.25,present in both
-23.75,71.75,present in both
-23.75,72.75,present in both
-23.75,73.25,present in both
-23.75,73.75,present in both
-23.75,80.25,present in both
-23.25,69.75,present in both
-23.25,70.75,present in both
-23.25,71.25,present in both
-23.25,71.75,present in both
-23.25,72.75,present in both
-23.25,73.75,present in both
-23.25,80.25,present in both
-23.25,80.75,present in both
-22.75,65.75,present in both
-22.75,66.25,present in both
-22.75,70.75,present in both
-22.75,71.25,present in both
-22.75,72.25,present in both
-22.75,72.75,present in both
-22.75,73.75,present in both
-22.75,80.25,present in both
-22.75,80.75,present in both
-22.25,64.75,present in both
-22.25,65.25,present in both
-22.25,65.75,present in both
-22.25,66.25,present in both
-22.25,70.75,present in both
-22.25,71.25,present in both
-22.25,72.75,present in both
-22.25,73.25,present in both
-22.25,73.75,present in both
-22.25,80.25,present in both
-22.25,80.75,present in both
-21.75,64.25,present in both
-21.75,64.75,present in both
-21.75,65.25,present in both
-21.75,65.75,present in both
-21.75,70.75,present in both
-21.75,71.25,present in both
-21.75,77.25,present in both
-21.75,80.25,present in both
-21.75,80.75,present in both
-21.75,81.25,present in both
-21.25,64.25,present in both
-21.25,64.75,present in both
-21.25,65.25,present in both
-21.25,73.75,present in both
-21.25,77.25,present in both
-21.25,77.75,present in both
-21.25,80.25,present in both
-21.25,80.75,present in both
-21.25,81.25,present in both
-20.75,64.25,present in both
-20.75,64.75,present in both
-20.75,65.25,present in both
-20.75,73.75,present in both
-20.75,74.25,present in both
-20.75,74.75,present in both
-20.75,75.75,present in both
-20.75,77.25,present in both
-20.75,77.75,present in both
-20.25,63.75,present in both
-20.25,64.25,present in both
-20.25,64.75,present in both
-20.25,65.25,present in both
-20.25,65.75,present in both
-20.25,74.75,present in both
-20.25,75.75,present in both
-20.25,77.25,present in both
-20.25,77.75,present in both
-19.75,63.75,present in both
-19.75,64.25,present in both
-19.75,64.75,present in both
-19.75,65.25,present in both
-19.75,65.75,present in both
-19.75,74.25,present in both
-19.75,75.25,present in both
-19.75,75.75,present in both
-19.75,77.25,present in both
-19.25,63.75,present in both
-19.25,64.25,present in both
-19.25,64.75,present in both
-19.25,65.25,present in both
-19.25,65.75,present in both
-19.25,77.25,present in both
-18.75,63.75,present in both
-18.75,64.25,present in both
-18.75,64.75,present in both
-18.75,65.25,present in both
-18.75,65.75,present in both
-18.75,75.25,present in both
-18.75,76.25,present in both
-18.75,77.25,present in both
-18.25,63.75,present in both
-18.25,64.25,present in both
-18.25,64.75,present in both
-18.25,65.25,present in both
-18.25,65.75,present in both
-18.25,75.25,present in both
-18.25,77.25,present in both
-17.75,63.75,present in both
-17.75,65.25,present in both
-17.75,65.75,present in both
-17.25,65.25,present in both
-17.25,65.75,present in both
-16.75,65.25,present in both
-16.75,65.75,present in both
-16.25,65.25,present in both
-16.25,65.75,present in both
-16.25,66.25,present in both
-15.75,64.25,present in both
-15.75,64.75,present in both
-15.75,65.25,present in both
-15.75,65.75,present in both
-15.75,66.25,present in both
-15.25,64.75,present in both
-15.25,65.25,present in both
-15.25,65.75,present in both
-15.25,66.25,present in both
-14.75,64.75,present in both
-14.75,65.25,present in both
-14.25,64.75,present in both
-14.25,65.25,present in both
-13.75,65.25,present in both
5.25,61.25,present in both
5.25,61.75,present in both
5.75,61.25,present in both
5.75,61.75,present in both
6.25,59.25,present in both
6.25,59.75,present in both
6.25,60.25,present in both
6.25,60.75,present in both
6.25,61.25,present in both
6.25,61.75,present in both
6.25,62.25,present in both
6.75,58.75,present in both
6.75,59.25,present in both
6.75,59.75,present in both
6.75,60.25,present in both
6.75,60.75,present in both
6.75,61.25,present in both
6.75,61.75,present in both
6.75,62.25,present in both
7.25,58.75,present in both
7.25,59.25,present in both
7.25,59.75,present in both
7.25,60.25,present in both
7.25,60.75,present in both
7.25,61.25,present in both
7.25,61.75,present in both
7.25,62.25,present in both
7.25,62.75,present in both
7.75,58.25,present in both
7.75,58.75,present in both
7.75,59.25,present in both
7.75,59.75,present in both
7.75,60.25,present in both
7.75,60.75,present in both
7.75,61.25,present in both
7.75,61.75,present in both
7.75,62.25,present in both
7.75,62.75,present in both
8.25,58.75,present in both
8.25,59.25,present in both
8.25,59.75,present in both
8.25,60.25,present in both
8.25,60.75,present in both
8.25,61.25,present in both
8.25,61.75,present in both
8.25,62.25,present in both
8.25,62.75,present in both
8.75,58.75,present in both
8.75,59.25,present in both
8.75,59.75,present in both
8.75,60.25,present in both
8.75,60.75,present in both
8.75,61.25,present in both
8.75,61.75,present in both
8.75,62.25,present in both
8.75,62.75,present in both
9.25,59.25,present in both
9.25,59.75,present in both
9.25,60.25,present in both
9.25,60.75,present in both
9.25,61.25,present in both
9.25,61.75,present in both
9.25,62.25,present in both
9.25,62.75,present in both
9.25,63.25,present in both
9.75,59.25,present in both
9.75,59.75,present in both
9.75,60.25,present in both
9.75,60.75,present in both
9.75,61.25,present in both
9.75,61.75,present in both
9.75,62.25,present in both
9.75,62.75,present in both
9.75,63.25,present in both
9.75,63.75,present in both
10.25,59.25,present in both
10.25,59.75,present in both
10.25,60.25,present in both
10.25,60.75,present in both
10.25,61.25,present in both
10.25,61.75,present in both
10.25,62.25,present in both
10.25,62.75,present in both
10.25,63.25,present in both
10.25,63.75,present in both
10.75,60.25,present in both
10.75,60.75,present in both
10.75,61.25,present in both
10.75,61.75,present in both
10.75,62.25,present in both
10.75,62.75,present in both
10.75,63.25,present in both
10.75,63.75,present in both
10.75,64.25,present in both
11.25,59.75,present in both
11.25,60.25,present in both
11.25,60.75,present in both
11.25,61.25,present in both
11.25,61.75,present in both
11.25,62.25,present in both
11.25,62.75,present in both
11.25,63.25,present in both
11.25,63.75,present in both
11.25,64.25,present in both
11.25,64.75,present in both
11.75,59.75,present in both
11.75,60.25,present in both
11.75,60.75,present in both
11.75,61.25,present in both
11.75,61.75,present in both
11.75,62.25,present in both
11.75,62.75,present in both
11.75,63.25,present in both
11.75,63.75,present in both
11.75,64.25,present in both
11.75,64.75,present in both
12.25,59.75,present in both
12.25,60.25,present in both
12.25,60.75,present in both
12.25,61.25,present in both
12.25,61.75,present in both
12.25,62.25,present in both
12.25,62.75,present in both
12.25,63.25,present in both
12.25,63.75,present in both
12.25,64.25,present in both
12.25,64.75,present in both
12.75,59.75,present in both
12.75,60.25,present in both
12.75,60.75,present in both
12.75,61.25,present in both
12.75,61.75,present in both
12.75,62.25,present in both
12.75,62.75,present in both
12.75,63.25,present in both
12.75,63.75,present in both
12.75,64.25,present in both
12.75,64.75,present in both
12.75,65.25,present in both
12.75,65.75,present in both
13.25,59.75,present in both
13.25,60.25,present in both
13.25,60.75,present in both
13.25,61.25,present in both
13.25,61.75,present in both
13.25,62.25,present in both
13.25,62.75,present in both
13.25,63.25,present in both
13.25,63.75,present in both
13.25,64.25,present in both
13.25,64.75,present in both
13.25,65.25,present in both
13.25,65.75,present in both
13.25,66.25,present in both
13.75,59.75,present in both
13.75,60.25,present in both
13.75,60.75,present in both
13.75,61.25,present in both
13.75,61.75,present in both
13.75,62.25,present in both
13.75,62.75,present in both
13.75,63.25,present in both
13.75,63.75,present in both
13.75,64.25,present in both
13.75,64.75,present in both
13.75,65.25,present in both
13.75,65.75,present in both
13.75,66.75,present in both
14.25,59.75,present in both
14.25,60.25,present in both
14.25,60.75,present in both
14.25,61.25,present in both
14.25,61.75,present in both
14.25,62.25,present in both
14.25,62.75,present in both
14.25,63.25,present in both
14.25,63.75,present in both
14.25,64.25,present in both
14.25,64.75,present in both
14.25,65.25,present in both
14.25,65.75,present in both
14.25,66.25,present in both
14.25,66.75,present in both
14.75,59.25,present in both
14.75,59.75,present in both
14.75,60.25,present in both
14.75,60.75,present in both
14.75,61.25,present in both
14.75,61.75,present in both
14.75,62.25,present in both
14.75,62.75,present in both
14.75,63.25,present in both
14.75,63.75,present in both
14.75,64.25,present in both
14.75,64.75,present in both
14.75,65.25,present in both
14.75,65.75,present in both
14.75,66.25,present in both
14.75,66.75,present in both
14.75,77.25,present in both
15.25,59.75,present in both
15.25,60.25,present in both
15.25,60.75,present in both
15.25,61.25,present in both
15.25,61.75,present in both
15.25,62.25,present in both
15.25,62.75,present in both
15.25,63.25,present in both
15.25,63.75,present in both
15.25,64.25,present in both
15.25,64.75,present in both
15.25,65.25,present in both
15.25,65.75,present in both
15.25,66.25,present in both
15.25,66.75,present in both
15.25,77.25,present in both
15.75,59.75,present in both
15.75,60.25,present in both
15.75,60.75,present in both
15.75,61.25,present in both
15.75,61.75,present in both
15.75,62.25,present in both
15.75,62.75,present in both
15.75,63.25,present in both
15.75,63.75,present in both
15.75,64.25,present in both
15.75,64.75,present in both
15.75,65.25,present in both
15.75,65.75,present in both
15.75,66.25,present in both
15.75,66.75,present in both
15.75,67.25,present in both
15.75,68.75,present in both
15.75,77.25,present in both
15.75,78.25,present in both
15.75,78.75,present in both
16.25,60.75,present in both
16.25,61.25,present in both
16.25,61.75,present in both
16.25,62.25,present in both
16.25,62.75,present in both
16.25,63.25,present in both
16.25,63.75,present in both
16.25,64.25,present in both
16.25,64.75,present in both
16.25,65.25,present in both
16.25,65.75,present in both
16.25,66.25,present in both
16.25,66.75,present in both
16.25,67.25,present in both
16.25,67.75,present in both
16.25,68.75,present in both
16.25,76.75,present in both
16.25,78.25,present in both
16.25,78.75,present in both
16.75,60.75,present in both
16.75,61.25,present in both
16.75,61.75,present in both
16.75,62.25,present in both
16.75,62.75,present in both
16.75,63.25,present in both
16.75,63.75,present in both
16.75,64.25,present in both
16.75,64.75,present in both
16.75,65.25,present in both
16.75,65.75,present in both
16.75,66.25,present in both
16.75,66.75,present in both
16.75,67.25,present in both
16.75,67.75,present in both
16.75,68.25,present in both
16.75,78.25,present in both
16.75,78.75,present in both
17.25,60.75,present in both
17.25,61.75,present in both
17.25,62.25,present in both
17.25,62.75,present in both
17.25,63.25,present in both
17.25,63.75,present in both
17.25,64.25,present in both
17.25,64.75,present in both
17.25,65.25,present in both
17.25,65.75,present in both
17.25,66.25,present in both
17.25,66.75,present in both
17.25,67.25,present in both
17.25,67.75,present in both
17.25,68.25,present in both
17.25,68.75,present in both
17.25,69.25,present in both
17.75,62.75,present in both
17.75,63.25,present in both
17.75,63.75,present in both
17.75,64.25,present in both
17.75,64.75,present in both
17.75,65.25,present in both
17.75,65.75,present in both
17.75,66.25,present in both
17.75,66.75,present in both
17.75,67.25,present in both
17.75,67.75,present in both
17.75,68.25,present in both
17.75,69.25,present in both
18.25,63.25,present in both
18.25,63.75,present in both
18.25,64.25,present in both
18.25,64.75,present in both
18.25,65.25,present in both
18.25,65.75,present in both
18.25,66.25,present in both
18.25,66.75,present in both
18.25,67.25,present in both
18.25,67.75,present in both
18.25,68.25,present in both
18.25,68.75,present in both
18.25,69.25,present in both
18.75,63.75,present in both
18.75,64.25,present in both
18.75,64.75,present in both
18.75,65.25,present in both
18.75,65.75,present in both
18.75,66.25,present in both
18.75,66.75,present in both
18.75,67.25,present in both
18.75,67.75,present in both
18.75,68.25,present in both
18.75,68.75,present in both
18.75,69.25,present in both
18.75,69.75,present in both
19.25,63.75,present in both
19.25,64.25,present in both
19.25,64.75,present in both
19.25,65.25,present in both
19.25,65.75,present in both
19.25,66.25,present in both
19.25,66.75,present in both
19.25,67.25,present in both
19.25,67.75,present in both
19.25,68.25,present in both
19.25,68.75,present in both
19.25,69.25,present in both
19.25,69.75,present in both
19.75,63.75,present in both
19.75,64.25,present in both
19.75,64.75,present in both
19.75,65.25,present in both
19.75,65.75,present in both
19.75,66.25,present in both
19.75,66.75,present in both
19.75,67.25,present in both
19.75,67.75,present in both
19.75,68.25,present in both
19.75,68.75,present in both
19.75,69.25,present in both
20.25,63.75,present in both
20.25,64.25,present in both
20.25,64.75,present in both
20.25,65.25,present in both
20.25,65.75,present in both
20.25,66.25,present in both
20.25,66.75,present in both
20.25,67.25,present in both
20.25,67.75,present in both
20.25,68.25,present in both
20.25,68.75,present in both
20.25,69.25,present in both
20.25,69.75,present in both
20.75,64.25,present in both
20.75,64.75,present in both
20.75,65.25,present in both
20.75,65.75,present in both
20.75,66.25,present in both
20.75,66.75,present in both
20.75,67.25,present in both
20.75,67.75,present in both
20.75,68.25,present in both
20.75,68.75,present in both
20.75,69.25,present in both
20.75,69.75,present in both
21.25,62.75,present in both
21.25,64.75,present in both
21.25,65.25,present in both
21.25,65.75,present in both
21.25,66.25,present in both
21.25,66.75,present in both
21.25,67.25,present in both
21.25,67.75,present in both
21.25,68.25,present in both
21.25,68.75,present in both
21.25,69.25,present in both
21.25,69.75,present in both
21.25,70.25,present in both
21.75,61.25,present in both
21.75,61.75,present in both
21.75,62.25,present in both
21.75,62.75,present in both
21.75,65.75,present in both
21.75,66.25,present in both
21.75,66.75,present in both
21.75,67.25,present in both
21.75,67.75,present in both
21.75,68.25,present in both
21.75,68.75,present in both
21.75,69.25,present in both
21.75,69.75,present in both
21.75,70.25,present in both
22.25,60.75,present in both
22.25,61.25,present in both
22.25,61.75,present in both
22.25,62.25,present in both
22.25,62.75,present in both
22.25,63.25,present in both
22.25,66.25,present in both
22.25,66.75,present in both
22.25,67.25,present in both
22.25,67.75,present in both
22.25,68.25,present in both
22.25,68.75,present in both
22.25,69.25,present in both
22.25,69.75,present in both
22.75,60.75,present in both
22.75,61.25,present in both
22.75,61.75,present in both
22.75,62.25,present in both
22.75,62.75,present in both
22.75,63.25,present in both
22.75,63.75,present in both
22.75,65.75,present in both
22.75,66.25,present in both
22.75,66.75,present in both
22.75,67.25,present in both
22.75,67.75,present in both
22.75,68.25,present in both
22.75,68.75,present in both
22.75,69.25,present in both
22.75,69.75,present in both
23.25,60.25,present in both
23.25,60.75,present in both
23.25,61.25,present in both
23.25,61.75,present in both
23.25,62.25,present in both
23.25,62.75,present in both
23.25,63.25,present in both
23.25,63.75,present in both
23.25,66.25,present in both
23.25,66.75,present in both
23.25,67.25,present in both
23.25,67.75,present in both
23.25,68.25,present in both
23.25,68.75,present in both
23.25,69.25,present in both
23.25,69.75,present in both
23.25,70.75,present in both
23.75,60.25,present in both
23.75,60.75,present in both
23.75,61.25,present in both
23.75,61.75,present in both
23.75,62.25,present in both
23.75,62.75,present in both
23.75,63.25,present in both
23.75,63.75,present in both
23.75,66.25,present in both
23.75,66.75,present in both
23.75,67.25,present in both
23.75,67.75,present in both
23.75,68.25,present in both
23.75,68.75,present in both
23.75,69.25,present in both
23.75,69.75,present in both
23.75,70.25,present in both
24.25,60.25,present in both
24.25,60.75,present in both
24.25,61.25,present in both
24.25,61.75,present in both
24.25,62.25,present in both
24.25,62.75,present in both
24.25,63.25,present in both
24.25,63.75,present in both
24.25,64.25,present in both
24.25,66.25,present in both
24.25,66.75,present in both
24.25,67.25,present in both
24.25,67.75,present in both
24.25,68.25,present in both
24.25,68.75,present in both
24.25,69.25,present in both
24.25,69.75,present in both
24.25,70.25,present in both
24.75,60.25,present in both
24.75,60.75,present in both
24.75,61.25,present in both
24.75,61.75,present in both
24.75,62.25,present in both
24.75,62.75,present in both
24.75,63.25,present in both
24.75,63.75,present in both
24.75,64.25,present in both
24.75,64.75,present in both
24.75,65.75,present in both
24.75,66.25,present in both
24.75,66.75,present in both
24.75,67.25,present in both
24.75,67.75,present in both
24.75,68.25,present in both
24.75,68.75,present in both
24.75,69.25,present in both
24.75,69.75,present in both
24.75,70.25,present in both
24.75,70.75,present in both
25.25,60.25,present in both
25.25,60.75,present in both
25.25,61.25,present in both
25.25,61.75,present in both
25.25,62.25,present in both
25.25,62.75,present in both
25.25,63.25,present in both
25.25,63.75,present in both
25.25,64.25,present in both
25.25,64.75,present in both
25.25,65.75,present in both
25.25,66.25,present in both
25.25,66.75,present in both
25.25,67.25,present in both
25.25,67.75,present in both
25.25,68.25,present in both
25.25,68.75,present in both
25.25,69.25,present in both
25.25,69.75,present in both
25.25,70.75,present in both
25.75,60.75,present in both
25.75,61.25,present in both
25.75,61.75,present in both
25.75,62.25,present in both
25.75,62.75,present in both
25.75,63.25,present in both
25.75,63.75,present in both
25.75,64.25,present in both
25.75,64.75,present in both
25.75,65.25,present in both
25.75,65.75,present in both
25.75,66.25,present in both
25.75,66.75,present in both
25.75,67.25,present in both
25.75,67.75,present in both
25.75,68.25,present in both
25.75,68.75,present in both
25.75,69.25,present in both
25.75,69.75,present in both
25.75,70.25,present in both
26.25,60.75,present in both
26.25,61.25,present in both
26.25,61.75,present in both
26.25,62.25,present in both
26.25,62.75,present in both
26.25,63.25,present in both
26.25,63.75,present in both
26.25,64.25,present in both
26.25,64.75,present in both
26.25,65.25,present in both
26.25,65.75,present in both
26.25,66.25,present in both
26.25,66.75,present in both
26.25,67.25,present in both
26.25,67.75,present in both
26.25,68.25,present in both
26.25,68.75,present in both
26.25,69.25,present in both
26.25,69.75,present in both
26.25,70.25,present in both
26.25,70.75,present in both
26.75,60.75,present in both
26.75,61.25,present in both
26.75,61.75,present in both
26.75,62.25,present in both
26.75,62.75,present in both
26.75,63.25,present in both
26.75,63.75,present in both
26.75,64.25,present in both
26.75,64.75,present in both
26.75,65.25,present in both
26.75,65.75,present in both
26.75,66.25,present in both
26.75,66.75,present in both
26.75,67.25,present in both
26.75,67.75,present in both
26.75,68.25,present in both
26.75,68.75,present in both
26.75,69.25,present in both
26.75,69.75,present in both
26.75,70.25,present in both
27.25,60.75,present in both
27.25,61.25,present in both
27.25,61.75,present in both
27.25,62.25,present in both
27.25,62.75,present in both
27.25,63.25,present in both
27.25,63.75,present in both
27.25,64.25,present in both
27.25,64.75,present in both
27.25,65.25,present in both
27.25,65.75,present in both
27.25,66.25,present in both
27.25,66.75,present in both
27.25,67.25,present in both
27.25,67.75,present in both
27.25,68.25,present in both
27.25,68.75,present in both
27.25,69.25,present in both
27.25,69.75,present in both
27.25,70.25,present in both
27.75,60.75,present in both
27.75,61.25,present in both
27.75,61.75,present in both
27.75,62.25,present in both
27.75,62.75,present in both
27.75,63.25,present in both
27.75,63.75,present in both
27.75,64.25,present in both
27.75,64.75,present in both
27.75,65.25,present in both
27.75,65.75,present in both
27.75,66.25,present in both
27.75,66.75,present in both
27.75,67.25,present in both
27.75,67.75,present in both
27.75,68.25,present in both
27.75,68.75,present in both
27.75,69.25,present in both
27.75,69.75,present in both
27.75,70.25,present in both
27.75,70.75,present in both
28.25,59.25,present in both
28.25,60.75,present in both
28.25,61.25,present in both
28.25,61.75,present in both
28.25,62.25,present in both
28.25,62.75,present in both
28.25,63.25,present in both
28.25,63.75,present in both
28.25,64.25,present in both
28.25,64.75,present in both
28.25,65.25,present in both
28.25,65.75,present in both
28.25,66.25,present in both
28.25,66.75,present in both
28.25,67.25,present in both
28.25,67.75,present in both
28.25,68.25,present in both
28.25,68.75,present in both
28.25,69.25,present in both
28.25,69.75,present in both
28.25,70.25,present in both
28.25,70.75,present in both
28.75,58.25,present in both
28.75,59.25,present in both
28.75,60.75,present in both
28.75,61.25,present in both
28.75,61.75,present in both
28.75,62.25,present in both
28.75,62.75,present in both
28.75,63.25,present in both
28.75,63.75,present in both
28.75,64.25,present in both
28.75,64.75,present in both
28.75,65.25,present in both
28.75,65.75,present in both
28.75,66.25,present in both
28.75,66.75,present in both
28.75,67.25,present in both
28.75,67.75,present in both
28.75,68.25,present in both
28.75,68.75,present in both
28.75,69.25,present in both
28.75,69.75,present in both
28.75,70.25,present in both
28.75,70.75,present in both
29.25,58.75,present in both
29.25,59.25,present in both
29.25,60.25,present in both
29.25,60.75,present in both
29.25,61.25,present in both
29.25,61.75,present in both
29.25,62.25,present in both
29.25,62.75,present in both
29.25,63.25,present in both
29.25,63.75,present in both
29.25,64.25,present in both
29.25,64.75,present in both
29.25,65.25,present in both
29.25,65.75,present in both
29.25,66.25,present in both
29.25,66.75,present in both
29.25,67.25,present in both
29.25,67.75,present in both
29.25,68.25,present in both
29.25,68.75,present in both
29.25,69.25,present in both
29.25,69.75,present in both
29.25,70.25,present in both
29.25,70.75,present in both
29.75,59.25,present in both
29.75,60.25,present in both
29.75,60.75,present in both
29.75,61.25,present in both
29.75,61.75,present in both
29.75,62.25,present in both
29.75,62.75,present in both
29.75,63.25,present in both
29.75,63.75,present in both
29.75,64.25,present in both
29.75,64.75,present in both
29.75,65.25,present in both
29.75,65.75,present in both
29.75,66.25,present in both
29.75,66.75,present in both
29.75,67.25,present in both
29.75,67.75,present in both
29.75,68.25,present in both
29.75,68.75,present in both
29.75,69.25,present in both
29.75,69.75,present in both
29.75,70.25,present in both
30.25,58.75,present in both
30.25,59.25,present in both
30.25,60.25,present in both
30.25,60.75,present in both
30.25,61.75,present in both
30.25,62.25,present in both
30.25,62.75,present in both
30.25,63.25,present in both
30.25,63.75,present in both
30.25,64.25,present in both
30.25,64.75,present in both
30.25,65.25,present in both
30.25,65.75,present in both
30.25,66.25,present in both
30.25,66.75,present in both
30.25,67.25,present in both
30.25,67.75,present in both
30.25,68.25,present in both
30.25,68.75,present in both
30.25,69.25,present in both
30.25,69.75,present in both
30.25,70.25,present in both
30.75,57.25,present in both
30.75,57.75,present in both
30.75,58.75,present in both
30.75,59.25,present in both
30.75,60.25,present in both
30.75,61.75,present in both
30.75,62.25,present in both
30.75,62.75,present in both
30.75,63.25,present in both
30.75,63.75,present in both
30.75,64.25,present in both
30.75,64.75,present in both
30.75,65.25,present in both
30.75,65.75,present in both
30.75,66.25,present in both
30.75,66.75,present in both
30.75,67.25,present in both
30.75,67.75,present in both
30.75,68.25,present in both
30.75,68.75,present in both
30.75,69.25,present in both
30.75,69.75,present in both
31.25,57.75,present in both
31.25,58.75,present in both
31.25,59.25,present in both
31.25,59.75,present in both
31.25,61.75,present in both
31.25,62.25,present in both
31.25,62.75,present in both
31.25,63.25,present in both
31.25,63.75,present in both
31.25,64.25,present in both
31.25,64.75,present in both
31.25,65.25,present in both
31.25,65.75,present in both
31.25,66.25,present in both
31.25,66.75,present in both
31.25,67.25,present in both
31.25,67.75,present in both
31.25,68.25,present in both
31.25,68.75,present in both
31.25,69.25,present in both
31.25,69.75,present in both
31.75,57.75,present in both
31.75,59.25,present in both
31.75,59.75,present in both
31.75,61.75,present in both
31.75,62.25,present in both
31.75,62.75,present in both
31.75,63.25,present in both
31.75,63.75,present in both
31.75,64.25,present in both
31.75,64.75,present in both
31.75,65.25,present in both
31.75,65.75,present in both
31.75,66.25,present in both
31.75,66.75,present in both
31.75,67.25,present in both
31.75,67.75,present in both
31.75,68.25,present in both
31.75,68.75,present in both
31.75,69.25,present in both
31.75,69.75,present in both
32.25,58.75,present in both
32.25,59.25,present in both
32.25,59.75,present in both
32.25,61.25,present in both
32.25,61.75,present in both
32.25,62.25,present in both
32.25,62.75,present in both
32.25,63.25,present in both
32.25,63.75,present in both
32.25,64.25,present in both
32.25,64.75,present in both
32.25,65.25,present in both
32.25,65.75,present in both
32.25,66.25,present in both
32.25,66.75,present in both
32.25,67.25,present in both
32.25,67.75,present in both
32.25,68.25,present in both
32.25,68.75,present in both
32.25,69.25,present in both
32.25,69.75,present in both
32.75,58.75,present in both
32.75,59.25,present in both
32.75,59.75,present in both
32.75,60.25,present in both
32.75,61.25,present in both
32.75,61.75,present in both
32.75,62.25,present in both
32.75,62.75,present in both
32.75,63.25,present in both
32.75,63.75,present in both
32.75,64.25,present in both
32.75,64.75,present in both
32.75,65.25,present in both
32.75,65.75,present in both
32.75,66.25,present in both
32.75,67.25,present in both
32.75,67.75,present in both
32.75,68.25,present in both
32.75,68.75,present in both
32.75,69.25,present in both
32.75,69.75,present in both
33.25,58.75,present in both
33.25,59.25,present in both
33.25,59.75,present in both
33.25,60.25,present in both
33.25,60.75,present in both
33.25,61.25,present in both
33.25,61.75,present in both
33.25,62.25,present in both
33.25,62.75,present in both
33.25,63.25,present in both
33.25,63.75,present in both
33.25,64.25,present in both
33.25,64.75,present in both
33.25,65.25,present in both
33.25,65.75,present in both
33.25,66.25,present in both
33.25,67.25,present in both
33.25,67.75,present in both
33.25,68.25,present in both
33.25,68.75,present in both
33.25,69.25,present in both
33.75,58.75,present in both
33.75,59.25,present in both
33.75,59.75,present in both
33.75,60.25,present in both
33.75,60.75,present in both
33.75,61.25,present in both
33.75,61.75,present in both
33.75,62.25,present in both
33.75,62.75,present in both
33.75,63.25,present in both
33.75,63.75,present in both
33.75,64.25,present in both
33.75,64.75,present in both
33.75,65.25,present in both
33.75,65.75,present in both
33.75,66.75,present in both
33.75,67.25,present in both
33.75,67.75,present in both
33.75,68.25,present in both
33.75,68.75,present in both
33.75,69.25,present in both
34.25,58.75,present in both
34.25,59.25,present in both
34.25,59.75,present in both
34.25,60.25,present in both
34.25,60.75,present in both
34.25,61.25,present in both
34.25,61.75,present in both
34.25,62.25,present in both
34.25,62.75,present in both
34.25,63.25,present in both
34.25,63.75,present in both
34.25,64.25,present in both
34.25,64.75,present in both
34.25,65.25,present in both
34.25,65.75,present in both
34.25,66.75,present in both
34.25,67.25,present in both
34.25,67.75,present in both
34.25,68.25,present in both
34.25,68.75,present in both
34.25,69.25,present in both
34.75,58.75,present in both
34.75,59.25,present in both
34.75,59.75,present in both
34.75,60.25,present in both
34.75,60.75,present in both
34.75,61.25,present in both
34.75,63.25,present in both
34.75,63.75,present in both
34.75,64.25,present in both
34.75,64.75,present in both
34.75,66.75,present in both
34.75,67.25,present in both
34.75,67.75,present in both
34.75,68.25,present in both
34.75,68.75,present in both
34.75,69.25,present in both
35.25,57.25,present in both
35.25,57.75,present in both
35.25,58.25,present in both
35.25,58.75,present in both
35.25,59.25,present in both
35.25,59.75,present in both
35.25,60.25,present in both
35.25,60.75,present in both
35.25,61.25,present in both
35.25,62.25,present in both
35.25,62.75,present in both
35.25,63.25,present in both
35.25,63.75,present in both
35.25,64.25,present in both
35.25,66.75,present in both
35.25,67.25,present in both
35.25,67.75,present in both
35.25,68.25,present in both
35.25,68.75,present in both
35.25,69.25,present in both
35.75,57.25,present in both
35.75,58.75,present in both
35.75,59.25,present in both
35.75,59.75,present in both
35.75,60.25,present in both
35.75,60.75,present in both
35.75,62.75,present in both
35.75,63.25,present in both
35.75,63.75,present in both
35.75,64.25,present in both
35.75,66.75,present in both
35.75,67.25,present in both
35.75,67.75,present in both
35.75,68.25,present in both
35.75,68.75,present in both
36.25,57.25,present in both
36.25,58.75,present in both
36.25,59.25,present in both
36.25,59.75,present in both
36.25,60.25,present in both
36.25,60.75,present in both
36.25,61.75,present in both
36.25,62.25,present in both
36.25,62.75,present in both
36.25,63.25,present in both
36.25,63.75,present in both
36.25,66.75,present in both
36.25,67.25,present in both
36.25,67.75,present in both
36.25,68.25,present in both
36.25,68.75,present in both
36.75,57.25,present in both
36.75,57.75,present in both
36.75,58.25,present in both
36.75,58.75,present in both
36.75,59.25,present in both
36.75,59.75,present in both
36.75,60.25,present in both
36.75,60.75,present in both
36.75,61.25,present in both
36.75,61.75,present in both
36.75,62.25,present in both
36.75,62.75,present in both
36.75,63.25,present in both
36.75,63.75,present in both
36.75,64.75,present in both
36.75,66.25,present in both
36.75,66.75,present in both
36.75,67.25,present in both
36.75,67.75,present in both
36.75,68.25,present in both
36.75,68.75,present in both
37.25,57.25,present in both
37.25,57.75,present in both
37.25,58.25,present in both
37.25,58.75,present in both
37.25,59.25,present in both
37.25,59.75,present in both
37.25,60.25,present in both
37.25,60.75,present in both
37.25,61.25,present in both
37.25,61.75,present in both
37.25,62.25,present in both
37.25,62.75,present in both
37.25,63.25,present in both
37.25,63.75,present in both
37.25,64.75,present in both
37.25,66.25,present in both
37.25,66.75,present in both
37.25,67.25,present in both
37.25,67.75,present in both
37.25,68.25,present in both
37.25,68.75,present in both
37.75,57.75,present in both
37.75,58.25,present in both
37.75,58.75,present in both
37.75,59.25,present in both
37.75,59.75,present in both
37.75,60.25,present in both
37.75,60.75,present in both
37.75,61.25,present in both
37.75,61.75,present in both
37.75,62.25,present in both
37.75,62.75,present in both
37.75,63.25,present in both
37.75,63.75,present in both
37.75,64.75,present in both
37.75,66.25,present in both
37.75,66.75,present in both
37.75,67.25,present in both
37.75,67.75,present in both
37.75,68.25,present in both
38.25,57.75,present in both
38.25,58.25,present in both
38.25,58.75,present in both
38.25,59.25,present in both
38.25,59.75,present in both
38.25,60.25,present in both
38.25,60.75,present in both
38.25,61.25,present in both
38.25,61.75,present in both
38.25,62.25,present in both
38.25,62.75,present in both
38.25,63.25,present in both
38.25,63.75,present in both
38.25,64.25,present in both
38.25,66.25,present in both
38.25,66.75,present in both
38.25,67.25,present in both
38.25,67.75,present in both
38.25,68.25,present in both
38.75,57.75,present in both
38.75,58.25,present in both
38.75,58.75,present in both
38.75,59.25,present in both
38.75,59.75,present in both
38.75,60.25,present in both
38.75,60.75,present in both
38.75,61.25,present in both
38.75,61.75,present in both
38.75,62.25,present in both
38.75,62.75,present in both
38.75,63.25,present in both
38.75,63.75,present in both
38.75,64.25,present in both
38.75,66.25,present in both
38.75,66.75,present in both
38.75,67.25,present in both
38.75,67.75,present in both
38.75,68.25,present in both
39.25,57.25,present in both
39.25,57.75,present in both
39.25,58.25,present in both
39.25,58.75,present in both
39.25,59.25,present in both
39.25,59.75,present in both
39.25,60.25,present in both
39.25,60.75,present in both
39.25,61.25,present in both
39.25,61.75,present in both
39.25,62.25,present in both
39.25,62.75,present in both
39.25,63.25,present in both
39.25,63.75,present in both
39.25,64.25,present in both
39.25,66.25,present in both
39.25,66.75,present in both
39.25,67.25,present in both
39.25,67.75,present in both
39.75,57.25,present in both
39.75,57.75,present in both
39.75,58.25,present in both
39.75,58.75,present in both
39.75,59.25,present in both
39.75,59.75,present in both
39.75,60.25,present in both
39.75,60.75,present in both
39.75,61.25,present in both
39.75,61.75,present in both
39.75,62.25,present in both
39.75,62.75,present in both
39.75,63.25,present in both
39.75,63.75,present in both
39.75,64.25,present in both
39.75,66.25,present in both
39.75,66.75,present in both
39.75,67.25,present in both
39.75,67.75,present in both
40.25,57.25,present in both
40.25,57.75,present in both
40.25,58.25,present in both
40.25,58.75,present in both
40.25,59.25,present in both
40.25,59.75,present in both
40.25,60.25,present in both
40.25,60.75,present in both
40.25,61.25,present in both
40.25,61.75,present in both
40.25,62.25,present in both
40.25,62.75,present in both
40.25,63.25,present in both
40.25,63.75,present in both
40.25,64.25,present in both
40.25,64.75,present in both
40.25,65.25,present in both
40.25,66.75,present in both
40.25,67.25,present in both
40.25,67.75,present in both
40.75,57.25,present in both
40.75,57.75,present in both
40.75,58.25,present in both
40.75,58.75,present in both
40.75,59.25,present in both
40.75,59.75,present in both
40.75,60.25,present in both
40.75,60.75,present in both
40.75,61.25,present in both
40.75,61.75,present in both
40.75,62.25,present in both
40.75,62.75,present in both
40.75,63.25,present in both
40.75,63.75,present in both
40.75,64.25,present in both
40.75,64.75,present in both
40.75,65.25,present in both
40.75,65.75,present in both
40.75,66.75,present in both
40.75,67.25,present in both
41.25,57.25,present in both
41.25,57.75,present in both
41.25,58.25,present in both
41.25,58.75,present in both
41.25,59.25,present in both
41.25,59.75,present in both
41.25,60.25,present in both
41.25,60.75,present in both
41.25,61.25,present in both
41.25,61.75,present in both
41.25,62.25,present in both
41.25,62.75,present in both
41.25,63.25,present in both
41.25,63.75,present in both
41.25,64.25,present in both
41.25,64.75,present in both
41.25,65.25,present in both
41.25,65.75,present in both
41.75,57.25,present in both
41.75,57.75,present in both
41.75,58.25,present in both
41.75,58.75,present in both
41.75,59.25,present in both
41.75,59.75,present in both
41.75,60.25,present in both
41.75,60.75,present in both
41.75,61.25,present in both
41.75,61.75,present in both
41.75,62.25,present in both
41.75,62.75,present in both
41.75,63.25,present in both
41.75,63.75,present in both
41.75,64.25,present in both
41.75,64.75,present in both
41.75,65.25,present in both
41.75,65.75,present in both
42.25,56.75,present in both
42.25,57.25,present in both
42.25,57.75,present in both
42.25,58.25,present in both
42.25,58.75,present in both
42.25,59.25,present in both
42.25,59.75,present in both
42.25,60.25,present in both
42.25,60.75,present in both
42.25,61.25,present in both
42.25,61.75,present in both
42.25,62.25,present in both
42.25,62.75,present in both
42.25,63.25,present in both
42.25,63.75,present in both
42.25,64.25,present in both
42.25,64.75,present in both
42.25,65.25,present in both
42.25,65.75,present in both
42.25,66.25,present in both
42.75,56.75,present in both
42.75,57.25,present in both
42.75,57.75,present in both
42.75,58.25,present in both
42.75,58.75,present in both
42.75,59.25,present in both
42.75,59.75,present in both
42.75,60.25,present in both
42.75,60.75,present in both
42.75,61.25,present in both
42.75,61.75,present in both
42.75,62.25,present in both
42.75,62.75,present in both
42.75,63.25,present in both
42.75,63.75,present in both
42.75,64.25,present in both
42.75,64.75,present in both
42.75,65.25,present in both
42.75,65.75,present in both
42.75,66.25,present in both
43.25,56.75,present in both
43.25,57.25,present in both
43.25,57.75,present in both
43.25,58.25,present in both
43.25,58.75,present in both
43.25,59.25,present in both
43.25,59.75,present in both
43.25,60.25,present in both
43.25,60.75,present in both
43.25,61.25,present in both
43.25,61.75,present in both
43.25,62.25,present in both
43.25,62.75,present in both
43.25,63.25,present in both
43.25,63.75,present in both
43.25,64.25,present in both
43.25,64.75,present in both
43.25,65.25,present in both
43.25,65.75,present in both
43.25,66.25,present in both
43.75,57.25,present in both
43.75,57.75,present in both
43.75,58.25,present in both
43.75,58.75,present in both
43.75,59.25,present in both
43.75,59.75,present in both
43.75,60.25,present in both
43.75,60.75,present in both
43.75,61.25,present in both
43.75,61.75,present in both
43.75,62.25,present in both
43.75,62.75,present in both
43.75,63.25,present in both
43.75,63.75,present in both
43.75,64.25,present in both
43.75,64.75,present in both
43.75,65.25,present in both
43.75,65.75,present in both
44.25,57.25,present in both
44.25,57.75,present in both
44.25,58.25,present in both
44.25,58.75,present in both
44.25,59.25,present in both
44.25,59.75,present in both
44.25,60.25,present in both
44.25,60.75,present in both
44.25,61.25,present in both
44.25,61.75,present in both
44.25,62.25,present in both
44.25,62.75,present in both
44.25,63.25,present in both
44.25,63.75,present in both
44.25,64.25,present in both
44.25,64.75,present in both
44.25,65.25,present in both
44.25,65.75,present in both
44.25,66.25,present in both
44.25,67.25,present in both
44.25,67.75,present in both
44.25,68.25,present in both
44.75,56.75,present in both
44.75,57.25,present in both
44.75,57.75,present in both
44.75,58.25,present in both
44.75,58.75,present in both
44.75,59.25,present in both
44.75,59.75,present in both
44.75,60.25,present in both
44.75,60.75,present in both
44.75,61.25,present in both
44.75,61.75,present in both
44.75,62.25,present in both
44.75,62.75,present in both
44.75,63.25,present in both
44.75,63.75,present in both
44.75,64.25,present in both
44.75,64.75,present in both
44.75,65.25,present in both
44.75,65.75,present in both
44.75,66.25,present in both
44.75,66.75,present in both
44.75,67.25,present in both
44.75,67.75,present in both
44.75,68.25,present in both
45.25,56.75,present in both
45.25,57.25,present in both
45.25,57.75,present in both
45.25,58.25,present in both
45.25,58.75,present in both
45.25,59.25,present in both
45.25,59.75,present in both
45.25,60.25,present in both
45.25,60.75,present in both
45.25,61.25,present in both
45.25,61.75,present in both
45.25,62.25,present in both
45.25,62.75,present in both
45.25,63.25,present in both
45.25,63.75,present in both
45.25,64.25,present in both
45.25,64.75,present in both
45.25,65.25,present in both
45.25,65.75,present in both
45.25,66.25,present in both
45.25,66.75,present in both
45.25,67.75,present in both
45.25,68.25,present in both
45.75,57.25,present in both
45.75,57.75,present in both
45.75,58.25,present in both
45.75,58.75,present in both
45.75,59.25,present in both
45.75,59.75,present in both
45.75,60.25,present in both
45.75,60.75,present in both
45.75,61.25,present in both
45.75,61.75,present in both
45.75,62.25,present in both
45.75,62.75,present in both
45.75,63.25,present in both
45.75,63.75,present in both
45.75,64.25,present in both
45.75,64.75,present in both
45.75,65.25,present in both
45.75,65.75,present in both
45.75,66.25,present in both
45.75,66.75,present in both
45.75,68.25,present in both
46.25,56.75,present in both
46.25,57.25,present in both
46.25,57.75,present in both
46.25,58.25,present in both
46.25,58.75,present in both
46.25,59.25,present in both
46.25,59.75,present in both
46.25,60.25,present in both
46.25,60.75,present in both
46.25,61.25,present in both
46.25,61.75,present in both
46.25,62.25,present in both
46.25,62.75,present in both
46.25,63.25,present in both
46.25,63.75,present in both
46.25,64.25,present in both
46.25,64.75,present in both
46.25,65.25,present in both
46.25,65.75,present in both
46.25,66.25,present in both
46.25,66.75,present in both
46.25,68.25,present in both
46.75,56.75,present in both
46.75,57.25,present in both
46.75,58.25,present in both
46.75,58.75,present in both
46.75,59.25,present in both
46.75,59.75,present in both
46.75,60.25,present in both
46.75,60.75,present in both
46.75,61.25,present in both
46.75,61.75,present in both
46.75,62.25,present in both
46.75,62.75,present in both
46.75,63.25,present in both
46.75,63.75,present in both
46.75,64.25,present in both
46.75,64.75,present in both
46.75,65.25,present in both
46.75,65.75,present in both
46.75,66.25,present in both
46.75,66.75,present in both
47.25,56.75,present in both
47.25,57.25,present in both
47.25,58.25,present in both
47.25,58.75,present in both
47.25,59.25,present in both
47.25,59.75,present in both
47.25,60.25,present in both
47.25,60.75,present in both
47.25,61.25,present in both
47.25,61.75,present in both
47.25,62.25,present in both
47.25,62.75,present in both
47.25,63.25,present in both
47.25,63.75,present in both
47.25,64.25,present in both
47.25,64.75,present in both
47.25,65.25,present in both
47.25,65.75,present in both
47.25,66.25,present in both
47.25,66.75,present in both
47.75,56.75,present in both
47.75,57.25,present in both
47.75,57.75,present in both
47.75,58.25,present in both
47.75,58.75,present in both
47.75,59.25,present in both
47.75,59.75,present in both
47.75,60.25,present in both
47.75,60.75,present in both
47.75,61.25,present in both
47.75,61.75,present in both
47.75,62.25,present in both
47.75,62.75,present in both
47.75,63.25,present in both
47.75,63.75,present in both
47.75,64.25,present in both
47.75,64.75,present in both
47.75,65.25,present in both
47.75,65.75,present in both
47.75,66.25,present in both
47.75,66.75,present in both
47.75,67.25,present in both
48.25,56.75,present in both
48.25,57.25,present in both
48.25,57.75,present in both
48.25,58.25,present in both
48.25,58.75,present in both
48.25,59.25,present in both
48.25,59.75,present in both
48.25,60.25,present in both
48.25,60.75,present in both
48.25,61.25,present in both
48.25,61.75,present in both
48.25,62.25,present in both
48.25,62.75,present in both
48.25,63.25,present in both
48.25,63.75,present in both
48.25,64.25,present in both
48.25,64.75,present in both
48.25,65.25,present in both
48.25,65.75,present in both
48.25,66.25,present in both
48.25,66.75,present in both
48.25,67.25,present in both
48.75,56.75,present in both
48.75,57.25,present in both
48.75,57.75,present in both
48.75,58.25,present in both
48.75,58.75,present in both
48.75,59.25,present in both
48.75,59.75,present in both
48.75,60.25,present in both
48.75,60.75,present in both
48.75,61.25,present in both
48.75,61.75,present in both
48.75,62.25,present in both
48.75,62.75,present in both
48.75,63.25,present in both
48.75,63.75,present in both
48.75,64.25,present in both
48.75,64.75,present in both
48.75,65.25,present in both
48.75,65.75,present in both
48.75,66.25,present in both
48.75,66.75,present in both
48.75,67.25,present in both
48.75,67.75,present in both
48.75,68.75,present in both
48.75,69.25,present in both
49.25,57.25,present in both
49.25,57.75,present in both
49.25,58.25,present in both
49.25,58.75,present in both
49.25,59.25,present in both
49.25,59.75,present in both
49.25,60.25,present in both
49.25,60.75,present in both
49.25,61.25,present in both
49.25,61.75,present in both
49.25,62.25,present in both
49.25,62.75,present in both
49.25,63.25,present in both
49.25,63.75,present in both
49.25,64.25,present in both
49.25,64.75,present in both
49.25,65.25,present in both
49.25,65.75,present in both
49.25,66.25,present in both
49.25,66.75,present in both
49.25,67.25,present in both
49.25,67.75,present in both
49.25,69.25,present in both
49.75,57.25,present in both
49.75,57.75,present in both
49.75,58.25,present in both
49.75,58.75,present in both
49.75,59.25,present in both
49.75,59.75,present in both
49.75,60.25,present in both
49.75,60.75,present in both
49.75,61.25,present in both
49.75,61.75,present in both
49.75,62.25,present in both
49.75,62.75,present in both
49.75,63.25,present in both
49.75,63.75,present in both
49.75,64.25,present in both
49.75,64.75,present in both
49.75,65.25,present in both
49.75,65.75,present in both
49.75,66.25,present in both
49.75,66.75,present in both
49.75,67.25,present in both
49.75,67.75,present in both
49.75,69.25,present in both
50.25,57.75,present in both
50.25,58.25,present in both
50.25,58.75,present in both
50.25,59.25,present in both
50.25,59.75,present in both
50.25,60.25,present in both
50.25,60.75,present in both
50.25,61.25,present in both
50.25,61.75,present in both
50.25,62.25,present in both
50.25,62.75,present in both
50.25,63.25,present in both
50.25,63.75,present in both
50.25,64.25,present in both
50.25,64.75,present in both
50.25,65.25,present in both
50.25,65.75,present in both
50.25,66.25,present in both
50.25,66.75,present in both
50.25,67.25,present in both
50.25,67.75,present in both
50.75,57.75,present in both
50.75,58.25,present in both
50.75,58.75,present in both
50.75,59.25,present in both
50.75,59.75,present in both
50.75,60.25,present in both
50.75,60.75,present in both
50.75,61.25,present in both
50.75,61.75,present in both
50.75,62.25,present in both
50.75,62.75,present in both
50.75,63.25,present in both
50.75,63.75,present in both
50.75,64.25,present in both
50.75,64.75,present in both
50.75,65.25,present in both
50.75,65.75,present in both
50.75,66.25,present in both
50.75,66.75,present in both
50.75,67.25,present in both
50.75,67.75,present in both
50.75,68.25,present in both
51.25,57.75,present in both
51.25,58.25,present in both
51.25,58.75,present in both
51.25,59.25,present in both
51.25,59.75,present in both
51.25,60.25,present in both
51.25,60.75,present in both
51.25,61.25,present in both
51.25,61.75,present in both
51.25,62.25,present in both
51.25,62.75,present in both
51.25,63.25,present in both
51.25,63.75,present in both
51.25,64.25,present in both
51.25,64.75,present in both
51.25,65.25,present in both
51.25,65.75,present in both
51.25,66.25,present in both
51.25,66.75,present in both
51.25,67.25,present in both
51.25,67.75,present in both
51.25,68.25,present in both
51.75,57.75,present in both
51.75,58.25,present in both
51.75,58.75,present in both
51.75,59.25,present in both
51.75,59.75,present in both
51.75,60.25,present in both
51.75,60.75,present in both
51.75,61.25,present in both
51.75,61.75,present in both
51.75,62.25,present in both
51.75,62.75,present in both
51.75,63.25,present in both
51.75,63.75,present in both
51.75,64.25,present in both
51.75,64.75,present in both
51.75,65.25,present in both
51.75,65.75,present in both
51.75,66.25,present in both
51.75,66.75,present in both
51.75,67.25,present in both
51.75,67.75,present in both
51.75,68.25,present in both
51.75,71.75,present in both
52.25,57.75,present in both
52.25,58.25,present in both
52.25,58.75,present in both
52.25,59.25,present in both
52.25,59.75,present in both
52.25,60.25,present in both
52.25,60.75,present in both
52.25,61.25,present in both
52.25,61.75,present in both
52.25,62.25,present in both
52.25,62.75,present in both
52.25,63.25,present in both
52.25,63.75,present in both
52.25,64.25,present in both
52.25,64.75,present in both
52.25,65.25,present in both
52.25,65.75,present in both
52.25,66.25,present in both
52.25,66.75,present in both
52.25,67.25,present in both
52.25,67.75,present in both
52.25,68.25,present in both
52.25,71.75,present in both
52.75,57.75,present in both
52.75,58.25,present in both
52.75,58.75,present in both
52.75,59.25,present in both
52.75,59.75,present in both
52.75,60.25,present in both
52.75,60.75,present in both
52.75,61.25,present in both
52.75,61.75,present in both
52.75,62.25,present in both
52.75,62.75,present in both
52.75,63.25,present in both
52.75,63.75,present in both
52.75,64.25,present in both
52.75,64.75,present in both
52.75,65.25,present in both
52.75,65.75,present in both
52.75,66.25,present in both
52.75,66.75,present in both
52.75,67.25,present in both
52.75,67.75,present in both
52.75,68.25,present in both
52.75,71.25,present in both
52.75,71.75,present in both
52.75,72.25,present in both
52.75,72.75,present in both
53.25,57.75,present in both
53.25,58.75,present in both
53.25,59.25,present in both
53.25,59.75,present in both
53.25,60.25,present in both
53.25,60.75,present in both
53.25,61.25,present in both
53.25,61.75,present in both
53.25,62.25,present in both
53.25,62.75,present in both
53.25,63.25,present in both
53.25,63.75,present in both
53.25,64.25,present in both
53.25,64.75,present in both
53.25,65.25,present in both
53.25,65.75,present in both
53.25,66.25,present in both
53.25,66.75,present in both
53.25,67.25,present in both
53.25,67.75,present in both
53.25,68.25,present in both
53.25,68.75,present in both
53.25,71.25,present in both
53.25,71.75,present in both
53.25,72.25,present in both
53.25,72.75,present in both
53.75,57.75,present in both
53.75,58.25,present in both
53.75,58.75,present in both
53.75,59.25,present in both
53.75,59.75,present in both
53.75,60.25,present in both
53.75,60.75,present in both
53.75,61.25,present in both
53.75,61.75,present in both
53.75,62.25,present in both
53.75,62.75,present in both
53.75,63.25,present in both
53.75,63.75,present in both
53.75,64.25,present in both
53.75,64.75,present in both
53.75,65.25,present in both
53.75,65.75,present in both
53.75,66.25,present in both
53.75,66.75,present in both
53.75,67.25,present in both
53.75,67.75,present in both
53.75,68.25,present in both
53.75,68.75,present in both
53.75,71.25,present in both
53.75,71.75,present in both
53.75,72.25,present in both
53.75,72.75,present in both
53.75,73.25,present in both
54.25,57.75,present in both
54.25,58.25,present in both
54.25,58.75,present in both
54.25,59.25,present in both
54.25,59.75,present in both
54.25,60.25,present in both
54.25,60.75,present in both
54.25,61.25,present in both
54.25,61.75,present in both
54.25,62.25,present in both
54.25,62.75,present in both
54.25,63.25,present in both
54.25,63.75,present in both
54.25,64.25,present in both
54.25,64.75,present in both
54.25,65.25,present in both
54.25,65.75,present in both
54.25,66.25,present in both
54.25,66.75,present in both
54.25,67.25,present in both
54.25,67.75,present in both
54.25,68.25,present in both
54.25,71.25,present in both
54.25,71.75,present in both
54.25,72.25,present in both
54.25,72.75,present in both
54.25,73.25,present in both
54.25,73.75,present in both
54.75,57.75,present in both
54.75,58.25,present in both
54.75,58.75,present in both
54.75,59.25,present in both
54.75,59.75,present in both
54.75,60.25,present in both
54.75,60.75,present in both
54.75,61.25,present in both
54.75,61.75,present in both
54.75,62.25,present in both
54.75,62.75,present in both
54.75,63.25,present in both
54.75,63.75,present in both
54.75,64.25,present in both
54.75,64.75,present in both
54.75,65.25,present in both
54.75,65.75,present in both
54.75,66.25,present in both
54.75,66.75,present in both
54.75,67.25,present in both
54.75,67.75,present in both
54.75,70.75,present in both
54.75,71.25,present in both
54.75,71.75,present in both
54.75,72.25,present in both
54.75,72.75,present in both
54.75,73.25,present in both
54.75,73.75,present in both
55.25,57.75,present in both
55.25,58.25,present in both
55.25,58.75,present in both
55.25,59.25,present in both
55.25,59.75,present in both
55.25,60.25,present in both
55.25,60.75,present in both
55.25,61.25,present in both
55.25,61.75,present in both
55.25,62.25,present in both
55.25,62.75,present in both
55.25,63.25,present in both
55.25,63.75,present in both
55.25,64.25,present in both
55.25,64.75,present in both
55.25,65.25,present in both
55.25,65.75,present in both
55.25,66.25,present in both
55.25,66.75,present in both
55.25,67.25,present in both
55.25,67.75,present in both
55.25,68.25,present in both
55.25,70.75,present in both
55.25,71.25,present in both
55.25,71.75,present in both
55.25,72.25,present in both
55.25,72.75,present in both
55.25,73.25,present in both
55.25,73.75,present in both
55.75,58.25,present in both
55.75,58.75,present in both
55.75,59.25,present in both
55.75,59.75,present in both
55.75,60.25,present in both
55.75,60.75,present in both
55.75,61.25,present in both
55.75,61.75,present in both
55.75,62.25,present in both
55.75,62.75,present in both
55.75,63.25,present in both
55.75,63.75,present in both
55.75,64.25,present in both
55.75,64.75,present in both
55.75,65.25,present in both
55.75,65.75,present in both
55.75,66.25,present in both
55.75,66.75,present in both
55.75,67.25,present in both
55.75,67.75,present in both
55.75,68.25,present in both
55.75,70.75,present in both
55.75,71.25,present in both
55.75,72.75,present in both
55.75,73.25,present in both
55.75,73.75,present in both
56.25,58.75,present in both
56.25,59.25,present in both
56.25,59.75,present in both
56.25,60.25,present in both
56.25,60.75,present in both
56.25,61.25,present in both
56.25,61.75,present in both
56.25,62.25,present in both
56.25,62.75,present in both
56.25,63.25,present in both
56.25,63.75,present in both
56.25,64.25,present in both
56.25,64.75,present in both
56.25,65.25,present in both
56.25,65.75,present in both
56.25,66.25,present in both
56.25,66.75,present in both
56.25,67.25,present in both
56.25,67.75,present in both
56.25,68.25,present in both
56.25,70.75,present in both
56.25,73.25,present in both
56.25,73.75,present in both
56.25,74.25,present in both
56.75,58.75,present in both
56.75,59.25,present in both
56.75,59.75,present in both
56.75,60.25,present in both
56.75,60.75,present in both
56.75,61.25,present in both
56.75,61.75,present in both
56.75,62.25,present in both
56.75,62.75,present in both
56.75,63.25,present in both
56.75,63.75,present in both
56.75,64.25,present in both
56.75,64.75,present in both
56.75,65.25,present in both
56.75,65.75,present in both
56.75,66.25,present in both
56.75,66.75,present in both
56.75,67.25,present in both
56.75,67.75,present in both
56.75,68.25,present in both
56.75,70.75,present in both
56.75,73.75,present in both
56.75,74.25,present in both
56.75,74.75,present in both
57.25,52.75,present in both
57.25,53.75,present in both
57.25,55.25,present in both
57.25,55.75,present in both
57.25,58.25,present in both
57.25,58.75,present in both
57.25,59.25,present in both
57.25,59.75,present in both
57.25,60.25,present in both
57.25,60.75,present in both
57.25,61.25,present in both
57.25,61.75,present in both
57.25,62.25,present in both
57.25,62.75,present in both
57.25,63.25,present in both
57.25,63.75,present in both
57.25,64.25,present in both
57.25,64.75,present in both
57.25,65.25,present in both
57.25,65.75,present in both
57.25,66.25,present in both
57.25,66.75,present in both
57.25,67.25,present in both
57.25,67.75,present in both
57.25,68.25,present in both
57.25,73.75,present in both
57.25,74.25,present in both
57.25,74.75,present in both
57.75,52.25,present in both
57.75,52.75,present in both
57.75,53.25,present in both
57.75,53.75,present in both
57.75,54.25,present in both
57.75,54.75,present in both
57.75,55.25,present in both
57.75,55.75,present in both
57.75,57.75,present in both
57.75,58.25,present in both
57.75,58.75,present in both
57.75,59.25,present in both
57.75,59.75,present in both
57.75,60.25,present in both
57.75,60.75,present in both
57.75,61.25,present in both
57.75,61.75,present in both
57.75,62.25,present in both
57.75,62.75,present in both
57.75,63.25,present in both
57.75,63.75,present in both
57.75,64.25,present in both
57.75,64.75,present in both
57.75,65.25,present in both
57.75,65.75,present in both
57.75,66.25,present in both
57.75,66.75,present in both
57.75,67.25,present in both
57.75,67.75,present in both
57.75,68.25,present in both
57.75,68.75,present in both
57.75,74.25,present in both
57.75,74.75,present in both
58.25,53.75,present in both
58.25,54.25,present in both
58.25,54.75,present in both
58.25,57.25,present in both
58.25,57.75,present in both
58.25,58.25,present in both
58.25,58.75,present in both
58.25,59.25,present in both
58.25,59.75,present in both
58.25,60.25,present in both
58.25,60.75,present in both
58.25,61.25,present in both
58.25,61.75,present in both
58.25,62.25,present in both
58.25,62.75,present in both
58.25,63.25,present in both
58.25,63.75,present in both
58.25,64.25,present in both
58.25,64.75,present in both
58.25,65.25,present in both
58.25,65.75,present in both
58.25,66.25,present in both
58.25,66.75,present in both
58.25,67.25,present in both
58.25,67.75,present in both
58.25,68.25,present in both
58.25,68.75,present in both
58.25,74.25,present in both
58.25,74.75,present in both
58.75,54.25,present in both
58.75,54.75,present in both
58.75,56.75,present in both
58.75,57.25,present in both
58.75,57.75,present in both
58.75,58.25,present in both
58.75,58.75,present in both
58.75,59.25,present in both
58.75,59.75,present in both
58.75,60.25,present in both
58.75,60.75,present in both
58.75,61.25,present in both
58.75,61.75,present in both
58.75,62.25,present in both
58.75,62.75,present in both
58.75,63.25,present in both
58.75,63.75,present in both
58.75,64.25,present in both
58.75,64.75,present in both
58.75,65.25,present in both
58.75,65.75,present in both
58.75,66.25,present in both
58.75,66.75,present in both
58.75,67.25,present in both
58.75,67.75,present in both
58.75,68.25,present in both
58.75,68.75,present in both
58.75,70.25,present in both
58.75,74.75,present in both
59.25,54.75,present in both
59.25,55.25,present in both
59.25,55.75,present in both
59.25,56.25,present in both
59.25,56.75,present in both
59.25,57.25,present in both
59.25,57.75,present in both
59.25,58.25,present in both
59.25,58.75,present in both
59.25,59.25,present in both
59.25,59.75,present in both
59.25,60.25,present in both
59.25,60.75,present in both
59.25,61.25,present in both
59.25,61.75,present in both
59.25,62.25,present in both
59.25,62.75,present in both
59.25,63.25,present in both
59.25,63.75,present in both
59.25,64.25,present in both
59.25,64.75,present in both
59.25,65.25,present in both
59.25,65.75,present in both
59.25,66.25,present in both
59.25,66.75,present in both
59.25,67.25,present in both
59.25,67.75,present in both
59.25,68.25,present in both
59.25,68.75,present in both
59.25,70.25,present in both
59.25,74.75,present in both
59.75,54.75,present in both
59.75,55.25,present in both
59.75,55.75,present in both
59.75,56.25,present in both
59.75,56.75,present in both
59.75,57.25,present in both
59.75,57.75,present in both
59.75,58.25,present in both
59.75,58.75,present in both
59.75,59.25,present in both
59.75,59.75,present in both
59.75,60.25,present in both
59.75,60.75,present in both
59.75,61.25,present in both
59.75,61.75,present in both
59.75,62.25,present in both
59.75,62.75,present in both
59.75,63.25,present in both
59.75,63.75,present in both
59.75,64.25,present in both
59.75,64.75,present in both
59.75,65.25,present in both
59.75,65.75,present in both
59.75,66.25,present in both
59.75,66.75,present in both
59.75,67.25,present in both
59.75,67.75,present in both
59.75,68.25,present in both
59.75,69.75,present in both
60.25,55.25,present in both
60.25,55.75,present in both
60.25,56.25,present in both
60.25,56.75,present in both
60.25,57.25,present in both
60.25,57.75,present in both
60.25,58.25,present in both
60.25,58.75,present in both
60.25,59.25,present in both
60.25,59.75,present in both
60.25,60.25,present in both
60.25,60.75,present in both
60.25,61.25,present in both
60.25,61.75,present in both
60.25,62.25,present in both
60.25,62.75,present in both
60.25,63.25,present in both
60.25,63.75,present in both
60.25,64.25,present in both
60.25,64.75,present in both
60.25,65.25,present in both
60.25,65.75,present in both
60.25,66.25,present in both
60.25,66.75,present in both
60.25,67.25,present in both
60.25,67.75,present in both
60.25,68.25,present in both
60.25,69.75,present in both
60.75,55.25,present in both
60.75,55.75,present in both
60.75,56.25,present in both
60.75,56.75,present in both
60.75,57.25,present in both
60.75,57.75,present in both
60.75,58.25,present in both
60.75,58.75,present in both
60.75,59.25,present in both
60.75,59.75,present in both
60.75,60.25,present in both
60.75,60.75,present in both
60.75,61.25,present in both
60.75,61.75,present in both
60.75,62.25,present in both
60.75,62.75,present in both
60.75,63.25,present in both
60.75,63.75,present in both
60.75,64.25,present in both
60.75,64.75,present in both
60.75,65.25,present in both
60.75,65.75,present in both
60.75,66.25,present in both
60.75,66.75,present in both
60.75,67.25,present in both
60.75,67.75,present in both
60.75,68.25,present in both
60.75,68.75,present in both
60.75,69.25,present in both
60.75,69.75,present in both
61.25,55.75,present in both
61.25,56.25,present in both
61.25,56.75,present in both
61.25,57.25,present in both
61.25,57.75,present in both
61.25,58.25,present in both
61.25,58.75,present in both
61.25,59.25,present in both
61.25,59.75,present in both
61.25,60.25,present in both
61.25,60.75,present in both
61.25,61.25,present in both
61.25,61.75,present in both
61.25,62.25,present in both
61.25,62.75,present in both
61.25,63.25,present in both
61.25,63.75,present in both
61.25,64.25,present in both
61.25,64.75,present in both
61.25,65.25,present in both
61.25,65.75,present in both
61.25,66.25,present in both
61.25,66.75,present in both
61.25,67.25,present in both
61.25,67.75,present in both
61.25,68.25,present in both
61.25,68.75,present in both
61.25,69.25,present in both
61.25,69.75,present in both
61.75,56.25,present in both
61.75,56.75,present in both
61.75,57.25,present in both
61.75,57.75,present in both
61.75,58.25,present in both
61.75,58.75,present in both
61.75,59.25,present in both
61.75,59.75,present in both
61.75,60.25,present in both
61.75,60.75,present in both
61.75,61.25,present in both
61.75,61.75,present in both
61.75,62.25,present in both
61.75,62.75,present in both
61.75,63.25,present in both
61.75,63.75,present in both
61.75,64.25,present in both
61.75,64.75,present in both
61.75,65.25,present in both
61.75,65.75,present in both
61.75,66.25,present in both
61.75,66.75,present in both
61.75,67.25,present in both
61.75,67.75,present in both
61.75,68.25,present in both
61.75,68.75,present in both
61.75,69.25,present in both
61.75,69.75,present in both
62.25,56.75,present in both
62.25,57.25,present in both
62.25,57.75,present in both
62.25,58.25,present in both
62.25,58.75,present in both
62.25,59.25,present in both
62.25,59.75,present in both
62.25,60.25,present in both
62.25,60.75,present in both
62.25,61.25,present in both
62.25,61.75,present in both
62.25,62.25,present in both
62.25,62.75,present in both
62.25,63.25,present in both
62.25,63.75,present in both
62.25,64.25,present in both
62.25,64.75,present in both
62.25,65.25,present in both
62.25,65.75,present in both
62.25,66.25,present in both
62.25,66.75,present in both
62.25,67.25,present in both
62.25,67.75,present in both
62.25,68.25,present in both
62.25,68.75,present in both
62.25,69.25,present in both
62.25,69.75,present in both
62.75,56.75,present in both
62.75,57.25,present in both
62.75,57.75,present in both
62.75,58.25,present in both
62.75,58.75,present in both
62.75,59.25,present in both
62.75,59.75,present in both
62.75,60.25,present in both
62.75,60.75,present in both
62.75,61.25,present in both
62.75,61.75,present in both
62.75,62.25,present in both
62.75,62.75,present in both
62.75,63.25,present in both
62.75,63.75,present in both
62.75,64.25,present in both
62.75,64.75,present in both
62.75,65.25,present in both
62.75,65.75,present in both
62.75,66.25,present in both
62.75,66.75,present in both
62.75,67.25,present in both
62.75,67.75,present in both
62.75,68.25,present in both
62.75,68.75,present in both
62.75,69.25,present in both
62.75,69.75,present in both
63.25,56.75,present in both
63.25,57.25,present in both
63.25,57.75,present in both
63.25,58.25,present in both
63.25,58.75,present in both
63.25,59.25,present in both
63.25,59.75,present in both
63.25,60.25,present in both
63.25,60.75,present in both
63.25,61.25,present in both
63.25,61.75,present in both
63.25,62.25,present in both
63.25,62.75,present in both
63.25,63.25,present in both
63.25,63.75,present in both
63.25,64.25,present in both
63.25,64.75,present in both
63.25,65.25,present in both
63.25,65.75,present in both
63.25,66.25,present in both
63.25,66.75,present in both
63.25,67.25,present in both
63.25,67.75,present in both
63.25,68.25,present in both
63.25,68.75,present in both
63.25,69.25,present in both
63.75,57.25,present in both
63.75,57.75,present in both
63.75,58.25,present in both
63.75,58.75,present in both
63.75,59.25,present in both
63.75,59.75,present in both
63.75,60.25,present in both
63.75,60.75,present in both
63.75,61.25,present in both
63.75,61.75,present in both
63.75,62.25,present in both
63.75,62.75,present in both
63.75,63.25,present in both
63.75,63.75,present in both
63.75,64.25,present in both
63.75,64.75,present in both
63.75,65.25,present in both
63.75,65.75,present in both
63.75,66.25,present in both
63.75,66.75,present in both
63.75,67.25,present in both
63.75,67.75,present in both
63.75,68.25,present in both
63.75,68.75,present in both
63.75,69.25,present in both
64.25,57.25,present in both
64.25,57.75,present in both
64.25,58.25,present in both
64.25,58.75,present in both
64.25,59.25,present in both
64.25,59.75,present in both
64.25,60.25,present in both
64.25,60.75,present in both
64.25,61.25,present in both
64.25,61.75,present in both
64.25,62.25,present in both
64.25,62.75,present in both
64.25,63.25,present in both
64.25,63.75,present in both
64.25,64.25,present in both
64.25,64.75,present in both
64.25,65.25,present in both
64.25,65.75,present in both
64.25,66.25,present in both
64.25,66.75,present in both
64.25,67.25,present in both
64.25,67.75,present in both
64.25,68.25,present in both
64.25,68.75,present in both
64.25,69.25,present in both
64.75,57.25,present in both
64.75,57.75,present in both
64.75,58.25,present in both
64.75,58.75,present in both
64.75,59.25,present in both
64.75,59.75,present in both
64.75,60.25,present in both
64.75,60.75,present in both
64.75,61.25,present in both
64.75,61.75,present in both
64.75,62.25,present in both
64.75,62.75,present in both
64.75,63.25,present in both
64.75,63.75,present in both
64.75,64.25,present in both
64.75,64.75,present in both
64.75,65.25,present in both
64.75,65.75,present in both
64.75,66.25,present in both
64.75,66.75,present in both
64.75,67.25,present in both
64.75,67.75,present in both
64.75,68.25,present in both
64.75,68.75,present in both
64.75,69.25,present in both
65.25,57.25,present in both
65.25,57.75,present in both
65.25,58.25,present in both
65.25,58.75,present in both
65.25,59.25,present in both
65.25,59.75,present in both
65.25,60.25,present in both
65.25,60.75,present in both
65.25,61.25,present in both
65.25,61.75,present in both
65.25,62.25,present in both
65.25,62.75,present in both
65.25,63.25,present in both
65.25,63.75,present in both
65.25,64.25,present in both
65.25,64.75,present in both
65.25,65.25,present in both
65.25,65.75,present in both
65.25,66.25,present in both
65.25,66.75,present in both
65.25,67.25,present in both
65.25,67.75,present in both
65.25,68.25,present in both
65.25,68.75,present in both
65.75,57.75,present in both
65.75,58.25,present in both
65.75,58.75,present in both
65.75,59.25,present in both
65.75,59.75,present in both
65.75,60.25,present in both
65.75,60.75,present in both
65.75,61.25,present in both
65.75,61.75,present in both
65.75,62.25,present in both
65.75,62.75,present in both
65.75,63.25,present in both
65.75,63.75,present in both
65.75,64.25,present in both
65.75,64.75,present in both
65.75,65.25,present in both
65.75,65.75,present in both
65.75,66.25,present in both
65.75,66.75,present in both
65.75,67.25,present in both
65.75,67.75,present in both
65.75,68.25,present in both
65.75,68.75,present in both
66.25,57.75,present in both
66.25,58.25,present in both
66.25,58.75,present in both
66.25,59.25,present in both
66.25,59.75,present in both
66.25,60.25,present in both
66.25,60.75,present in both
66.25,61.25,present in both
66.25,61.75,present in both
66.25,62.25,present in both
66.25,62.75,present in both
66.25,63.25,present in both
66.25,63.75,present in both
66.25,64.25,present in both
66.25,64.75,present in both
66.25,65.25,present in both
66.25,65.75,present in both
66.25,66.25,present in both
66.25,66.75,present in both
66.25,67.25,present in both
66.25,67.75,present in both
66.25,68.25,present in both
66.25,68.75,present in both
66.75,57.75,present in both
66.75,58.25,present in both
66.75,58.75,present in both
66.75,59.25,present in both
66.75,59.75,present in both
66.75,60.25,present in both
66.75,60.75,present in both
66.75,61.25,present in both
66.75,61.75,present in both
66.75,62.25,present in both
66.75,62.75,present in both
66.75,63.25,present in both
66.75,63.75,present in both
66.75,64.25,present in both
66.75,64.75,present in both
66.75,65.25,present in both
66.75,65.75,present in both
66.75,66.25,present in both
66.75,66.75,present in both
66.75,67.25,present in both
66.75,67.75,present in both
66.75,68.25,present in both
66.75,68.75,present in both
67.25,57.75,present in both
67.25,58.25,present in both
67.25,58.75,present in both
67.25,59.25,present in both
67.25,59.75,present in both
67.25,60.25,present in both
67.25,60.75,present in both
67.25,61.25,present in both
67.25,61.75,present in both
67.25,62.25,present in both
67.25,62.75,present in both
67.25,63.25,present in both
67.25,63.75,present in both
67.25,64.25,present in both
67.25,64.75,present in both
67.25,65.25,present in both
67.25,65.75,present in both
67.25,66.25,present in both
67.25,66.75,present in both
67.25,67.25,present in both
67.25,67.75,present in both
67.25,68.25,present in both
67.25,69.75,present in both
67.25,70.25,present in both
67.25,71.25,present in both
67.25,76.25,present in both
67.25,76.75,present in both
67.75,57.75,present in both
67.75,58.25,present in both
67.75,58.75,present in both
67.75,59.25,present in both
67.75,59.75,present in both
67.75,60.25,present in both
67.75,60.75,present in both
67.75,61.25,present in both
67.75,61.75,present in both
67.75,62.25,present in both
67.75,62.75,present in both
67.75,63.25,present in both
67.75,63.75,present in both
67.75,64.25,present in both
67.75,64.75,present in both
67.75,65.25,present in both
67.75,65.75,present in both
67.75,66.25,present in both
67.75,66.75,present in both
67.75,67.25,present in both
67.75,67.75,present in both
67.75,68.25,present in both
67.75,69.75,present in both
67.75,70.25,present in both
67.75,70.75,present in both
67.75,71.25,present in both
67.75,76.25,present in both
67.75,76.75,present in both
68.25,57.75,present in both
68.25,58.25,present in both
68.25,58.75,present in both
68.25,59.25,present in both
68.25,59.75,present in both
68.25,60.25,present in both
68.25,60.75,present in both
68.25,61.25,present in both
68.25,61.75,present in both
68.25,62.25,present in both
68.25,62.75,present in both
68.25,63.25,present in both
68.25,63.75,present in both
68.25,64.25,present in both
68.25,64.75,present in both
68.25,65.25,present in both
68.25,65.75,present in both
68.25,66.25,present in both
68.25,66.75,present in both
68.25,67.25,present in both
68.25,67.75,present in both
68.25,69.25,present in both
68.25,69.75,present in both
68.25,70.25,present in both
68.25,70.75,present in both
68.25,71.25,present in both
68.25,76.75,present in both
68.75,57.75,present in both
68.75,58.25,present in both
68.75,58.75,present in both
68.75,59.25,present in both
68.75,59.75,present in both
68.75,60.25,present in both
68.75,60.75,present in both
68.75,61.25,present in both
68.75,61.75,present in both
68.75,62.25,present in both
68.75,62.75,present in both
68.75,63.25,present in both
68.75,63.75,present in both
68.75,64.25,present in both
68.75,64.75,present in both
68.75,65.25,present in both
68.75,65.75,present in both
68.75,66.25,present in both
68.75,66.75,present in both
68.75,67.25,present in both
68.75,67.75,present in both
68.75,68.25,present in both
68.75,69.25,present in both
68.75,69.75,present in both
68.75,70.25,present in both
68.75,70.75,present in both
68.75,71.25,present in both
68.75,71.75,present in both
68.75,76.75,present in both
69.25,57.25,present in both
69.25,57.75,present in both
69.25,58.25,present in both
69.25,58.75,present in both
69.25,59.25,present in both
69.25,59.75,present in both
69.25,60.25,present in both
69.25,60.75,present in both
69.25,61.25,present in both
69.25,61.75,present in both
69.25,62.25,present in both
69.25,62.75,present in both
69.25,63.25,present in both
69.25,63.75,present in both
69.25,64.25,present in both
69.25,64.75,present in both
69.25,65.25,present in both
69.25,65.75,present in both
69.25,66.25,present in both
69.25,67.25,present in both
69.25,67.75,present in both
69.25,68.25,present in both
69.25,68.75,present in both
69.25,69.25,present in both
69.25,69.75,present in both
69.25,70.25,present in both
69.25,70.75,present in both
69.25,71.25,present in both
69.25,71.75,present in both
69.25,72.25,present in both
69.25,72.75,present in both
69.75,57.25,present in both
69.75,57.75,present in both
69.75,58.25,present in both
69.75,58.75,present in both
69.75,59.25,present in both
69.75,59.75,present in both
69.75,60.25,present in both
69.75,60.75,present in both
69.75,61.25,present in both
69.75,61.75,present in both
69.75,62.25,present in both
69.75,62.75,present in both
69.75,63.25,present in both
69.75,63.75,present in both
69.75,64.25,present in both
69.75,64.75,present in both
69.75,65.25,present in both
69.75,65.75,present in both
69.75,66.25,present in both
69.75,66.75,present in both
69.75,67.25,present in both
69.75,67.75,present in both
69.75,68.25,present in both
69.75,68.75,present in both
69.75,69.25,present in both
69.75,69.75,present in both
69.75,70.25,present in both
69.75,70.75,present in both
69.75,71.25,present in both
69.75,71.75,present in both
69.75,72.25,present in both
69.75,72.75,present in both
70.25,57.25,present in both
70.25,57.75,present in both
70.25,58.25,present in both
70.25,58.75,present in both
70.25,59.25,present in both
70.25,59.75,present in both
70.25,60.25,present in both
70.25,60.75,present in both
70.25,61.25,present in both
70.25,61.75,present in both
70.25,62.25,present in both
70.25,62.75,present in both
70.25,63.25,present in both
70.25,63.75,present in both
70.25,64.25,present in both
70.25,64.75,present in both
70.25,65.25,present in both
70.25,65.75,present in both
70.25,66.25,present in both
70.25,67.25,present in both
70.25,67.75,present in both
70.25,68.25,present in both
70.25,68.75,present in both
70.25,69.25,present in both
70.25,69.75,present in both
70.25,70.25,present in both
70.25,70.75,present in both
70.25,71.25,present in both
70.25,71.75,present in both
70.25,72.25,present in both
70.25,72.75,present in both
70.25,73.25,present in both
70.75,57.25,present in both
70.75,57.75,present in both
70.75,58.25,present in both
70.75,58.75,present in both
70.75,59.25,present in both
70.75,59.75,present in both
70.75,60.25,present in both
70.75,60.75,present in both
70.75,61.25,present in both
70.75,61.75,present in both
70.75,62.25,present in both
70.75,62.75,present in both
70.75,63.25,present in both
70.75,63.75,present in both
70.75,64.25,present in both
70.75,64.75,present in both
70.75,65.25,present in both
70.75,65.75,present in both
70.75,66.25,present in both
70.75,66.75,present in both
70.75,67.25,present in both
70.75,67.75,present in both
70.75,68.25,present in both
70.75,68.75,present in both
70.75,69.25,present in both
70.75,69.75,present in both
70.75,70.25,present in both
70.75,70.75,present in both
70.75,71.25,present in both
70.75,71.75,present in both
70.75,72.25,present in both
70.75,72.75,present in both
70.75,73.25,present in both
71.25,57.25,present in both
71.25,57.75,present in both
71.25,58.25,present in both
71.25,58.75,present in both
71.25,59.25,present in both
71.25,59.75,present in both
71.25,60.25,present in both
71.25,60.75,present in both
71.25,61.25,present in both
71.25,61.75,present in both
71.25,62.25,present in both
71.25,62.75,present in both
71.25,63.25,present in both
71.25,63.75,present in both
71.25,64.25,present in both
71.25,64.75,present in both
71.25,65.25,present in both
71.25,65.75,present in both
71.25,66.25,present in both
71.25,66.75,present in both
71.25,67.25,present in both
71.25,67.75,present in both
71.25,68.25,present in both
71.25,68.75,present in both
71.25,69.25,present in both
71.25,69.75,present in both
71.25,70.25,present in both
71.25,70.75,present in both
71.25,71.25,present in both
71.25,71.75,present in both
71.25,72.25,present in both
71.25,72.75,present in both
71.25,73.25,present in both
71.75,57.25,present in both
71.75,57.75,present in both
71.75,58.25,present in both
71.75,58.75,present in both
71.75,59.25,present in both
71.75,59.75,present in both
71.75,60.25,present in both
71.75,60.75,present in both
71.75,61.25,present in both
71.75,61.75,present in both
71.75,62.25,present in both
71.75,62.75,present in both
71.75,63.25,present in both
71.75,63.75,present in both
71.75,64.25,present in both
71.75,64.75,present in both
71.75,65.25,present in both
71.75,65.75,present in both
71.75,66.25,present in both
71.75,67.25,present in both
71.75,67.75,present in both
71.75,68.25,present in both
71.75,68.75,present in both
71.75,69.25,present in both
71.75,69.75,present in both
71.75,70.25,present in both
71.75,70.75,present in both
71.75,71.25,present in both
71.75,71.75,present in both
71.75,72.25,present in both
71.75,72.75,present in both
72.25,57.25,present in both
72.25,57.75,present in both
72.25,58.25,present in both
72.25,58.75,present in both
72.25,59.25,present in both
72.25,59.75,present in both
72.25,60.25,present in both
72.25,60.75,present in both
72.25,61.25,present in both
72.25,61.75,present in both
72.25,62.25,present in both
72.25,62.75,present in both
72.25,63.25,present in both
72.25,63.75,present in both
72.25,64.25,present in both
72.25,64.75,present in both
72.25,65.25,present in both
72.25,65.75,present in both
72.25,66.25,present in both
72.25,67.25,present in both
72.25,67.75,present in both
72.25,68.25,present in both
72.25,68.75,present in both
72.25,69.25,present in both
72.25,69.75,present in both
72.25,70.25,present in both
72.25,70.75,present in both
72.25,71.25,present in both
72.25,71.75,present in both
72.25,72.25,present in both
72.25,72.75,present in both
72.75,57.25,present in both
72.75,57.75,present in both
72.75,58.25,present in both
72.75,58.75,present in both
72.75,59.25,present in both
72.75,59.75,present in both
72.75,60.25,present in both
72.75,60.75,present in both
72.75,61.25,present in both
72.75,61.75,present in both
72.75,62.25,present in both
72.75,62.75,present in both
72.75,63.25,present in both
72.75,63.75,present in both
72.75,64.25,present in both
72.75,64.75,present in both
72.75,65.25,present in both
72.75,65.75,present in both
72.75,66.25,present in both
72.75,67.75,present in both
72.75,68.25,present in both
72.75,68.75,present in both
72.75,70.75,present in both
72.75,72.25,present in both
73.25,57.25,present in both
73.25,57.75,present in both
73.25,58.25,present in both
73.25,58.75,present in both
73.25,59.25,present in both
73.25,59.75,present in both
73.25,60.25,present in both
73.25,60.75,present in both
73.25,61.25,present in both
73.25,61.75,present in both
73.25,62.25,present in both
73.25,62.75,present in both
73.25,63.25,present in both
73.25,63.75,present in both
73.25,64.25,present in both
73.25,64.75,present in both
73.25,65.25,present in both
73.25,65.75,present in both
73.25,66.25,present in both
73.25,66.75,present in both
73.75,57.25,present in both
73.75,57.75,present in both
73.75,58.25,present in both
73.75,58.75,present in both
73.75,59.25,present in both
73.75,59.75,present in both
73.75,60.25,present in both
73.75,60.75,present in both
73.75,61.25,present in both
73.75,61.75,present in both
73.75,62.25,present in both
73.75,62.75,present in both
73.75,63.25,present in both
73.75,63.75,present in both
73.75,64.25,present in both
73.75,64.75,present in both
73.75,65.25,present in both
73.75,65.75,present in both
73.75,66.25,present in both
73.75,66.75,present in both
73.75,69.75,present in both
73.75,71.25,present in both
73.75,71.75,present in both
74.25,57.25,present in both
74.25,57.75,present in both
74.25,58.25,present in both
74.25,58.75,present in both
74.25,59.25,present in both
74.25,59.75,present in both
74.25,60.25,present in both
74.25,60.75,present in both
74.25,61.25,present in both
74.25,61.75,present in both
74.25,62.25,present in both
74.25,62.75,present in both
74.25,63.25,present in both
74.25,63.75,present in both
74.25,64.25,present in both
74.25,64.75,present in both
74.25,65.25,present in both
74.25,65.75,present in both
74.25,66.25,present in both
74.25,66.75,present in both
74.25,67.25,present in both
74.25,69.25,present in both
74.25,69.75,present in both
74.25,70.25,present in both
74.25,70.75,present in both
74.25,71.25,present in both
74.25,71.75,present in both
74.75,57.25,present in both
74.75,57.75,present in both
74.75,58.25,present in both
74.75,58.75,present in both
74.75,59.25,present in both
74.75,59.75,present in both
74.75,60.25,present in both
74.75,60.75,present in both
74.75,61.25,present in both
74.75,61.75,present in both
74.75,62.25,present in both
74.75,62.75,present in both
74.75,63.25,present in both
74.75,63.75,present in both
74.75,64.25,present in both
74.75,64.75,present in both
74.75,65.25,present in both
74.75,65.75,present in both
74.75,66.25,present in both
74.75,66.75,present in both
74.75,67.25,present in both
74.75,68.25,present in both
74.75,68.75,present in both
74.75,69.25,present in both
74.75,69.75,present in both
74.75,70.25,present in both
74.75,70.75,present in both
74.75,71.25,present in both
74.75,71.75,present in both
75.25,57.25,present in both
75.25,57.75,present in both
75.25,58.25,present in both
75.25,58.75,present in both
75.25,59.25,present in both
75.25,59.75,present in both
75.25,60.25,present in both
75.25,60.75,present in both
75.25,61.25,present in both
75.25,61.75,present in both
75.25,62.25,present in both
75.25,62.75,present in both
75.25,63.25,present in both
75.25,63.75,present in both
75.25,64.25,present in both
75.25,64.75,present in both
75.25,65.25,present in both
75.25,65.75,present in both
75.25,66.25,present in both
75.25,66.75,present in both
75.25,67.25,present in both
75.25,67.75,present in both
75.25,68.25,present in both
75.25,68.75,present in both
75.25,69.25,present in both
75.25,69.75,present in both
75.25,70.25,present in both
75.25,70.75,present in both
75.25,71.25,present in both
75.25,71.75,present in both
75.25,72.25,present in both
75.25,72.75,present in both
75.75,56.75,present in both
75.75,57.25,present in both
75.75,57.75,present in both
75.75,58.25,present in both
75.75,58.75,present in both
75.75,59.25,present in both
75.75,59.75,present in both
75.75,60.25,present in both
75.75,60.75,present in both
75.75,61.25,present in both
75.75,61.75,present in both
75.75,62.25,present in both
75.75,62.75,present in both
75.75,63.25,present in both
75.75,63.75,present in both
75.75,64.25,present in both
75.75,64.75,present in both
75.75,65.25,present in both
75.75,65.75,present in both
75.75,66.25,present in both
75.75,66.75,present in both
75.75,67.25,present in both
75.75,67.75,present in both
75.75,68.25,present in both
75.75,68.75,present in both
75.75,69.75,present in both
75.75,70.25,present in both
75.75,70.75,present in both
75.75,71.25,present in both
76.25,56.75,present in both
76.25,57.25,present in both
76.25,57.75,present in both
76.25,58.25,present in both
76.25,58.75,present in both
76.25,59.25,present in both
76.25,59.75,present in both
76.25,60.25,present in both
76.25,60.75,present in both
76.25,61.25,present in both
76.25,61.75,present in both
76.25,62.25,present in both
76.25,62.75,present in both
76.25,63.25,present in both
76.25,63.75,present in both
76.25,64.25,present in both
76.25,64.75,present in both
76.25,65.25,present in both
76.25,65.75,present in both
76.25,66.25,present in both
76.25,66.75,present in both
76.25,67.25,present in both
76.25,67.75,present in both
76.25,68.25,present in both
76.25,68.75,present in both
76.25,69.25,present in both
76.25,69.75,present in both
76.25,70.25,present in both
76.25,70.75,present in both
76.25,71.75,present in both
76.75,56.75,present in both
76.75,57.25,present in both
76.75,57.75,present in both
76.75,58.25,present in both
76.75,58.75,present in both
76.75,59.25,present in both
76.75,59.75,present in both
76.75,60.25,present in both
76.75,60.75,present in both
76.75,61.25,present in both
76.75,61.75,present in both
76.75,62.25,present in both
76.75,62.75,present in both
76.75,63.25,present in both
76.75,63.75,present in both
76.75,64.25,present in both
76.75,64.75,present in both
76.75,65.25,present in both
76.75,65.75,present in both
76.75,66.25,present in both
76.75,66.75,present in both
76.75,67.25,present in both
76.75,67.75,present in both
76.75,68.25,present in both
76.75,69.25,present in both
76.75,69.75,present in both
76.75,70.25,present in both
76.75,70.75,present in both
76.75,71.75,present in both
77.25,56.75,present in both
77.25,57.25,present in both
77.25,57.75,present in both
77.25,58.25,present in both
77.25,58.75,present in both
77.25,59.25,present in both
77.25,59.75,present in both
77.25,60.25,present in both
77.25,60.75,present in both
77.25,61.25,present in both
77.25,61.75,present in both
77.25,62.25,present in both
77.25,62.75,present in both
77.25,63.25,present in both
77.25,63.75,present in both
77.25,64.25,present in both
77.25,64.75,present in both
77.25,65.25,present in both
77.25,65.75,present in both
77.25,66.25,present in both
77.25,66.75,present in both
77.25,67.25,present in both
77.25,67.75,present in both
77.25,68.25,present in both
77.25,69.25,present in both
77.25,69.75,present in both
77.25,70.25,present in both
77.25,70.75,present in both
77.25,71.75,present in both
77.75,56.75,present in both
77.75,57.25,present in both
77.75,57.75,present in both
77.75,58.25,present in both
77.75,58.75,present in both
77.75,59.25,present in both
77.75,59.75,present in both
77.75,60.25,present in both
77.75,60.75,present in both
77.75,61.25,present in both
77.75,61.75,present in both
77.75,62.25,present in both
77.75,62.75,present in both
77.75,63.25,present in both
77.75,63.75,present in both
77.75,64.25,present in both
77.75,64.75,present in both
77.75,65.25,present in both
77.75,65.75,present in both
77.75,66.25,present in both
77.75,66.75,present in both
77.75,67.25,present in both
77.75,68.75,present in both
77.75,69.25,present in both
77.75,69.75,present in both
77.75,70.25,present in both
77.75,70.75,present in both
77.75,71.75,present in both
77.75,72.25,present in both
78.25,56.75,present in both
78.25,57.25,present in both
78.25,57.75,present in both
78.25,58.25,present in both
78.25,58.75,present in both
78.25,59.25,present in both
78.25,59.75,present in both
78.25,60.25,present in both
78.25,60.75,present in both
78.25,61.25,present in both
78.25,61.75,present in both
78.25,62.25,present in both
78.25,62.75,present in both
78.25,63.25,present in both
78.25,63.75,present in both
78.25,64.25,present in both
78.25,64.75,present in both
78.25,65.25,present in both
78.25,65.75,present in both
78.25,66.25,present in both
78.25,66.75,present in both
78.25,67.25,present in both
78.25,67.75,present in both
78.25,68.25,present in both
78.25,68.75,present in both
78.25,69.25,present in both
78.25,69.75,present in both
78.25,70.25,present in both
78.25,70.75,present in both
78.25,71.75,present in both
78.25,72.25,present in both
78.75,56.75,present in both
78.75,57.25,present in both
78.75,57.75,present in both
78.75,58.25,present in both
78.75,58.75,present in both
78.75,59.25,present in both
78.75,59.75,present in both
78.75,60.25,present in both
78.75,60.75,present in both
78.75,61.25,present in both
78.75,61.75,present in both
78.75,62.25,present in both
78.75,62.75,present in both
78.75,63.25,present in both
78.75,63.75,present in both
78.75,64.25,present in both
78.75,64.75,present in both
78.75,65.25,present in both
78.75,65.75,present in both
78.75,66.25,present in both
78.75,66.75,present in both
78.75,67.25,present in both
78.75,67.75,present in both
78.75,68.25,present in both
78.75,68.75,present in both
78.75,69.25,present in both
78.75,69.75,present in both
78.75,70.25,present in both
78.75,70.75,present in both
78.75,71.25,present in both
78.75,71.75,present in both
78.75,72.25,present in both
79.25,56.75,present in both
79.25,57.25,present in both
79.25,57.75,present in both
79.25,58.25,present in both
79.25,58.75,present in both
79.25,59.25,present in both
79.25,59.75,present in both
79.25,60.25,present in both
79.25,60.75,present in both
79.25,61.25,present in both
79.25,61.75,present in both
79.25,62.25,present in both
79.25,62.75,present in both
79.25,63.25,present in both
79.25,63.75,present in both
79.25,64.25,present in both
79.25,64.75,present in both
79.25,65.25,present in both
79.25,65.75,present in both
79.25,66.25,present in both
79.25,66.75,present in both
79.25,67.25,present in both
79.25,67.75,present in both
79.25,68.25,present in both
79.25,68.75,present in both
79.25,69.25,present in both
79.25,69.75,present in both
79.25,70.25,present in both
79.25,70.75,present in both
79.25,71.25,present in both
79.25,71.75,present in both
79.25,72.25,present in both
79.25,72.75,present in both
79.75,56.75,present in both
79.75,57.25,present in both
79.75,57.75,present in both
79.75,58.25,present in both
79.75,58.75,present in both
79.75,59.25,present in both
79.75,59.75,present in both
79.75,60.25,present in both
79.75,60.75,present in both
79.75,61.25,present in both
79.75,61.75,present in both
79.75,62.25,present in both
79.75,62.75,present in both
79.75,63.25,present in both
79.75,63.75,present in both
79.75,64.25,present in both
79.75,64.75,present in both
79.75,65.25,present in both
79.75,65.75,present in both
79.75,66.25,present in both
79.75,66.75,present in both
79.75,67.25,present in both
79.75,67.75,present in both
79.75,68.25,present in both
79.75,68.75,present in both
79.75,69.25,present in both
79.75,69.75,present in both
79.75,70.25,present in both
79.75,70.75,present in both
79.75,71.25,present in both
79.75,71.75,present in both
79.75,72.25,present in both
80.25,56.75,present in both
80.25,57.25,present in both
80.25,57.75,present in both
80.25,58.25,present in both
80.25,58.75,present in both
80.25,59.25,present in both
80.25,59.75,present in both
80.25,60.25,present in both
80.25,60.75,present in both
80.25,61.25,present in both
80.25,61.75,present in both
80.25,62.25,present in both
80.25,62.75,present in both
80.25,63.25,present in both
80.25,63.75,present in both
80.25,64.25,present in both
80.25,64.75,present in both
80.25,65.25,present in both
80.25,65.75,present in both
80.25,66.25,present in both
80.25,66.75,present in both
80.25,67.25,present in both
80.25,67.75,present in both
80.25,68.25,present in both
80.25,68.75,present in both
80.25,69.25,present in both
80.25,69.75,present in both
80.25,70.25,present in both
80.25,70.75,present in both
80.25,71.25,present in both
80.25,71.75,present in both
80.75,56.75,present in both
80.75,57.25,present in both
80.75,57.75,present in both
80.75,58.25,present in both
80.75,58.75,present in both
80.75,59.25,present in both
80.75,59.75,present in both
80.75,60.25,present in both
80.75,60.75,present in both
80.75,61.25,present in both
80.75,61.75,present in both
80.75,62.25,present in both
80.75,62.75,present in both
80.75,63.25,present in both
80.75,63.75,present in both
80.75,64.25,present in both
80.75,64.75,present in both
80.75,65.25,present in both
80.75,65.75,present in both
80.75,66.25,present in both
80.75,66.75,present in both
80.75,67.25,present in both
80.75,67.75,present in both
80.75,68.25,present in both
80.75,68.75,present in both
80.75,69.25,present in both
80.75,69.75,present in both
80.75,70.25,present in both
80.75,70.75,present in both
80.75,71.25,present in both
80.75,71.75,present in both
80.75,72.75,present in both
80.75,73.25,present in both
81.25,56.75,present in both
81.25,57.25,present in both
81.25,57.75,present in both
81.25,58.25,present in both
81.25,58.75,present in both
81.25,59.25,present in both
81.25,59.75,present in both
81.25,60.25,present in both
81.25,60.75,present in both
81.25,61.25,present in both
81.25,61.75,present in both
81.25,62.25,present in both
81.25,62.75,present in both
81.25,63.25,present in both
81.25,63.75,present in both
81.25,64.25,present in both
81.25,64.75,present in both
81.25,65.25,present in both
81.25,65.75,present in both
81.25,66.25,present in both
81.25,66.75,present in both
81.25,67.25,present in both
81.25,67.75,present in both
81.25,68.25,present in both
81.25,68.75,present in both
81.25,69.25,present in both
81.25,69.75,present in both
81.25,70.25,present in both
81.25,70.75,present in both
81.25,71.25,present in both
81.25,71.75,present in both
81.25,72.75,present in both
81.25,73.25,present in both
81.75,56.75,present in both
81.75,57.25,present in both
81.75,57.75,present in both
81.75,58.25,present in both
81.75,58.75,present in both
81.75,59.25,present in both
81.75,59.75,present in both
81.75,60.25,present in both
81.75,60.75,present in both
81.75,61.25,present in both
81.75,61.75,present in both
81.75,62.25,present in both
81.75,62.75,present in both
81.75,63.25,present in both
81.75,63.75,present in both
81.75,64.25,present in both
81.75,64.75,present in both
81.75,65.25,present in both
81.75,65.75,present in both
81.75,66.25,present in both
81.75,66.75,present in both
81.75,67.25,present in both
81.75,67.75,present in both
81.75,68.25,present in both
81.75,68.75,present in both
81.75,69.25,present in both
81.75,69.75,present in both
81.75,70.25,present in both
81.75,70.75,present in both
81.75,71.25,present in both
81.75,72.75,present in both
81.75,73.25,present in both
82.25,57.25,present in both
82.25,57.75,present in both
82.25,58.25,present in both
82.25,58.75,present in both
82.25,59.25,present in both
82.25,59.75,present in both
82.25,60.25,present in both
82.25,60.75,present in both
82.25,61.25,present in both
82.25,61.75,present in both
82.25,62.25,present in both
82.25,62.75,present in both
82.25,63.25,present in both
82.25,63.75,present in both
82.25,64.25,present in both
82.25,64.75,present in both
82.25,65.25,present in both
82.25,65.75,present in both
82.25,66.25,present in both
82.25,66.75,present in both
82.25,67.25,present in both
82.25,67.75,present in both
82.25,68.25,present in both
82.25,68.75,present in both
82.25,69.25,present in both
82.25,69.75,present in both
82.25,70.25,present in both
82.25,70.75,present in both
82.25,72.75,present in both
82.25,73.25,present in both
82.75,57.25,present in both
82.75,57.75,present in both
82.75,58.25,present in both
82.75,58.75,present in both
82.75,59.25,present in both
82.75,59.75,present in both
82.75,60.25,present in both
82.75,60.75,present in both
82.75,61.25,present in both
82.75,61.75,present in both
82.75,62.25,present in both
82.75,62.75,present in both
82.75,63.25,present in both
82.75,63.75,present in both
82.75,64.25,present in both
82.75,64.75,present in both
82.75,65.25,present in both
82.75,65.75,present in both
82.75,66.25,present in both
82.75,66.75,present in both
82.75,67.25,present in both
82.75,67.75,present in both
82.75,68.25,present in both
82.75,68.75,present in both
82.75,69.25,present in both
82.75,69.75,present in both
82.75,70.75,present in both
82.75,71.75,present in both
82.75,72.25,present in both
82.75,72.75,present in both
82.75,73.25,present in both
83.25,57.75,present in both
83.25,58.25,present in both
83.25,58.75,present in both
83.25,59.25,present in both
83.25,59.75,present in both
83.25,60.25,present in both
83.25,60.75,present in both
83.25,61.25,present in both
83.25,61.75,present in both
83.25,62.25,present in both
83.25,62.75,present in both
83.25,63.25,present in both
83.25,63.75,present in both
83.25,64.25,present in both
83.25,64.75,present in both
83.25,65.25,present in both
83.25,65.75,present in both
83.25,66.25,present in both
83.25,66.75,present in both
83.25,67.25,present in both
83.25,67.75,present in both
83.25,68.25,present in both
83.25,68.75,present in both
83.25,69.25,present in both
83.25,69.75,present in both
83.25,70.25,present in both
83.25,70.75,present in both
83.25,71.25,present in both
83.25,72.25,present in both
83.25,72.75,present in both
83.25,73.25,present in both
83.75,57.75,present in both
83.75,58.25,present in both
83.75,58.75,present in both
83.75,59.25,present in both
83.75,59.75,present in both
83.75,60.25,present in both
83.75,60.75,present in both
83.75,61.25,present in both
83.75,61.75,present in both
83.75,62.25,present in both
83.75,62.75,present in both
83.75,63.25,present in both
83.75,63.75,present in both
83.75,64.25,present in both
83.75,64.75,present in both
83.75,65.25,present in both
83.75,65.75,present in both
83.75,66.25,present in both
83.75,66.75,present in both
83.75,67.25,present in both
83.75,67.75,present in both
83.75,68.25,present in both
83.75,68.75,present in both
83.75,69.25,present in both
83.75,70.25,present in both
83.75,70.75,present in both
83.75,71.25,present in both
83.75,71.75,present in both
83.75,72.25,present in both
83.75,72.75,present in both
83.75,73.25,present in both
84.25,57.75,present in both
84.25,58.25,present in both
84.25,58.75,present in both
84.25,59.25,present in both
84.25,59.75,present in both
84.25,60.25,present in both
84.25,60.75,present in both
84.25,61.25,present in both
84.25,61.75,present in both
84.25,62.25,present in both
84.25,62.75,present in both
84.25,63.25,present in both
84.25,63.75,present in both
84.25,64.25,present in both
84.25,64.75,present in both
84.25,65.25,present in both
84.25,65.75,present in both
84.25,66.25,present in both
84.25,66.75,present in both
84.25,67.25,present in both
84.25,67.75,present in both
84.25,68.25,present in both
84.25,68.75,present in both
84.25,69.25,present in both
84.25,69.75,present in both
84.25,70.25,present in both
84.25,70.75,present in both
84.25,71.25,present in both
84.25,71.75,present in both
84.25,72.25,present in both
84.25,72.75,present in both
84.25,73.25,present in both
84.75,57.75,present in both
84.75,58.25,present in both
84.75,58.75,present in both
84.75,59.25,present in both
84.75,59.75,present in both
84.75,60.25,present in both
84.75,60.75,present in both
84.75,61.25,present in both
84.75,61.75,present in both
84.75,62.25,present in both
84.75,62.75,present in both
84.75,63.25,present in both
84.75,63.75,present in both
84.75,64.25,present in both
84.75,64.75,present in both
84.75,65.25,present in both
84.75,65.75,present in both
84.75,66.25,present in both
84.75,66.75,present in both
84.75,67.25,present in both
84.75,67.75,present in both
84.75,68.25,present in both
84.75,68.75,present in both
84.75,69.25,present in both
84.75,69.75,present in both
84.75,70.25,present in both
84.75,70.75,present in both
84.75,71.25,present in both
84.75,71.75,present in both
84.75,72.25,present in both
84.75,72.75,present in both
84.75,73.25,present in both
85.25,57.75,present in both
85.25,58.25,present in both
85.25,58.75,present in both
85.25,59.25,present in both
85.25,59.75,present in both
85.25,60.25,present in both
85.25,60.75,present in both
85.25,61.25,present in both
85.25,61.75,present in both
85.25,62.25,present in both
85.25,62.75,present in both
85.25,63.25,present in both
85.25,63.75,present in both
85.25,64.25,present in both
85.25,64.75,present in both
85.25,65.25,present in both
85.25,65.75,present in both
85.25,66.25,present in both
85.25,66.75,present in both
85.25,67.25,present in both
85.25,67.75,present in both
85.25,68.25,present in both
85.25,68.75,present in both
85.25,69.25,present in both
85.25,69.75,present in both
85.25,70.25,present in both
85.25,70.75,present in both
85.25,71.25,present in both
85.25,71.75,present in both
85.25,72.25,present in both
85.25,72.75,present in both
85.25,73.25,present in both
85.75,57.75,present in both
85.75,58.25,present in both
85.75,58.75,present in both
85.75,59.25,present in both
85.75,59.75,present in both
85.75,60.25,present in both
85.75,60.75,present in both
85.75,61.25,present in both
85.75,61.75,present in both
85.75,62.25,present in both
85.75,62.75,present in both
85.75,63.25,present in both
85.75,63.75,present in both
85.75,64.25,present in both
85.75,64.75,present in both
85.75,65.25,present in both
85.75,65.75,present in both
85.75,66.25,present in both
85.75,66.75,present in both
85.75,67.25,present in both
85.75,67.75,present in both
85.75,68.25,present in both
85.75,68.75,present in both
85.75,69.25,present in both
85.75,69.75,present in both
85.75,70.25,present in both
85.75,70.75,present in both
85.75,71.25,present in both
85.75,71.75,present in both
85.75,72.25,present in both
85.75,72.75,present in both
85.75,73.25,present in both
85.75,73.75,present in both
86.25,57.25,present in both
86.25,57.75,present in both
86.25,58.25,present in both
86.25,58.75,present in both
86.25,59.25,present in both
86.25,59.75,present in both
86.25,60.25,present in both
86.25,60.75,present in both
86.25,61.25,present in both
86.25,61.75,present in both
86.25,62.25,present in both
86.25,62.75,present in both
86.25,63.25,present in both
86.25,63.75,present in both
86.25,64.25,present in both
86.25,64.75,present in both
86.25,65.25,present in both
86.25,65.75,present in both
86.25,66.25,present in both
86.25,66.75,present in both
86.25,67.25,present in both
86.25,67.75,present in both
86.25,68.25,present in both
86.25,68.75,present in both
86.25,69.25,present in both
86.25,69.75,present in both
86.25,70.25,present in both
86.25,70.75,present in both
86.25,71.25,present in both
86.25,71.75,present in both
86.25,72.25,present in both
86.25,72.75,present in both
86.25,73.25,present in both
86.25,73.75,present in both
86.25,74.75,present in both
86.75,56.75,present in both
86.75,57.25,present in both
86.75,57.75,present in both
86.75,58.25,present in both
86.75,58.75,present in both
86.75,59.25,present in both
86.75,59.75,present in both
86.75,60.25,present in both
86.75,60.75,present in both
86.75,61.25,present in both
86.75,61.75,present in both
86.75,62.25,present in both
86.75,62.75,present in both
86.75,63.25,present in both
86.75,63.75,present in both
86.75,64.25,present in both
86.75,64.75,present in both
86.75,65.25,present in both
86.75,65.75,present in both
86.75,66.25,present in both
86.75,66.75,present in both
86.75,67.25,present in both
86.75,67.75,present in both
86.75,68.25,present in both
86.75,68.75,present in both
86.75,69.25,present in both
86.75,69.75,present in both
86.75,70.25,present in both
86.75,70.75,present in both
86.75,71.25,present in both
86.75,71.75,present in both
86.75,72.25,present in both
86.75,72.75,present in both
86.75,73.25,present in both
86.75,73.75,present in both
86.75,74.25,present in both
87.25,56.75,present in both
87.25,57.25,present in both
87.25,57.75,present in both
87.25,58.25,present in both
87.25,58.75,present in both
87.25,59.25,present in both
87.25,59.75,present in both
87.25,60.25,present in both
87.25,60.75,present in both
87.25,61.25,present in both
87.25,61.75,present in both
87.25,62.25,present in both
87.25,62.75,present in both
87.25,63.25,present in both
87.25,63.75,present in both
87.25,64.25,present in both
87.25,64.75,present in both
87.25,65.25,present in both
87.25,65.75,present in both
87.25,66.25,present in both
87.25,66.75,present in both
87.25,67.25,present in both
87.25,67.75,present in both
87.25,68.25,present in both
87.25,68.75,present in both
87.25,69.25,present in both
87.25,69.75,present in both
87.25,70.25,present in both
87.25,70.75,present in both
87.25,71.25,present in both
87.25,71.75,present in both
87.25,72.25,present in both
87.25,72.75,present in both
87.25,73.25,present in both
87.25,74.25,present in both
87.25,74.75,present in both
87.75,57.25,present in both
87.75,57.75,present in both
87.75,58.25,present in both
87.75,58.75,present in both
87.75,59.25,present in both
87.75,59.75,present in both
87.75,60.25,present in both
87.75,60.75,present in both
87.75,61.25,present in both
87.75,61.75,present in both
87.75,62.25,present in both
87.75,62.75,present in both
87.75,63.25,present in both
87.75,63.75,present in both
87.75,64.25,present in both
87.75,64.75,present in both
87.75,65.25,present in both
87.75,65.75,present in both
87.75,66.25,present in both
87.75,66.75,present in both
87.75,67.25,present in both
87.75,67.75,present in both
87.75,68.25,present in both
87.75,68.75,present in both
87.75,69.25,present in both
87.75,69.75,present in both
87.75,70.25,present in both
87.75,70.75,present in both
87.75,71.25,present in both
87.75,71.75,present in both
87.75,72.25,present in both
87.75,72.75,present in both
87.75,73.25,present in both
87.75,73.75,present in both
87.75,74.25,present in both
87.75,74.75,present in both
88.25,57.25,present in both
88.25,57.75,present in both
88.25,58.25,present in both
88.25,58.75,present in both
88.25,59.25,present in both
88.25,59.75,present in both
88.25,60.25,present in both
88.25,60.75,present in both
88.25,61.25,present in both
88.25,61.75,present in both
88.25,62.25,present in both
88.25,62.75,present in both
88.25,63.25,present in both
88.25,63.75,present in both
88.25,64.25,present in both
88.25,64.75,present in both
88.25,65.25,present in both
88.25,65.75,present in both
88.25,66.25,present in both
88.25,66.75,present in both
88.25,67.25,present in both
88.25,67.75,present in both
88.25,68.25,present in both
88.25,68.75,present in both
88.25,69.25,present in both
88.25,69.75,present in both
88.25,70.25,present in both
88.25,70.75,present in both
88.25,71.25,present in both
88.25,71.75,present in both
88.25,72.25,present in both
88.25,72.75,present in both
88.25,73.25,present in both
88.25,73.75,present in both
88.25,74.25,present in both
88.25,74.75,present in both
88.75,57.25,present in both
88.75,57.75,present in both
88.75,58.25,present in both
88.75,58.75,present in both
88.75,59.25,present in both
88.75,59.75,present in both
88.75,60.25,present in both
88.75,60.75,present in both
88.75,61.25,present in both
88.75,61.75,present in both
88.75,62.25,present in both
88.75,62.75,present in both
88.75,63.25,present in both
88.75,63.75,present in both
88.75,64.25,present in both
88.75,64.75,present in both
88.75,65.25,present in both
88.75,65.75,present in both
88.75,66.25,present in both
88.75,66.75,present in both
88.75,67.25,present in both
88.75,67.75,present in both
88.75,68.25,present in both
88.75,68.75,present in both
88.75,69.25,present in both
88.75,69.75,present in both
88.75,70.25,present in both
88.75,70.75,present in both
88.75,71.25,present in both
88.75,71.75,present in both
88.75,72.25,present in both
88.75,72.75,present in both
88.75,73.25,present in both
88.75,73.75,present in both
88.75,74.25,present in both
88.75,74.75,present in both
88.75,75.25,present in both
89.25,57.25,present in both
89.25,57.75,present in both
89.25,58.25,present in both
89.25,58.75,present in both
89.25,59.25,present in both
89.25,59.75,present in both
89.25,60.25,present in both
89.25,60.75,present in both
89.25,61.25,present in both
89.25,61.75,present in both
89.25,62.25,present in both
89.25,62.75,present in both
89.25,63.25,present in both
89.25,63.75,present in both
89.25,64.25,present in both
89.25,64.75,present in both
89.25,65.25,present in both
89.25,65.75,present in both
89.25,66.25,present in both
89.25,66.75,present in both
89.25,67.25,present in both
89.25,67.75,present in both
89.25,68.25,present in both
89.25,68.75,present in both
89.25,69.25,present in both
89.25,69.75,present in both
89.25,70.25,present in both
89.25,70.75,present in both
89.25,71.25,present in both
89.25,71.75,present in both
89.25,72.25,present in both
89.25,72.75,present in both
89.25,73.25,present in both
89.25,73.75,present in both
89.25,74.25,present in both
89.25,74.75,present in both
89.25,75.25,present in both
89.75,57.25,present in both
89.75,57.75,present in both
89.75,58.25,present in both
89.75,58.75,present in both
89.75,59.25,present in both
89.75,59.75,present in both
89.75,60.25,present in both
89.75,60.75,present in both
89.75,61.25,present in both
89.75,61.75,present in both
89.75,62.25,present in both
89.75,62.75,present in both
89.75,63.25,present in both
89.75,63.75,present in both
89.75,64.25,present in both
89.75,64.75,present in both
89.75,65.25,present in both
89.75,65.75,present in both
89.75,66.25,present in both
89.75,66.75,present in both
89.75,67.25,present in both
89.75,67.75,present in both
89.75,68.25,present in both
89.75,68.75,present in both
89.75,69.25,present in both
89.75,69.75,present in both
89.75,70.25,present in both
89.75,70.75,present in both
89.75,71.25,present in both
89.75,71.75,present in both
89.75,72.25,present in both
89.75,72.75,present in both
89.75,73.25,present in both
89.75,73.75,present in both
89.75,74.25,present in both
89.75,74.75,present in both
89.75,75.25,present in both
90.25,56.75,present in both
90.25,57.25,present in both
90.25,57.75,present in both
90.25,58.25,present in both
90.25,58.75,present in both
90.25,59.25,present in both
90.25,59.75,present in both
90.25,60.25,present in both
90.25,60.75,present in both
90.25,61.25,present in both
90.25,61.75,present in both
90.25,62.25,present in both
90.25,62.75,present in both
90.25,63.25,present in both
90.25,63.75,present in both
90.25,64.25,present in both
90.25,64.75,present in both
90.25,65.25,present in both
90.25,65.75,present in both
90.25,66.25,present in both
90.25,66.75,present in both
90.25,67.25,present in both
90.25,67.75,present in both
90.25,68.25,present in both
90.25,68.75,present in both
90.25,69.25,present in both
90.25,69.75,present in both
90.25,70.25,present in both
90.25,70.75,present in both
90.25,71.25,present in both
90.25,71.75,present in both
90.25,72.25,present in both
90.25,72.75,present in both
90.25,73.25,present in both
90.25,73.75,present in both
90.25,74.25,present in both
90.25,74.75,present in both
90.25,75.25,present in both
90.75,56.75,present in both
90.75,57.25,present in both
90.75,57.75,present in both
90.75,58.25,present in both
90.75,58.75,present in both
90.75,59.25,present in both
90.75,59.75,present in both
90.75,60.25,present in both
90.75,60.75,present in both
90.75,61.25,present in both
90.75,61.75,present in both
90.75,62.25,present in both
90.75,62.75,present in both
90.75,63.25,present in both
90.75,63.75,present in both
90.75,64.25,present in both
90.75,64.75,present in both
90.75,65.25,present in both
90.75,65.75,present in both
90.75,66.25,present in both
90.75,66.75,present in both
90.75,67.25,present in both
90.75,67.75,present in both
90.75,68.25,present in both
90.75,68.75,present in both
90.75,69.25,present in both
90.75,69.75,present in both
90.75,70.25,present in both
90.75,70.75,present in both
90.75,71.25,present in both
90.75,71.75,present in both
90.75,72.25,present in both
90.75,72.75,present in both
90.75,73.25,present in both
90.75,73.75,present in both
90.75,74.25,present in both
90.75,74.75,present in both
90.75,75.25,present in both
91.25,56.25,present in both
91.25,56.75,present in both
91.25,57.25,present in both
91.25,57.75,present in both
91.25,58.25,present in both
91.25,58.75,present in both
91.25,59.25,present in both
91.25,59.75,present in both
91.25,60.25,present in both
91.25,60.75,present in both
91.25,61.25,present in both
91.25,61.75,present in both
91.25,62.25,present in both
91.25,62.75,present in both
91.25,63.25,present in both
91.25,63.75,present in both
91.25,64.25,present in both
91.25,64.75,present in both
91.25,65.25,present in both
91.25,65.75,present in both
91.25,66.25,present in both
91.25,66.75,present in both
91.25,67.25,present in both
91.25,67.75,present in both
91.25,68.25,present in both
91.25,68.75,present in both
91.25,69.25,present in both
91.25,69.75,present in both
91.25,70.25,present in both
91.25,70.75,present in both
91.25,71.25,present in both
91.25,71.75,present in both
91.25,72.25,present in both
91.25,72.75,present in both
91.25,73.25,present in both
91.25,73.75,present in both
91.25,74.25,present in both
91.25,74.75,present in both
91.25,75.25,present in both
91.75,56.25,present in both
91.75,56.75,present in both
91.75,57.25,present in both
91.75,57.75,present in both
91.75,58.25,present in both
91.75,58.75,present in both
91.75,59.25,present in both
91.75,59.75,present in both
91.75,60.25,present in both
91.75,60.75,present in both
91.75,61.25,present in both
91.75,61.75,present in both
91.75,62.25,present in both
91.75,62.75,present in both
91.75,63.25,present in both
91.75,63.75,present in both
91.75,64.25,present in both
91.75,64.75,present in both
91.75,65.25,present in both
91.75,65.75,present in both
91.75,66.25,present in both
91.75,66.75,present in both
91.75,67.25,present in both
91.75,67.75,present in both
91.75,68.25,present in both
91.75,68.75,present in both
91.75,69.25,present in both
91.75,69.75,present in both
91.75,70.25,present in both
91.75,70.75,present in both
91.75,71.25,present in both
91.75,71.75,present in both
91.75,72.25,present in both
91.75,72.75,present in both
91.75,73.25,present in both
91.75,73.75,present in both
91.75,74.25,present in both
91.75,74.75,present in both
91.75,75.25,present in both
92.25,55.25,present in both
92.25,56.75,present in both
92.25,57.25,present in both
92.25,57.75,present in both
92.25,58.25,present in both
92.25,58.75,present in both
92.25,59.25,present in both
92.25,59.75,present in both
92.25,60.25,present in both
92.25,60.75,present in both
92.25,61.25,present in both
92.25,61.75,present in both
92.25,62.25,present in both
92.25,62.75,present in both
92.25,63.25,present in both
92.25,63.75,present in both
92.25,64.25,present in both
92.25,64.75,present in both
92.25,65.25,present in both
92.25,65.75,present in both
92.25,66.25,present in both
92.25,66.75,present in both
92.25,67.25,present in both
92.25,67.75,present in both
92.25,68.25,present in both
92.25,68.75,present in both
92.25,69.25,present in both
92.25,69.75,present in both
92.25,70.25,present in both
92.25,70.75,present in both
92.25,71.25,present in both
92.25,71.75,present in both
92.25,72.25,present in both
92.25,72.75,present in both
92.25,73.25,present in both
92.25,73.75,present in both
92.25,74.25,present in both
92.25,74.75,present in both
92.25,75.25,present in both
92.75,54.75,present in both
92.75,55.25,present in both
92.75,55.75,present in both
92.75,56.75,present in both
92.75,57.25,present in both
92.75,57.75,present in both
92.75,58.25,present in both
92.75,58.75,present in both
92.75,59.25,present in both
92.75,59.75,present in both
92.75,60.25,present in both
92.75,60.75,present in both
92.75,61.25,present in both
92.75,61.75,present in both
92.75,62.25,present in both
92.75,62.75,present in both
92.75,63.25,present in both
92.75,63.75,present in both
92.75,64.25,present in both
92.75,64.75,present in both
92.75,65.25,present in both
92.75,65.75,present in both
92.75,66.25,present in both
92.75,66.75,present in both
92.75,67.25,present in both
92.75,67.75,present in both
92.75,68.25,present in both
92.75,68.75,present in both
92.75,69.25,present in both
92.75,69.75,present in both
92.75,70.25,present in both
92.75,70.75,present in both
92.75,71.25,present in both
92.75,71.75,present in both
92.75,72.25,present in both
92.75,72.75,present in both
92.75,73.25,present in both
92.75,73.75,present in both
92.75,74.25,present in both
92.75,74.75,present in both
92.75,75.25,present in both
92.75,75.75,present in both
93.25,53.25,present in both
93.25,53.75,present in both
93.25,54.25,present in both
93.25,54.75,present in both
93.25,55.25,present in both
93.25,55.75,present in both
93.25,57.25,present in both
93.25,57.75,present in both
93.25,58.25,present in both
93.25,58.75,present in both
93.25,59.25,present in both
93.25,59.75,present in both
93.25,60.25,present in both
93.25,60.75,present in both
93.25,61.25,present in both
93.25,61.75,present in both
93.25,62.25,present in both
93.25,62.75,present in both
93.25,63.25,present in both
93.25,63.75,present in both
93.25,64.25,present in both
93.25,64.75,present in both
93.25,65.25,present in both
93.25,65.75,present in both
93.25,66.25,present in both
93.25,66.75,present in both
93.25,67.25,present in both
93.25,67.75,present in both
93.25,68.25,present in both
93.25,68.75,present in both
93.25,69.25,present in both
93.25,69.75,present in both
93.25,70.25,present in both
93.25,70.75,present in both
93.25,71.25,present in both
93.25,71.75,present in both
93.25,72.25,present in both
93.25,72.75,present in both
93.25,73.25,present in both
93.25,73.75,present in both
93.25,74.25,present in both
93.25,74.75,present in both
93.25,75.25,present in both
93.25,75.75,present in both
93.75,53.75,present in both
93.75,54.25,present in both
93.75,54.75,present in both
93.75,55.25,present in both
93.75,57.25,present in both
93.75,57.75,present in both
93.75,58.25,present in both
93.75,58.75,present in both
93.75,59.25,present in both
93.75,59.75,present in both
93.75,60.25,present in both
93.75,60.75,present in both
93.75,61.25,present in both
93.75,61.75,present in both
93.75,62.25,present in both
93.75,62.75,present in both
93.75,63.25,present in both
93.75,63.75,present in both
93.75,64.25,present in both
93.75,64.75,present in both
93.75,65.25,present in both
93.75,65.75,present in both
93.75,66.25,present in both
93.75,66.75,present in both
93.75,67.25,present in both
93.75,67.75,present in both
93.75,68.25,present in both
93.75,68.75,present in both
93.75,69.25,present in both
93.75,69.75,present in both
93.75,70.25,present in both
93.75,70.75,present in both
93.75,71.25,present in both
93.75,71.75,present in both
93.75,72.25,present in both
93.75,72.75,present in both
93.75,73.25,present in both
93.75,73.75,present in both
93.75,74.25,present in both
93.75,74.75,present in both
93.75,75.25,present in both
93.75,75.75,present in both
94.25,53.75,present in both
94.25,54.25,present in both
94.25,54.75,present in both
94.25,55.25,present in both
94.25,56.25,present in both
94.25,56.75,present in both
94.25,57.25,present in both
94.25,57.75,present in both
94.25,58.25,present in both
94.25,58.75,present in both
94.25,59.25,present in both
94.25,59.75,present in both
94.25,60.25,present in both
94.25,60.75,present in both
94.25,61.25,present in both
94.25,61.75,present in both
94.25,62.25,present in both
94.25,62.75,present in both
94.25,63.25,present in both
94.25,63.75,present in both
94.25,64.25,present in both
94.25,64.75,present in both
94.25,65.25,present in both
94.25,65.75,present in both
94.25,66.25,present in both
94.25,66.75,present in both
94.25,67.25,present in both
94.25,67.75,present in both
94.25,68.25,present in both
94.25,68.75,present in both
94.25,69.25,present in both
94.25,69.75,present in both
94.25,70.25,present in both
94.25,70.75,present in both
94.25,71.25,present in both
94.25,71.75,present in both
94.25,72.25,present in both
94.25,72.75,present in both
94.25,73.25,present in both
94.25,73.75,present in both
94.25,74.25,present in both
94.25,74.75,present in both
94.25,75.25,present in both
94.25,75.75,present in both
94.75,53.75,present in both
94.75,54.25,present in both
94.75,54.75,present in both
94.75,55.25,present in both
94.75,57.25,present in both
94.75,57.75,present in both
94.75,58.25,present in both
94.75,58.75,present in both
94.75,59.25,present in both
94.75,59.75,present in both
94.75,60.25,present in both
94.75,60.75,present in both
94.75,61.25,present in both
94.75,61.75,present in both
94.75,62.25,present in both
94.75,62.75,present in both
94.75,63.25,present in both
94.75,63.75,present in both
94.75,64.25,present in both
94.75,64.75,present in both
94.75,65.25,present in both
94.75,65.75,present in both
94.75,66.25,present in both
94.75,66.75,present in both
94.75,67.25,present in both
94.75,67.75,present in both
94.75,68.25,present in both
94.75,68.75,present in both
94.75,69.25,present in both
94.75,69.75,present in both
94.75,70.25,present in both
94.75,70.75,present in both
94.75,71.25,present in both
94.75,71.75,present in both
94.75,72.25,present in both
94.75,72.75,present in both
94.75,73.25,present in both
94.75,73.75,present in both
94.75,74.25,present in both
94.75,74.75,present in both
94.75,75.25,present in both
94.75,75.75,present in both
95.25,54.75,present in both
95.25,55.25,present in both
95.25,56.75,present in both
95.25,57.25,present in both
95.25,57.75,present in both
95.25,58.25,present in both
95.25,58.75,present in both
95.25,59.25,present in both
95.25,59.75,present in both
95.25,60.25,present in both
95.25,60.75,present in both
95.25,61.25,present in both
95.25,61.75,present in both
95.25,62.25,present in both
95.25,62.75,present in both
95.25,63.25,present in both
95.25,63.75,present in both
95.25,64.25,present in both
95.25,64.75,present in both
95.25,65.25,present in both
95.25,65.75,present in both
95.25,66.25,present in both
95.25,66.75,present in both
95.25,67.25,present in both
95.25,67.75,present in both
95.25,68.25,present in both
95.25,68.75,present in both
95.25,69.25,present in both
95.25,69.75,present in both
95.25,70.25,present in both
95.25,70.75,present in both
95.25,71.25,present in both
95.25,71.75,present in both
95.25,72.25,present in both
95.25,72.75,present in both
95.25,73.25,present in both
95.25,73.75,present in both
95.25,74.25,present in both
95.25,74.75,present in both
95.25,75.25,present in both
95.25,75.75,present in both
95.75,54.75,present in both
95.75,55.25,present in both
95.75,57.25,present in both
95.75,57.75,present in both
95.75,58.25,present in both
95.75,58.75,present in both
95.75,59.25,present in both
95.75,59.75,present in both
95.75,60.25,present in both
95.75,60.75,present in both
95.75,61.25,present in both
95.75,61.75,present in both
95.75,62.25,present in both
95.75,62.75,present in both
95.75,63.25,present in both
95.75,63.75,present in both
95.75,64.25,present in both
95.75,64.75,present in both
95.75,65.25,present in both
95.75,65.75,present in both
95.75,66.25,present in both
95.75,66.75,present in both
95.75,67.25,present in both
95.75,67.75,present in both
95.75,68.25,present in both
95.75,68.75,present in both
95.75,69.25,present in both
95.75,69.75,present in both
95.75,70.25,present in both
95.75,70.75,present in both
95.75,71.25,present in both
95.75,71.75,present in both
95.75,72.25,present in both
95.75,72.75,present in both
95.75,73.25,present in both
95.75,73.75,present in both
95.75,74.25,present in both
95.75,74.75,present in both
95.75,75.25,present in both
95.75,75.75,present in both
95.75,76.25,present in both
96.25,54.75,present in both
96.25,55.25,present in both
96.25,55.75,present in both
96.25,56.75,present in both
96.25,57.25,present in both
96.25,57.75,present in both
96.25,58.25,present in both
96.25,58.75,present in both
96.25,59.25,present in both
96.25,59.75,present in both
96.25,60.25,present in both
96.25,60.75,present in both
96.25,61.25,present in both
96.25,61.75,present in both
96.25,62.25,present in both
96.25,62.75,present in both
96.25,63.25,present in both
96.25,63.75,present in both
96.25,64.25,present in both
96.25,64.75,present in both
96.25,65.25,present in both
96.25,65.75,present in both
96.25,66.25,present in both
96.25,66.75,present in both
96.25,67.25,present in both
96.25,67.75,present in both
96.25,68.25,present in both
96.25,68.75,present in both
96.25,69.25,present in both
96.25,69.75,present in both
96.25,70.25,present in both
96.25,70.75,present in both
96.25,71.25,present in both
96.25,71.75,present in both
96.25,72.25,present in both
96.25,72.75,present in both
96.25,73.25,present in both
96.25,73.75,present in both
96.25,74.25,present in both
96.25,74.75,present in both
96.25,75.25,present in both
96.25,75.75,present in both
96.25,76.25,present in both
96.75,54.75,present in both
96.75,55.25,present in both
96.75,55.75,present in both
96.75,56.25,present in both
96.75,56.75,present in both
96.75,57.25,present in both
96.75,57.75,present in both
96.75,58.25,present in both
96.75,58.75,present in both
96.75,59.25,present in both
96.75,59.75,present in both
96.75,60.25,present in both
96.75,60.75,present in both
96.75,61.25,present in both
96.75,61.75,present in both
96.75,62.25,present in both
96.75,62.75,present in both
96.75,63.25,present in both
96.75,63.75,present in both
96.75,64.25,present in both
96.75,64.75,present in both
96.75,65.25,present in both
96.75,65.75,present in both
96.75,66.25,present in both
96.75,66.75,present in both
96.75,67.25,present in both
96.75,67.75,present in both
96.75,68.25,present in both
96.75,68.75,present in both
96.75,69.25,present in both
96.75,69.75,present in both
96.75,70.25,present in both
96.75,70.75,present in both
96.75,71.25,present in both
96.75,71.75,present in both
96.75,72.25,present in both
96.75,72.75,present in both
96.75,73.25,present in both
96.75,73.75,present in both
96.75,74.25,present in both
96.75,74.75,present in both
96.75,75.25,present in both
96.75,75.75,present in both
97.25,55.25,present in both
97.25,55.75,present in both
97.25,56.25,present in both
97.25,56.75,present in both
97.25,57.25,present in both
97.25,57.75,present in both
97.25,58.25,present in both
97.25,58.75,present in both
97.25,59.25,present in both
97.25,59.75,present in both
97.25,60.25,present in both
97.25,60.75,present in both
97.25,61.25,present in both
97.25,61.75,present in both
97.25,62.25,present in both
97.25,62.75,present in both
97.25,63.25,present in both
97.25,63.75,present in both
97.25,64.25,present in both
97.25,64.75,present in both
97.25,65.25,present in both
97.25,65.75,present in both
97.25,66.25,present in both
97.25,66.75,present in both
97.25,67.25,present in both
97.25,67.75,present in both
97.25,68.25,present in both
97.25,68.75,present in both
97.25,69.25,present in both
97.25,69.75,present in both
97.25,70.25,present in both
97.25,70.75,present in both
97.25,71.25,present in both
97.25,71.75,present in both
97.25,72.25,present in both
97.25,72.75,present in both
97.25,73.25,present in both
97.25,73.75,present in both
97.25,74.25,present in both
97.25,74.75,present in both
97.25,75.25,present in both
97.25,75.75,present in both
97.75,55.25,present in both
97.75,55.75,present in both
97.75,56.25,present in both
97.75,56.75,present in both
97.75,57.25,present in both
97.75,57.75,present in both
97.75,58.25,present in both
97.75,58.75,present in both
97.75,59.25,present in both
97.75,59.75,present in both
97.75,60.25,present in both
97.75,60.75,present in both
97.75,61.25,present in both
97.75,61.75,present in both
97.75,62.25,present in both
97.75,62.75,present in both
97.75,63.25,present in both
97.75,63.75,present in both
97.75,64.25,present in both
97.75,64.75,present in both
97.75,65.25,present in both
97.75,65.75,present in both
97.75,66.25,present in both
97.75,66.75,present in both
97.75,67.25,present in both
97.75,67.75,present in both
97.75,68.25,present in both
97.75,68.75,present in both
97.75,69.25,present in both
97.75,69.75,present in both
97.75,70.25,present in both
97.75,70.75,present in both
97.75,71.25,present in both
97.75,71.75,present in both
97.75,72.25,present in both
97.75,72.75,present in both
97.75,73.25,present in both
97.75,73.75,present in both
97.75,74.25,present in both
97.75,74.75,present in both
97.75,75.25,present in both
97.75,75.75,present in both
98.25,55.25,present in both
98.25,55.75,present in both
98.25,56.25,present in both
98.25,56.75,present in both
98.25,57.25,present in both
98.25,57.75,present in both
98.25,58.25,present in both
98.25,58.75,present in both
98.25,59.25,present in both
98.25,59.75,present in both
98.25,60.25,present in both
98.25,60.75,present in both
98.25,61.25,present in both
98.25,61.75,present in both
98.25,62.25,present in both
98.25,62.75,present in both
98.25,63.25,present in both
98.25,63.75,present in both
98.25,64.25,present in both
98.25,64.75,present in both
98.25,65.25,present in both
98.25,65.75,present in both
98.25,66.25,present in both
98.25,66.75,present in both
98.25,67.25,present in both
98.25,67.75,present in both
98.25,68.25,present in both
98.25,68.75,present in both
98.25,69.25,present in both
98.25,69.75,present in both
98.25,70.25,present in both
98.25,70.75,present in both
98.25,71.25,present in both
98.25,71.75,present in both
98.25,72.25,present in both
98.25,72.75,present in both
98.25,73.25,present in both
98.25,73.75,present in both
98.25,74.25,present in both
98.25,74.75,present in both
98.25,75.25,present in both
98.25,75.75,present in both
98.75,54.75,present in both
98.75,55.25,present in both
98.75,55.75,present in both
98.75,56.25,present in both
98.75,56.75,present in both
98.75,57.25,present in both
98.75,57.75,present in both
98.75,58.25,present in both
98.75,58.75,present in both
98.75,59.25,present in both
98.75,59.75,present in both
98.75,60.25,present in both
98.75,60.75,present in both
98.75,61.25,present in both
98.75,61.75,present in both
98.75,62.25,present in both
98.75,62.75,present in both
98.75,63.25,present in both
98.75,63.75,present in both
98.75,64.25,present in both
98.75,64.75,present in both
98.75,65.25,present in both
98.75,65.75,present in both
98.75,66.25,present in both
98.75,66.75,present in both
98.75,67.25,present in both
98.75,67.75,present in both
98.75,68.25,present in both
98.75,68.75,present in both
98.75,69.25,present in both
98.75,69.75,present in both
98.75,70.25,present in both
98.75,70.75,present in both
98.75,71.25,present in both
98.75,71.75,present in both
98.75,72.25,present in both
98.75,72.75,present in both
98.75,73.25,present in both
98.75,73.75,present in both
98.75,74.25,present in both
98.75,74.75,present in both
98.75,75.25,present in both
98.75,75.75,present in both
99.25,54.25,present in both
99.25,54.75,present in both
99.25,55.25,present in both
99.25,55.75,present in both
99.25,56.25,present in both
99.25,56.75,present in both
99.25,57.25,present in both
99.25,57.75,present in both
99.25,58.25,present in both
99.25,58.75,present in both
99.25,59.25,present in both
99.25,59.75,present in both
99.25,60.25,present in both
99.25,60.75,present in both
99.25,61.25,present in both
99.25,61.75,present in both
99.25,62.25,present in both
99.25,62.75,present in both
99.25,63.25,present in both
99.25,63.75,present in both
99.25,64.25,present in both
99.25,64.75,present in both
99.25,65.25,present in both
99.25,65.75,present in both
99.25,66.25,present in both
99.25,66.75,present in both
99.25,67.25,present in both
99.25,67.75,present in both
99.25,68.25,present in both
99.25,68.75,present in both
99.25,69.25,present in both
99.25,69.75,present in both
99.25,70.25,present in both
99.25,70.75,present in both
99.25,71.25,present in both
99.25,71.75,present in both
99.25,72.25,present in both
99.25,72.75,present in both
99.25,73.25,present in both
99.25,73.75,present in both
99.25,74.25,present in both
99.25,74.75,present in both
99.25,75.25,present in both
99.25,75.75,present in both
99.75,54.25,present in both
99.75,54.75,present in both
99.75,55.25,present in both
99.75,55.75,present in both
99.75,56.25,present in both
99.75,56.75,present in both
99.75,57.25,present in both
99.75,57.75,present in both
99.75,58.25,present in both
99.75,58.75,present in both
99.75,59.25,present in both
99.75,59.75,present in both
99.75,60.25,present in both
99.75,60.75,present in both
99.75,61.25,present in both
99.75,61.75,present in both
99.75,62.25,present in both
99.75,62.75,present in both
99.75,63.25,present in both
99.75,63.75,present in both
99.75,64.25,present in both
99.75,64.75,present in both
99.75,65.25,present in both
99.75,65.75,present in both
99.75,66.25,present in both
99.75,66.75,present in both
99.75,67.25,present in both
99.75,67.75,present in both
99.75,68.25,present in both
99.75,68.75,present in both
99.75,69.25,present in both
99.75,69.75,present in both
99.75,70.25,present in both
99.75,70.75,present in both
99.75,71.25,present in both
99.75,71.75,present in both
99.75,72.25,present in both
99.75,72.75,present in both
99.75,73.25,present in both
99.75,73.75,present in both
99.75,74.25,present in both
99.75,74.75,present in both
99.75,75.25,present in both
99.75,75.75,present in both
99.75,76.25,present in both
100.25,53.75,present in both
100.25,54.25,present in both
100.25,55.25,present in both
100.25,55.75,present in both
100.25,56.25,present in both
100.25,56.75,present in both
100.25,57.25,present in both
100.25,57.75,present in both
100.25,58.25,present in both
100.25,58.75,present in both
100.25,59.25,present in both
100.25,59.75,present in both
100.25,60.25,present in both
100.25,60.75,present in both
100.25,61.25,present in both
100.25,61.75,present in both
100.25,62.25,present in both
100.25,62.75,present in both
100.25,63.25,present in both
100.25,63.75,present in both
100.25,64.25,present in both
100.25,64.75,present in both
100.25,65.25,present in both
100.25,65.75,present in both
100.25,66.25,present in both
100.25,66.75,present in both
100.25,67.25,present in both
100.25,67.75,present in both
100.25,68.25,present in both
100.25,68.75,present in both
100.25,69.25,present in both
100.25,69.75,present in both
100.25,70.25,present in both
100.25,70.75,present in both
100.25,71.25,present in both
100.25,71.75,present in both
100.25,72.25,present in both
100.25,72.75,present in both
100.25,73.25,present in both
100.25,73.75,present in both
100.25,74.25,present in both
100.25,74.75,present in both
100.25,75.25,present in both
100.25,75.75,present in both
100.25,76.25,present in both
100.25,78.25,present in both
100.75,53.75,present in both
100.75,54.25,present in both
100.75,54.75,present in both
100.75,55.25,present in both
100.75,55.75,present in both
100.75,56.25,present in both
100.75,56.75,present in both
100.75,57.25,present in both
100.75,57.75,present in both
100.75,58.25,present in both
100.75,58.75,present in both
100.75,59.25,present in both
100.75,59.75,present in both
100.75,60.25,present in both
100.75,60.75,present in both
100.75,61.25,present in both
100.75,61.75,present in both
100.75,62.25,present in both
100.75,62.75,present in both
100.75,63.25,present in both
100.75,63.75,present in both
100.75,64.25,present in both
100.75,64.75,present in both
100.75,65.25,present in both
100.75,65.75,present in both
100.75,66.25,present in both
100.75,66.75,present in both
100.75,67.25,present in both
100.75,67.75,present in both
100.75,68.25,present in both
100.75,68.75,present in both
100.75,69.25,present in both
100.75,69.75,present in both
100.75,70.25,present in both
100.75,70.75,present in both
100.75,71.25,present in both
100.75,71.75,present in both
100.75,72.25,present in both
100.75,72.75,present in both
100.75,73.25,present in both
100.75,73.75,present in both
100.75,74.25,present in both
100.75,74.75,present in both
100.75,75.25,present in both
100.75,75.75,present in both
100.75,76.25,present in both
100.75,78.25,present in both
100.75,78.75,present in both
101.25,53.25,present in both
101.25,53.75,present in both
101.25,54.25,present in both
101.25,54.75,present in both
101.25,55.25,present in both
101.25,55.75,present in both
101.25,56.25,present in both
101.25,56.75,present in both
101.25,57.25,present in both
101.25,57.75,present in both
101.25,58.25,present in both
101.25,58.75,present in both
101.25,59.25,present in both
101.25,59.75,present in both
101.25,60.25,present in both
101.25,60.75,present in both
101.25,61.25,present in both
101.25,61.75,present in both
101.25,62.25,present in both
101.25,62.75,present in both
101.25,63.25,present in both
101.25,63.75,present in both
101.25,64.25,present in both
101.25,64.75,present in both
101.25,65.25,present in both
101.25,65.75,present in both
101.25,66.25,present in both
101.25,66.75,present in both
101.25,67.25,present in both
101.25,67.75,present in both
101.25,68.25,present in both
101.25,68.75,present in both
101.25,69.25,present in both
101.25,69.75,present in both
101.25,70.25,present in both
101.25,70.75,present in both
101.25,71.25,present in both
101.25,71.75,present in both
101.25,72.25,present in both
101.25,72.75,present in both
101.25,73.25,present in both
101.25,73.75,present in both
101.25,74.25,present in both
101.25,74.75,present in both
101.25,75.25,present in both
101.25,75.75,present in both
101.25,76.25,present in both
101.25,78.25,present in both
101.25,78.75,present in both
101.75,52.75,present in both
101.75,53.25,present in both
101.75,53.75,present in both
101.75,54.75,present in both
101.75,55.25,present in both
101.75,55.75,present in both
101.75,56.25,present in both
101.75,56.75,present in both
101.75,57.25,present in both
101.75,57.75,present in both
101.75,58.25,present in both
101.75,58.75,present in both
101.75,59.25,present in both
101.75,59.75,present in both
101.75,60.25,present in both
101.75,60.75,present in both
101.75,61.25,present in both
101.75,61.75,present in both
101.75,62.25,present in both
101.75,62.75,present in both
101.75,63.25,present in both
101.75,63.75,present in both
101.75,64.25,present in both
101.75,64.75,present in both
101.75,65.25,present in both
101.75,65.75,present in both
101.75,66.25,present in both
101.75,66.75,present in both
101.75,67.25,present in both
101.75,67.75,present in both
101.75,68.25,present in both
101.75,68.75,present in both
101.75,69.25,present in both
101.75,69.75,present in both
101.75,70.25,present in both
101.75,70.75,present in both
101.75,71.25,present in both
101.75,71.75,present in both
101.75,72.25,present in both
101.75,72.75,present in both
101.75,73.25,present in both
101.75,73.75,present in both
101.75,74.25,present in both
101.75,74.75,present in both
101.75,75.25,present in both
101.75,75.75,present in both
101.75,76.25,present in both
101.75,76.75,present in both
101.75,78.25,present in both
101.75,78.75,present in both
102.25,52.75,present in both
102.25,53.25,present in both
102.25,54.75,present in both
102.25,55.25,present in both
102.25,55.75,present in both
102.25,56.25,present in both
102.25,56.75,present in both
102.25,57.25,present in both
102.25,57.75,present in both
102.25,58.25,present in both
102.25,58.75,present in both
102.25,59.25,present in both
102.25,59.75,present in both
102.25,60.25,present in both
102.25,60.75,present in both
102.25,61.25,present in both
102.25,61.75,present in both
102.25,62.25,present in both
102.25,62.75,present in both
102.25,63.25,present in both
102.25,63.75,present in both
102.25,64.25,present in both
102.25,64.75,present in both
102.25,65.25,present in both
102.25,65.75,present in both
102.25,66.25,present in both
102.25,66.75,present in both
102.25,67.25,present in both
102.25,67.75,present in both
102.25,68.25,present in both
102.25,68.75,present in both
102.25,69.25,present in both
102.25,69.75,present in both
102.25,70.25,present in both
102.25,70.75,present in both
102.25,71.25,present in both
102.25,71.75,present in both
102.25,72.25,present in both
102.25,72.75,present in both
102.25,73.25,present in both
102.25,73.75,present in both
102.25,74.25,present in both
102.25,74.75,present in both
102.25,75.25,present in both
102.25,75.75,present in both
102.25,76.25,present in both
102.25,76.75,present in both
102.25,77.25,present in both
102.25,78.25,present in both
102.25,78.75,present in both
102.75,52.25,present in both
102.75,52.75,present in both
102.75,53.25,present in both
102.75,54.25,present in both
102.75,54.75,present in both
102.75,55.25,present in both
102.75,55.75,present in both
102.75,56.25,present in both
102.75,56.75,present in both
102.75,57.25,present in both
102.75,57.75,present in both
102.75,58.25,present in both
102.75,58.75,present in both
102.75,59.25,present in both
102.75,59.75,present in both
102.75,60.25,present in both
102.75,60.75,present in both
102.75,61.25,present in both
102.75,61.75,present in both
102.75,62.25,present in both
102.75,62.75,present in both
102.75,63.25,present in both
102.75,63.75,present in both
102.75,64.25,present in both
102.75,64.75,present in both
102.75,65.25,present in both
102.75,65.75,present in both
102.75,66.25,present in both
102.75,66.75,present in both
102.75,67.25,present in both
102.75,67.75,present in both
102.75,68.25,present in both
102.75,68.75,present in both
102.75,69.25,present in both
102.75,69.75,present in both
102.75,70.25,present in both
102.75,70.75,present in both
102.75,71.25,present in both
102.75,71.75,present in both
102.75,72.25,present in both
102.75,72.75,present in both
102.75,73.25,present in both
102.75,73.75,present in both
102.75,74.25,present in both
102.75,74.75,present in both
102.75,75.25,present in both
102.75,75.75,present in both
102.75,76.25,present in both
102.75,76.75,present in both
102.75,77.25,present in both
102.75,78.25,present in both
102.75,78.75,present in both
102.75,79.25,present in both
103.25,52.25,present in both
103.25,54.75,present in both
103.25,55.25,present in both
103.25,55.75,present in both
103.25,56.25,present in both
103.25,56.75,present in both
103.25,57.25,present in both
103.25,57.75,present in both
103.25,58.25,present in both
103.25,58.75,present in both
103.25,59.25,present in both
103.25,59.75,present in both
103.25,60.25,present in both
103.25,60.75,present in both
103.25,61.25,present in both
103.25,61.75,present in both
103.25,62.25,present in both
103.25,62.75,present in both
103.25,63.25,present in both
103.25,63.75,present in both
103.25,64.25,present in both
103.25,64.75,present in both
103.25,65.25,present in both
103.25,65.75,present in both
103.25,66.25,present in both
103.25,66.75,present in both
103.25,67.25,present in both
103.25,67.75,present in both
103.25,68.25,present in both
103.25,68.75,present in both
103.25,69.25,present in both
103.25,69.75,present in both
103.25,70.25,present in both
103.25,70.75,present in both
103.25,71.25,present in both
103.25,71.75,present in both
103.25,72.25,present in both
103.25,72.75,present in both
103.25,73.25,present in both
103.25,73.75,present in both
103.25,74.25,present in both
103.25,74.75,present in both
103.25,75.25,present in both
103.25,75.75,present in both
103.25,76.25,present in both
103.25,76.75,present in both
103.25,77.25,present in both
103.25,78.25,present in both
103.25,78.75,present in both
103.75,50.75,present in both
103.75,52.25,present in both
103.75,54.25,present in both
103.75,54.75,present in both
103.75,55.25,present in both
103.75,55.75,present in both
103.75,56.25,present in both
103.75,56.75,present in both
103.75,57.25,present in both
103.75,57.75,present in both
103.75,58.25,present in both
103.75,58.75,present in both
103.75,59.25,present in both
103.75,59.75,present in both
103.75,60.25,present in both
103.75,60.75,present in both
103.75,61.25,present in both
103.75,61.75,present in both
103.75,62.25,present in both
103.75,62.75,present in both
103.75,63.25,present in both
103.75,63.75,present in both
103.75,64.25,present in both
103.75,64.75,present in both
103.75,65.25,present in both
103.75,65.75,present in both
103.75,66.25,present in both
103.75,66.75,present in both
103.75,67.25,present in both
103.75,67.75,present in both
103.75,68.25,present in both
103.75,68.75,present in both
103.75,69.25,present in both
103.75,69.75,present in both
103.75,70.25,present in both
103.75,70.75,present in both
103.75,71.25,present in both
103.75,71.75,present in both
103.75,72.25,present in both
103.75,72.75,present in both
103.75,73.25,present in both
103.75,73.75,present in both
103.75,74.25,present in both
103.75,74.75,present in both
103.75,75.25,present in both
103.75,75.75,present in both
103.75,76.25,present in both
103.75,76.75,present in both
103.75,77.25,present in both
103.75,78.75,present in both
104.25,50.75,present in both
104.25,52.25,present in both
104.25,54.25,present in both
104.25,54.75,present in both
104.25,55.25,present in both
104.25,55.75,present in both
104.25,56.25,present in both
104.25,56.75,present in both
104.25,57.25,present in both
104.25,57.75,present in both
104.25,58.25,present in both
104.25,58.75,present in both
104.25,59.25,present in both
104.25,59.75,present in both
104.25,60.25,present in both
104.25,60.75,present in both
104.25,61.25,present in both
104.25,61.75,present in both
104.25,62.25,present in both
104.25,62.75,present in both
104.25,63.25,present in both
104.25,63.75,present in both
104.25,64.25,present in both
104.25,64.75,present in both
104.25,65.25,present in both
104.25,65.75,present in both
104.25,66.25,present in both
104.25,66.75,present in both
104.25,67.25,present in both
104.25,67.75,present in both
104.25,68.25,present in both
104.25,68.75,present in both
104.25,69.25,present in both
104.25,69.75,present in both
104.25,70.25,present in both
104.25,70.75,present in both
104.25,71.25,present in both
104.25,71.75,present in both
104.25,72.25,present in both
104.25,72.75,present in both
104.25,73.25,present in both
104.25,73.75,present in both
104.25,74.25,present in both
104.25,74.75,present in both
104.25,75.25,present in both
104.25,75.75,present in both
104.25,76.25,present in both
104.25,76.75,present in both
104.25,77.25,present in both
104.25,78.75,present in both
104.75,50.75,present in both
104.75,52.25,present in both
104.75,53.75,present in both
104.75,54.25,present in both
104.75,54.75,present in both
104.75,55.25,present in both
104.75,55.75,present in both
104.75,56.25,present in both
104.75,56.75,present in both
104.75,57.25,present in both
104.75,57.75,present in both
104.75,58.25,present in both
104.75,58.75,present in both
104.75,59.25,present in both
104.75,59.75,present in both
104.75,60.25,present in both
104.75,60.75,present in both
104.75,61.25,present in both
104.75,61.75,present in both
104.75,62.25,present in both
104.75,62.75,present in both
104.75,63.25,present in both
104.75,63.75,present in both
104.75,64.25,present in both
104.75,64.75,present in both
104.75,65.25,present in both
104.75,65.75,present in both
104.75,66.25,present in both
104.75,66.75,present in both
104.75,67.25,present in both
104.75,67.75,present in both
104.75,68.25,present in both
104.75,68.75,present in both
104.75,69.25,present in both
104.75,69.75,present in both
104.75,70.25,present in both
104.75,70.75,present in both
104.75,71.25,present in both
104.75,71.75,present in both
104.75,72.25,present in both
104.75,72.75,present in both
104.75,73.25,present in both
104.75,73.75,present in both
104.75,74.25,present in both
104.75,74.75,present in both
104.75,75.25,present in both
104.75,75.75,present in both
104.75,76.25,present in both
104.75,76.75,present in both
104.75,77.25,present in both
104.75,78.75,present in both
105.25,50.75,present in both
105.25,52.25,present in both
105.25,52.75,present in both
105.25,53.25,present in both
105.25,53.75,present in both
105.25,54.25,present in both
105.25,54.75,present in both
105.25,55.25,present in both
105.25,55.75,present in both
105.25,56.25,present in both
105.25,56.75,present in both
105.25,57.25,present in both
105.25,57.75,present in both
105.25,58.25,present in both
105.25,58.75,present in both
105.25,59.25,present in both
105.25,59.75,present in both
105.25,60.25,present in both
105.25,60.75,present in both
105.25,61.25,present in both
105.25,61.75,present in both
105.25,62.25,present in both
105.25,62.75,present in both
105.25,63.25,present in both
105.25,63.75,present in both
105.25,64.25,present in both
105.25,64.75,present in both
105.25,65.25,present in both
105.25,65.75,present in both
105.25,66.25,present in both
105.25,66.75,present in both
105.25,67.25,present in both
105.25,67.75,present in both
105.25,68.25,present in both
105.25,68.75,present in both
105.25,69.25,present in both
105.25,69.75,present in both
105.25,70.25,present in both
105.25,70.75,present in both
105.25,71.25,present in both
105.25,71.75,present in both
105.25,72.25,present in both
105.25,72.75,present in both
105.25,73.25,present in both
105.25,73.75,present in both
105.25,74.25,present in both
105.25,74.75,present in both
105.25,75.25,present in both
105.25,75.75,present in both
105.25,76.25,present in both
105.25,76.75,present in both
105.25,77.25,present in both
105.75,51.25,present in both
105.75,52.75,present in both
105.75,53.25,present in both
105.75,53.75,present in both
105.75,54.25,present in both
105.75,54.75,present in both
105.75,55.25,present in both
105.75,55.75,present in both
105.75,56.25,present in both
105.75,56.75,present in both
105.75,57.25,present in both
105.75,57.75,present in both
105.75,58.25,present in both
105.75,58.75,present in both
105.75,59.25,present in both
105.75,59.75,present in both
105.75,60.25,present in both
105.75,60.75,present in both
105.75,61.25,present in both
105.75,61.75,present in both
105.75,62.25,present in both
105.75,62.75,present in both
105.75,63.25,present in both
105.75,63.75,present in both
105.75,64.25,present in both
105.75,64.75,present in both
105.75,65.25,present in both
105.75,65.75,present in both
105.75,66.25,present in both
105.75,66.75,present in both
105.75,67.25,present in both
105.75,67.75,present in both
105.75,68.25,present in both
105.75,68.75,present in both
105.75,69.25,present in both
105.75,69.75,present in both
105.75,70.25,present in both
105.75,70.75,present in both
105.75,71.25,present in both
105.75,71.75,present in both
105.75,72.25,present in both
105.75,72.75,present in both
105.75,73.25,present in both
105.75,73.75,present in both
105.75,74.25,present in both
105.75,74.75,present in both
105.75,75.25,present in both
105.75,75.75,present in both
105.75,76.25,present in both
105.75,76.75,present in both
106.25,52.75,present in both
106.25,53.25,present in both
106.25,53.75,present in both
106.25,54.25,present in both
106.25,54.75,present in both
106.25,55.25,present in both
106.25,55.75,present in both
106.25,56.25,present in both
106.25,56.75,present in both
106.25,57.25,present in both
106.25,57.75,present in both
106.25,58.25,present in both
106.25,58.75,present in both
106.25,59.25,present in both
106.25,59.75,present in both
106.25,60.25,present in both
106.25,60.75,present in both
106.25,61.25,present in both
106.25,61.75,present in both
106.25,62.25,present in both
106.25,62.75,present in both
106.25,63.25,present in both
106.25,63.75,present in both
106.25,64.25,present in both
106.25,64.75,present in both
106.25,65.25,present in both
106.25,65.75,present in both
106.25,66.25,present in both
106.25,66.75,present in both
106.25,67.25,present in both
106.25,67.75,present in both
106.25,68.25,present in both
106.25,68.75,present in both
106.25,69.25,present in both
106.25,69.75,present in both
106.25,70.25,present in both
106.25,70.75,present in both
106.25,71.25,present in both
106.25,71.75,present in both
106.25,72.25,present in both
106.25,72.75,present in both
106.25,73.75,present in both
106.25,74.25,present in both
106.25,74.75,present in both
106.25,75.25,present in both
106.25,75.75,present in both
106.25,76.25,present in both
106.25,76.75,present in both
106.75,49.25,present in both
106.75,51.75,present in both
106.75,52.25,present in both
106.75,53.25,present in both
106.75,53.75,present in both
106.75,54.25,present in both
106.75,54.75,present in both
106.75,55.25,present in both
106.75,55.75,present in both
106.75,56.25,present in both
106.75,56.75,present in both
106.75,57.25,present in both
106.75,57.75,present in both
106.75,58.25,present in both
106.75,58.75,present in both
106.75,59.25,present in both
106.75,59.75,present in both
106.75,60.25,present in both
106.75,60.75,present in both
106.75,61.25,present in both
106.75,61.75,present in both
106.75,62.25,present in both
106.75,62.75,present in both
106.75,63.25,present in both
106.75,63.75,present in both
106.75,64.25,present in both
106.75,64.75,present in both
106.75,65.25,present in both
106.75,65.75,present in both
106.75,66.25,present in both
106.75,66.75,present in both
106.75,67.25,present in both
106.75,67.75,present in both
106.75,68.25,present in both
106.75,68.75,present in both
106.75,69.25,present in both
106.75,69.75,present in both
106.75,70.25,present in both
106.75,70.75,present in both
106.75,71.25,present in both
106.75,71.75,present in both
106.75,72.25,present in both
106.75,72.75,present in both
106.75,73.75,present in both
106.75,74.25,present in both
106.75,74.75,present in both
106.75,75.25,present in both
106.75,75.75,present in both
106.75,76.25,present in both
106.75,76.75,present in both
107.25,48.25,present in both
107.25,48.75,present in both
107.25,49.25,present in both
107.25,52.25,present in both
107.25,53.75,present in both
107.25,54.25,present in both
107.25,54.75,present in both
107.25,55.25,present in both
107.25,55.75,present in both
107.25,56.25,present in both
107.25,56.75,present in both
107.25,57.25,present in both
107.25,57.75,present in both
107.25,58.25,present in both
107.25,58.75,present in both
107.25,59.25,present in both
107.25,59.75,present in both
107.25,60.25,present in both
107.25,60.75,present in both
107.25,61.25,present in both
107.25,61.75,present in both
107.25,62.25,present in both
107.25,62.75,present in both
107.25,63.25,present in both
107.25,63.75,present in both
107.25,64.25,present in both
107.25,64.75,present in both
107.25,65.25,present in both
107.25,65.75,present in both
107.25,66.25,present in both
107.25,66.75,present in both
107.25,67.25,present in both
107.25,67.75,present in both
107.25,68.25,present in both
107.25,68.75,present in both
107.25,69.25,present in both
107.25,69.75,present in both
107.25,70.25,present in both
107.25,70.75,present in both
107.25,71.25,present in both
107.25,71.75,present in both
107.25,72.25,present in both
107.25,72.75,present in both
107.25,73.75,present in both
107.25,74.25,present in both
107.25,74.75,present in both
107.25,75.25,present in both
107.25,75.75,present in both
107.25,76.25,present in both
107.75,48.25,present in both
107.75,48.75,present in both
107.75,49.25,present in both
107.75,49.75,present in both
107.75,50.75,present in both
107.75,51.25,present in both
107.75,51.75,present in both
107.75,52.75,present in both
107.75,53.75,present in both
107.75,54.25,present in both
107.75,54.75,present in both
107.75,55.25,present in both
107.75,55.75,present in both
107.75,56.25,present in both
107.75,56.75,present in both
107.75,57.25,present in both
107.75,57.75,present in both
107.75,58.25,present in both
107.75,58.75,present in both
107.75,59.25,present in both
107.75,59.75,present in both
107.75,60.25,present in both
107.75,60.75,present in both
107.75,61.25,present in both
107.75,61.75,present in both
107.75,62.25,present in both
107.75,62.75,present in both
107.75,63.25,present in both
107.75,63.75,present in both
107.75,64.25,present in both
107.75,64.75,present in both
107.75,65.25,present in both
107.75,65.75,present in both
107.75,66.25,present in both
107.75,66.75,present in both
107.75,67.25,present in both
107.75,67.75,present in both
107.75,68.25,present in both
107.75,68.75,present in both
107.75,69.25,present in both
107.75,69.75,present in both
107.75,70.25,present in both
107.75,70.75,present in both
107.75,71.25,present in both
107.75,71.75,present in both
107.75,72.25,present in both
107.75,72.75,present in both
107.75,73.75,present in both
107.75,74.25,present in both
107.75,74.75,present in both
107.75,75.25,present in both
107.75,75.75,present in both
107.75,76.25,present in both
108.25,48.25,present in both
108.25,48.75,present in both
108.25,49.25,present in both
108.25,49.75,present in both
108.25,50.25,present in both
108.25,50.75,present in both
108.25,51.25,present in both
108.25,51.75,present in both
108.25,52.75,present in both
108.25,54.25,present in both
108.25,54.75,present in both
108.25,55.25,present in both
108.25,55.75,present in both
108.25,56.25,present in both
108.25,56.75,present in both
108.25,57.25,present in both
108.25,57.75,present in both
108.25,58.25,present in both
108.25,58.75,present in both
108.25,59.25,present in both
108.25,59.75,present in both
108.25,60.25,present in both
108.25,60.75,present in both
108.25,61.25,present in both
108.25,61.75,present in both
108.25,62.25,present in both
108.25,62.75,present in both
108.25,63.25,present in both
108.25,63.75,present in both
108.25,64.25,present in both
108.25,64.75,present in both
108.25,65.25,present in both
108.25,65.75,present in both
108.25,66.25,present in both
108.25,66.75,present in both
108.25,67.25,present in both
108.25,67.75,present in both
108.25,68.25,present in both
108.25,68.75,present in both
108.25,69.25,present in both
108.25,69.75,present in both
108.25,70.25,present in both
108.25,70.75,present in both
108.25,71.25,present in both
108.25,71.75,present in both
108.25,72.25,present in both
108.25,72.75,present in both
108.25,73.75,present in both
108.25,74.25,present in both
108.25,74.75,present in both
108.25,75.25,present in both
108.25,75.75,present in both
108.25,76.25,present in both
108.25,76.75,present in both
108.75,48.75,present in both
108.75,49.25,present in both
108.75,49.75,present in both
108.75,50.25,present in both
108.75,50.75,present in both
108.75,51.25,present in both
108.75,51.75,present in both
108.75,52.75,present in both
108.75,53.25,present in both
108.75,55.25,present in both
108.75,55.75,present in both
108.75,56.25,present in both
108.75,56.75,present in both
108.75,57.25,present in both
108.75,57.75,present in both
108.75,58.25,present in both
108.75,58.75,present in both
108.75,59.25,present in both
108.75,59.75,present in both
108.75,60.25,present in both
108.75,60.75,present in both
108.75,61.25,present in both
108.75,61.75,present in both
108.75,62.25,present in both
108.75,62.75,present in both
108.75,63.25,present in both
108.75,63.75,present in both
108.75,64.25,present in both
108.75,64.75,present in both
108.75,65.25,present in both
108.75,65.75,present in both
108.75,66.25,present in both
108.75,66.75,present in both
108.75,67.25,present in both
108.75,67.75,present in both
108.75,68.25,present in both
108.75,68.75,present in both
108.75,69.25,present in both
108.75,69.75,present in both
108.75,70.25,present in both
108.75,70.75,present in both
108.75,71.25,present in both
108.75,71.75,present in both
108.75,72.25,present in both
108.75,72.75,present in both
108.75,73.25,present in both
108.75,74.25,present in both
108.75,74.75,present in both
108.75,75.25,present in both
108.75,75.75,present in both
108.75,76.25,present in both
109.25,48.75,present in both
109.25,49.25,present in both
109.25,49.75,present in both
109.25,50.25,present in both
109.25,50.75,present in both
109.25,51.25,present in both
109.25,51.75,present in both
109.25,52.75,present in both
109.25,53.25,present in both
109.25,53.75,present in both
109.25,55.75,present in both
109.25,56.25,present in both
109.25,56.75,present in both
109.25,57.25,present in both
109.25,57.75,present in both
109.25,58.25,present in both
109.25,58.75,present in both
109.25,59.25,present in both
109.25,59.75,present in both
109.25,60.25,present in both
109.25,60.75,present in both
109.25,61.25,present in both
109.25,61.75,present in both
109.25,62.25,present in both
109.25,62.75,present in both
109.25,63.25,present in both
109.25,63.75,present in both
109.25,64.25,present in both
109.25,64.75,present in both
109.25,65.25,present in both
109.25,65.75,present in both
109.25,66.25,present in both
109.25,66.75,present in both
109.25,67.25,present in both
109.25,67.75,present in both
109.25,68.25,present in both
109.25,68.75,present in both
109.25,69.25,present in both
109.25,69.75,present in both
109.25,70.25,present in both
109.25,70.75,present in both
109.25,71.25,present in both
109.25,71.75,present in both
109.25,72.25,present in both
109.25,72.75,present in both
109.25,73.25,present in both
109.25,74.25,present in both
109.25,74.75,present in both
109.25,75.25,present in both
109.25,75.75,present in both
109.25,76.25,present in both
109.75,48.75,present in both
109.75,49.25,present in both
109.75,49.75,present in both
109.75,50.25,present in both
109.75,50.75,present in both
109.75,51.25,present in both
109.75,51.75,present in both
109.75,52.75,present in both
109.75,53.25,present in both
109.75,53.75,present in both
109.75,54.25,present in both
109.75,54.75,present in both
109.75,55.75,present in both
109.75,56.25,present in both
109.75,56.75,present in both
109.75,57.25,present in both
109.75,57.75,present in both
109.75,58.25,present in both
109.75,58.75,present in both
109.75,59.25,present in both
109.75,59.75,present in both
109.75,60.25,present in both
109.75,60.75,present in both
109.75,61.25,present in both
109.75,61.75,present in both
109.75,62.25,present in both
109.75,62.75,present in both
109.75,63.25,present in both
109.75,63.75,present in both
109.75,64.25,present in both
109.75,64.75,present in both
109.75,65.25,present in both
109.75,65.75,present in both
109.75,66.25,present in both
109.75,66.75,present in both
109.75,67.25,present in both
109.75,67.75,present in both
109.75,68.25,present in both
109.75,68.75,present in both
109.75,69.25,present in both
109.75,69.75,present in both
109.75,70.25,present in both
109.75,70.75,present in both
109.75,71.25,present in both
109.75,71.75,present in both
109.75,72.25,present in both
109.75,72.75,present in both
109.75,73.25,present in both
109.75,73.75,present in both
109.75,74.25,present in both
109.75,74.75,present in both
109.75,75.25,present in both
109.75,75.75,present in both
109.75,76.25,present in both
110.25,49.25,present in both
110.25,49.75,present in both
110.25,50.25,present in both
110.25,50.75,present in both
110.25,51.25,present in both
110.25,51.75,present in both
110.25,52.75,present in both
110.25,53.25,present in both
110.25,53.75,present in both
110.25,54.25,present in both
110.25,54.75,present in both
110.25,55.25,present in both
110.25,55.75,present in both
110.25,56.25,present in both
110.25,56.75,present in both
110.25,57.25,present in both
110.25,57.75,present in both
110.25,58.25,present in both
110.25,58.75,present in both
110.25,59.25,present in both
110.25,59.75,present in both
110.25,60.25,present in both
110.25,60.75,present in both
110.25,61.25,present in both
110.25,61.75,present in both
110.25,62.25,present in both
110.25,62.75,present in both
110.25,63.25,present in both
110.25,63.75,present in both
110.25,64.25,present in both
110.25,64.75,present in both
110.25,65.25,present in both
110.25,65.75,present in both
110.25,66.25,present in both
110.25,66.75,present in both
110.25,67.25,present in both
110.25,67.75,present in both
110.25,68.25,present in both
110.25,68.75,present in both
110.25,69.25,present in both
110.25,69.75,present in both
110.25,70.25,present in both
110.25,70.75,present in both
110.25,71.25,present in both
110.25,71.75,present in both
110.25,72.25,present in both
110.25,72.75,present in both
110.25,73.25,present in both
110.25,73.75,present in both
110.25,74.75,present in both
110.25,75.25,present in both
110.25,75.75,present in both
110.25,76.25,present in both
110.75,49.25,present in both
110.75,49.75,present in both
110.75,50.25,present in both
110.75,50.75,present in both
110.75,51.25,present in both
110.75,51.75,present in both
110.75,52.25,present in both
110.75,52.75,present in both
110.75,53.25,present in both
110.75,53.75,present in both
110.75,54.25,present in both
110.75,54.75,present in both
110.75,55.25,present in both
110.75,55.75,present in both
110.75,56.25,present in both
110.75,56.75,present in both
110.75,57.25,present in both
110.75,57.75,present in both
110.75,58.25,present in both
110.75,58.75,present in both
110.75,59.25,present in both
110.75,59.75,present in both
110.75,60.25,present in both
110.75,60.75,present in both
110.75,61.25,present in both
110.75,61.75,present in both
110.75,62.25,present in both
110.75,62.75,present in both
110.75,63.25,present in both
110.75,63.75,present in both
110.75,64.25,present in both
110.75,64.75,present in both
110.75,65.25,present in both
110.75,65.75,present in both
110.75,66.25,present in both
110.75,66.75,present in both
110.75,67.25,present in both
110.75,67.75,present in both
110.75,68.25,present in both
110.75,68.75,present in both
110.75,69.25,present in both
110.75,69.75,present in both
110.75,70.25,present in both
110.75,70.75,present in both
110.75,71.25,present in both
110.75,71.75,present in both
110.75,72.25,present in both
110.75,72.75,present in both
110.75,73.25,present in both
110.75,74.75,present in both
110.75,75.25,present in both
110.75,75.75,present in both
110.75,76.25,present in both
110.75,76.75,present in both
111.25,49.25,present in both
111.25,49.75,present in both
111.25,50.25,present in both
111.25,50.75,present in both
111.25,51.25,present in both
111.25,51.75,present in both
111.25,52.25,present in both
111.25,52.75,present in both
111.25,53.25,present in both
111.25,53.75,present in both
111.25,54.25,present in both
111.25,54.75,present in both
111.25,55.25,present in both
111.25,55.75,present in both
111.25,56.25,present in both
111.25,56.75,present in both
111.25,57.25,present in both
111.25,57.75,present in both
111.25,58.25,present in both
111.25,58.75,present in both
111.25,59.25,present in both
111.25,59.75,present in both
111.25,60.25,present in both
111.25,60.75,present in both
111.25,61.25,present in both
111.25,61.75,present in both
111.25,62.25,present in both
111.25,62.75,present in both
111.25,63.25,present in both
111.25,63.75,present in both
111.25,64.25,present in both
111.25,64.75,present in both
111.25,65.25,present in both
111.25,65.75,present in both
111.25,66.25,present in both
111.25,66.75,present in both
111.25,67.25,present in both
111.25,67.75,present in both
111.25,68.25,present in both
111.25,68.75,present in both
111.25,69.25,present in both
111.25,69.75,present in both
111.25,70.25,present in both
111.25,70.75,present in both
111.25,71.25,present in both
111.25,71.75,present in both
111.25,72.25,present in both
111.25,72.75,present in both
111.25,73.25,present in both
111.25,73.75,present in both
111.25,74.75,present in both
111.25,75.25,present in both
111.25,75.75,present in both
111.25,76.25,present in both
111.75,49.25,present in both
111.75,49.75,present in both
111.75,50.25,present in both
111.75,50.75,present in both
111.75,51.25,present in both
111.75,51.75,present in both
111.75,52.25,present in both
111.75,52.75,present in both
111.75,53.25,present in both
111.75,53.75,present in both
111.75,54.25,present in both
111.75,54.75,present in both
111.75,55.25,present in both
111.75,55.75,present in both
111.75,56.25,present in both
111.75,56.75,present in both
111.75,57.25,present in both
111.75,57.75,present in both
111.75,58.25,present in both
111.75,58.75,present in both
111.75,59.25,present in both
111.75,59.75,present in both
111.75,60.25,present in both
111.75,60.75,present in both
111.75,61.25,present in both
111.75,61.75,present in both
111.75,62.25,present in both
111.75,62.75,present in both
111.75,63.25,present in both
111.75,63.75,present in both
111.75,64.25,present in both
111.75,64.75,present in both
111.75,65.25,present in both
111.75,65.75,present in both
111.75,66.25,present in both
111.75,66.75,present in both
111.75,67.25,present in both
111.75,67.75,present in both
111.75,68.25,present in both
111.75,68.75,present in both
111.75,69.25,present in both
111.75,69.75,present in both
111.75,70.25,present in both
111.75,70.75,present in both
111.75,71.25,present in both
111.75,71.75,present in both
111.75,72.25,present in both
111.75,72.75,present in both
111.75,73.25,present in both
111.75,74.75,present in both
111.75,75.25,present in both
111.75,75.75,present in both
111.75,76.25,present in both
112.25,50.25,present in both
112.25,50.75,present in both
112.25,51.25,present in both
112.25,51.75,present in both
112.25,52.25,present in both
112.25,52.75,present in both
112.25,53.25,present in both
112.25,53.75,present in both
112.25,54.25,present in both
112.25,54.75,present in both
112.25,55.25,present in both
112.25,55.75,present in both
112.25,56.25,present in both
112.25,56.75,present in both
112.25,57.25,present in both
112.25,57.75,present in both
112.25,58.25,present in both
112.25,58.75,present in both
112.25,59.25,present in both
112.25,59.75,present in both
112.25,60.25,present in both
112.25,60.75,present in both
112.25,61.25,present in both
112.25,61.75,present in both
112.25,62.25,present in both
112.25,62.75,present in both
112.25,63.25,present in both
112.25,63.75,present in both
112.25,64.25,present in both
112.25,64.75,present in both
112.25,65.25,present in both
112.25,65.75,present in both
112.25,66.25,present in both
112.25,66.75,present in both
112.25,67.25,present in both
112.25,67.75,present in both
112.25,68.25,present in both
112.25,68.75,present in both
112.25,69.25,present in both
112.25,69.75,present in both
112.25,70.25,present in both
112.25,70.75,present in both
112.25,71.25,present in both
112.25,71.75,present in both
112.25,72.25,present in both
112.25,72.75,present in both
112.25,73.25,present in both
112.25,74.25,present in both
112.25,75.25,present in both
112.25,75.75,present in both
112.25,76.25,present in both
112.75,50.75,present in both
112.75,51.25,present in both
112.75,51.75,present in both
112.75,52.25,present in both
112.75,52.75,present in both
112.75,53.25,present in both
112.75,53.75,present in both
112.75,54.25,present in both
112.75,54.75,present in both
112.75,55.25,present in both
112.75,55.75,present in both
112.75,56.25,present in both
112.75,56.75,present in both
112.75,57.25,present in both
112.75,57.75,present in both
112.75,58.25,present in both
112.75,58.75,present in both
112.75,59.25,present in both
112.75,59.75,present in both
112.75,60.25,present in both
112.75,60.75,present in both
112.75,61.25,present in both
112.75,61.75,present in both
112.75,62.25,present in both
112.75,62.75,present in both
112.75,63.25,present in both
112.75,63.75,present in both
112.75,64.25,present in both
112.75,64.75,present in both
112.75,65.25,present in both
112.75,65.75,present in both
112.75,66.25,present in both
112.75,66.75,present in both
112.75,67.25,present in both
112.75,67.75,present in both
112.75,68.25,present in both
112.75,68.75,present in both
112.75,69.25,present in both
112.75,69.75,present in both
112.75,70.25,present in both
112.75,70.75,present in both
112.75,71.25,present in both
112.75,71.75,present in both
112.75,72.25,present in both
112.75,72.75,present in both
112.75,73.25,present in both
112.75,74.25,present in both
112.75,75.25,present in both
113.25,50.75,present in both
113.25,51.25,present in both
113.25,51.75,present in both
113.25,52.25,present in both
113.25,52.75,present in both
113.25,53.25,present in both
113.25,53.75,present in both
113.25,54.25,present in both
113.25,54.75,present in both
113.25,55.25,present in both
113.25,55.75,present in both
113.25,56.25,present in both
113.25,56.75,present in both
113.25,57.25,present in both
113.25,57.75,present in both
113.25,58.25,present in both
113.25,58.75,present in both
113.25,59.25,present in both
113.25,59.75,present in both
113.25,60.25,present in both
113.25,60.75,present in both
113.25,61.25,present in both
113.25,61.75,present in both
113.25,62.25,present in both
113.25,62.75,present in both
113.25,63.25,present in both
113.25,63.75,present in both
113.25,64.25,present in both
113.25,64.75,present in both
113.25,65.25,present in both
113.25,65.75,present in both
113.25,66.25,present in both
113.25,66.75,present in both
113.25,67.25,present in both
113.25,67.75,present in both
113.25,68.25,present in both
113.25,68.75,present in both
113.25,69.25,present in both
113.25,69.75,present in both
113.25,70.25,present in both
113.25,70.75,present in both
113.25,71.25,present in both
113.25,71.75,present in both
113.25,72.25,present in both
113.25,72.75,present in both
113.25,73.25,present in both
113.25,73.75,present in both
113.25,75.25,present in both
113.25,75.75,present in both
113.25,76.25,present in both
113.75,51.25,present in both
113.75,51.75,present in both
113.75,52.25,present in both
113.75,52.75,present in both
113.75,53.25,present in both
113.75,53.75,present in both
113.75,54.25,present in both
113.75,54.75,present in both
113.75,55.25,present in both
113.75,55.75,present in both
113.75,56.25,present in both
113.75,56.75,present in both
113.75,57.25,present in both
113.75,57.75,present in both
113.75,58.25,present in both
113.75,58.75,present in both
113.75,59.25,present in both
113.75,59.75,present in both
113.75,60.25,present in both
113.75,60.75,present in both
113.75,61.25,present in both
113.75,61.75,present in both
113.75,62.25,present in both
113.75,62.75,present in both
113.75,63.25,present in both
113.75,63.75,present in both
113.75,64.25,present in both
113.75,64.75,present in both
113.75,65.25,present in both
113.75,65.75,present in both
113.75,66.25,present in both
113.75,66.75,present in both
113.75,67.25,present in both
113.75,67.75,present in both
113.75,68.25,present in both
113.75,68.75,present in both
113.75,69.25,present in both
113.75,69.75,present in both
113.75,70.25,present in both
113.75,70.75,present in both
113.75,71.25,present in both
113.75,71.75,present in both
113.75,72.25,present in both
113.75,72.75,present in both
113.75,73.25,present in both
113.75,75.75,present in both
114.25,51.25,present in both
114.25,51.75,present in both
114.25,52.25,present in both
114.25,52.75,present in both
114.25,53.25,present in both
114.25,53.75,present in both
114.25,54.25,present in both
114.25,54.75,present in both
114.25,55.25,present in both
114.25,55.75,present in both
114.25,56.25,present in both
114.25,56.75,present in both
114.25,57.25,present in both
114.25,57.75,present in both
114.25,58.25,present in both
114.25,58.75,present in both
114.25,59.25,present in both
114.25,59.75,present in both
114.25,60.25,present in both
114.25,60.75,present in both
114.25,61.25,present in both
114.25,61.75,present in both
114.25,62.25,present in both
114.25,62.75,present in both
114.25,63.25,present in both
114.25,63.75,present in both
114.25,64.25,present in both
114.25,64.75,present in both
114.25,65.25,present in both
114.25,65.75,present in both
114.25,66.25,present in both
114.25,66.75,present in both
114.25,67.25,present in both
114.25,67.75,present in both
114.25,68.25,present in both
114.25,68.75,present in both
114.25,69.25,present in both
114.25,69.75,present in both
114.25,70.25,present in both
114.25,70.75,present in both
114.25,71.25,present in both
114.25,71.75,present in both
114.25,72.25,present in both
114.25,72.75,present in both
114.25,73.25,present in both
114.75,52.25,present in both
114.75,52.75,present in both
114.75,53.25,present in both
114.75,53.75,present in both
114.75,54.25,present in both
114.75,54.75,present in both
114.75,55.25,present in both
114.75,55.75,present in both
114.75,56.25,present in both
114.75,56.75,present in both
114.75,57.25,present in both
114.75,57.75,present in both
114.75,58.25,present in both
114.75,58.75,present in both
114.75,59.25,present in both
114.75,59.75,present in both
114.75,60.25,present in both
114.75,60.75,present in both
114.75,61.25,present in both
114.75,61.75,present in both
114.75,62.25,present in both
114.75,62.75,present in both
114.75,63.25,present in both
114.75,63.75,present in both
114.75,64.25,present in both
114.75,64.75,present in both
114.75,65.25,present in both
114.75,65.75,present in both
114.75,66.25,present in both
114.75,66.75,present in both
114.75,67.25,present in both
114.75,67.75,present in both
114.75,68.25,present in both
114.75,68.75,present in both
114.75,69.25,present in both
114.75,69.75,present in both
114.75,70.25,present in both
114.75,70.75,present in both
114.75,71.25,present in both
114.75,71.75,present in both
114.75,72.25,present in both
114.75,72.75,present in both
114.75,73.25,present in both
115.25,52.25,present in both
115.25,52.75,present in both
115.25,53.25,present in both
115.25,53.75,present in both
115.25,54.25,present in both
115.25,54.75,present in both
115.25,55.25,present in both
115.25,55.75,present in both
115.25,56.25,present in both
115.25,56.75,present in both
115.25,57.25,present in both
115.25,57.75,present in both
115.25,58.25,present in both
115.25,58.75,present in both
115.25,59.25,present in both
115.25,59.75,present in both
115.25,60.25,present in both
115.25,60.75,present in both
115.25,61.25,present in both
115.25,61.75,present in both
115.25,62.25,present in both
115.25,62.75,present in both
115.25,63.25,present in both
115.25,63.75,present in both
115.25,64.25,present in both
115.25,64.75,present in both
115.25,65.25,present in both
115.25,65.75,present in both
115.25,66.25,present in both
115.25,66.75,present in both
115.25,67.25,present in both
115.25,67.75,present in both
115.25,68.25,present in both
115.25,68.75,present in both
115.25,69.25,present in both
115.25,69.75,present in both
115.25,70.25,present in both
115.25,70.75,present in both
115.25,71.25,present in both
115.25,71.75,present in both
115.25,72.25,present in both
115.25,72.75,present in both
115.25,73.25,present in both
115.75,52.75,present in both
115.75,53.25,present in both
115.75,53.75,present in both
115.75,54.25,present in both
115.75,54.75,present in both
115.75,55.25,present in both
115.75,55.75,present in both
115.75,56.25,present in both
115.75,56.75,present in both
115.75,57.25,present in both
115.75,57.75,present in both
115.75,58.25,present in both
115.75,58.75,present in both
115.75,59.25,present in both
115.75,59.75,present in both
115.75,60.25,present in both
115.75,60.75,present in both
115.75,61.25,present in both
115.75,61.75,present in both
115.75,62.25,present in both
115.75,62.75,present in both
115.75,63.25,present in both
115.75,63.75,present in both
115.75,64.25,present in both
115.75,64.75,present in both
115.75,65.25,present in both
115.75,65.75,present in both
115.75,66.25,present in both
115.75,66.75,present in both
115.75,67.25,present in both
115.75,67.75,present in both
115.75,68.25,present in both
115.75,68.75,present in both
115.75,69.25,present in both
115.75,69.75,present in both
115.75,70.25,present in both
115.75,70.75,present in both
115.75,71.25,present in both
115.75,71.75,present in both
115.75,72.25,present in both
115.75,72.75,present in both
115.75,73.25,present in both
116.25,51.75,present in both
116.25,53.25,present in both
116.25,53.75,present in both
116.25,54.25,present in both
116.25,54.75,present in both
116.25,55.25,present in both
116.25,55.75,present in both
116.25,56.25,present in both
116.25,56.75,present in both
116.25,57.25,present in both
116.25,57.75,present in both
116.25,58.25,present in both
116.25,58.75,present in both
116.25,59.25,present in both
116.25,59.75,present in both
116.25,60.25,present in both
116.25,60.75,present in both
116.25,61.25,present in both
116.25,61.75,present in both
116.25,62.25,present in both
116.25,62.75,present in both
116.25,63.25,present in both
116.25,63.75,present in both
116.25,64.25,present in both
116.25,64.75,present in both
116.25,65.25,present in both
116.25,65.75,present in both
116.25,66.25,present in both
116.25,66.75,present in both
116.25,67.25,present in both
116.25,67.75,present in both
116.25,68.25,present in both
116.25,68.75,present in both
116.25,69.25,present in both
116.25,69.75,present in both
116.25,70.25,present in both
116.25,70.75,present in both
116.25,71.25,present in both
116.25,71.75,present in both
116.25,72.25,present in both
116.25,72.75,present in both
116.25,73.25,present in both
116.75,51.75,present in both
116.75,52.25,present in both
116.75,53.25,present in both
116.75,53.75,present in both
116.75,54.25,present in both
116.75,54.75,present in both
116.75,55.25,present in both
116.75,55.75,present in both
116.75,56.25,present in both
116.75,56.75,present in both
116.75,57.25,present in both
116.75,57.75,present in both
116.75,58.25,present in both
116.75,58.75,present in both
116.75,59.25,present in both
116.75,59.75,present in both
116.75,60.25,present in both
116.75,60.75,present in both
116.75,61.25,present in both
116.75,61.75,present in both
116.75,62.25,present in both
116.75,62.75,present in both
116.75,63.25,present in both
116.75,63.75,present in both
116.75,64.25,present in both
116.75,64.75,present in both
116.75,65.25,present in both
116.75,65.75,present in both
116.75,66.25,present in both
116.75,66.75,present in both
116.75,67.25,present in both
116.75,67.75,present in both
116.75,68.25,present in both
116.75,68.75,present in both
116.75,69.25,present in both
116.75,69.75,present in both
116.75,70.25,present in both
116.75,70.75,present in both
116.75,71.25,present in both
116.75,71.75,present in both
116.75,72.25,present in both
116.75,72.75,present in both
116.75,73.25,present in both
117.25,51.75,present in both
117.25,52.25,present in both
117.25,53.25,present in both
117.25,53.75,present in both
117.25,54.25,present in both
117.25,54.75,present in both
117.25,55.25,present in both
117.25,55.75,present in both
117.25,56.25,present in both
117.25,56.75,present in both
117.25,57.25,present in both
117.25,57.75,present in both
117.25,58.25,present in both
117.25,58.75,present in both
117.25,59.25,present in both
117.25,59.75,present in both
117.25,60.25,present in both
117.25,60.75,present in both
117.25,61.25,present in both
117.25,61.75,present in both
117.25,62.25,present in both
117.25,62.75,present in both
117.25,63.25,present in both
117.25,63.75,present in both
117.25,64.25,present in both
117.25,64.75,present in both
117.25,65.25,present in both
117.25,65.75,present in both
117.25,66.25,present in both
117.25,66.75,present in both
117.25,67.25,present in both
117.25,67.75,present in both
117.25,68.25,present in both
117.25,68.75,present in both
117.25,69.25,present in both
117.25,69.75,present in both
117.25,70.25,present in both
117.25,70.75,present in both
117.25,71.25,present in both
117.25,71.75,present in both
117.25,72.25,present in both
117.25,72.75,present in both
117.25,73.25,present in both
117.75,51.75,present in both
117.75,52.25,present in both
117.75,52.75,present in both
117.75,53.25,present in both
117.75,53.75,present in both
117.75,54.25,present in both
117.75,54.75,present in both
117.75,55.25,present in both
117.75,55.75,present in both
117.75,56.25,present in both
117.75,56.75,present in both
117.75,57.25,present in both
117.75,57.75,present in both
117.75,58.25,present in both
117.75,58.75,present in both
117.75,59.25,present in both
117.75,59.75,present in both
117.75,60.25,present in both
117.75,60.75,present in both
117.75,61.25,present in both
117.75,61.75,present in both
117.75,62.25,present in both
117.75,62.75,present in both
117.75,63.25,present in both
117.75,63.75,present in both
117.75,64.25,present in both
117.75,64.75,present in both
117.75,65.25,present in both
117.75,65.75,present in both
117.75,66.25,present in both
117.75,66.75,present in both
117.75,67.25,present in both
117.75,67.75,present in both
117.75,68.25,present in both
117.75,68.75,present in both
117.75,69.25,present in both
117.75,69.75,present in both
117.75,70.25,present in both
117.75,70.75,present in both
117.75,71.25,present in both
117.75,71.75,present in both
117.75,72.25,present in both
117.75,72.75,present in both
117.75,73.25,present in both
118.25,51.75,present in both
118.25,52.25,present in both
118.25,52.75,present in both
118.25,53.25,present in both
118.25,53.75,present in both
118.25,54.25,present in both
118.25,54.75,present in both
118.25,55.25,present in both
118.25,55.75,present in both
118.25,56.25,present in both
118.25,56.75,present in both
118.25,57.25,present in both
118.25,57.75,present in both
118.25,58.25,present in both
118.25,58.75,present in both
118.25,59.25,present in both
118.25,59.75,present in both
118.25,60.25,present in both
118.25,60.75,present in both
118.25,61.25,present in both
118.25,61.75,present in both
118.25,62.25,present in both
118.25,62.75,present in both
118.25,63.25,present in both
118.25,63.75,present in both
118.25,64.25,present in both
118.25,64.75,present in both
118.25,65.25,present in both
118.25,65.75,present in both
118.25,66.25,present in both
118.25,66.75,present in both
118.25,67.25,present in both
118.25,67.75,present in both
118.25,68.25,present in both
118.25,68.75,present in both
118.25,69.25,present in both
118.25,69.75,present in both
118.25,70.25,present in both
118.25,70.75,present in both
118.25,71.25,present in both
118.25,71.75,present in both
118.25,72.25,present in both
118.25,72.75,present in both
118.25,73.25,present in both
118.75,51.75,present in both
118.75,52.25,present in both
118.75,52.75,present in both
118.75,53.25,present in both
118.75,53.75,present in both
118.75,54.25,present in both
118.75,54.75,present in both
118.75,55.25,present in both
118.75,55.75,present in both
118.75,56.25,present in both
118.75,56.75,present in both
118.75,57.25,present in both
118.75,57.75,present in both
118.75,58.25,present in both
118.75,58.75,present in both
118.75,59.25,present in both
118.75,59.75,present in both
118.75,60.25,present in both
118.75,60.75,present in both
118.75,61.25,present in both
118.75,61.75,present in both
118.75,62.25,present in both
118.75,62.75,present in both
118.75,63.25,present in both
118.75,63.75,present in both
118.75,64.25,present in both
118.75,64.75,present in both
118.75,65.25,present in both
118.75,65.75,present in both
118.75,66.25,present in both
118.75,66.75,present in both
118.75,67.25,present in both
118.75,67.75,present in both
118.75,68.25,present in both
118.75,68.75,present in both
118.75,69.25,present in both
118.75,69.75,present in both
118.75,70.25,present in both
118.75,70.75,present in both
118.75,71.25,present in both
118.75,71.75,present in both
118.75,72.25,present in both
118.75,72.75,present in both
119.25,52.25,present in both
119.25,52.75,present in both
119.25,53.25,present in both
119.25,53.75,present in both
119.25,54.25,present in both
119.25,54.75,present in both
119.25,55.25,present in both
119.25,55.75,present in both
119.25,56.25,present in both
119.25,56.75,present in both
119.25,57.25,present in both
119.25,57.75,present in both
119.25,58.25,present in both
119.25,58.75,present in both
119.25,59.25,present in both
119.25,59.75,present in both
119.25,60.25,present in both
119.25,60.75,present in both
119.25,61.25,present in both
119.25,61.75,present in both
119.25,62.25,present in both
119.25,62.75,present in both
119.25,63.25,present in both
119.25,63.75,present in both
119.25,64.25,present in both
119.25,64.75,present in both
119.25,65.25,present in both
119.25,65.75,present in both
119.25,66.25,present in both
119.25,66.75,present in both
119.25,67.25,present in both
119.25,67.75,present in both
119.25,68.25,present in both
119.25,68.75,present in both
119.25,69.25,present in both
119.25,69.75,present in both
119.25,70.25,present in both
119.25,70.75,present in both
119.25,71.25,present in both
119.25,71.75,present in both
119.25,72.25,present in both
119.25,72.75,present in both
119.75,52.25,present in both
119.75,52.75,present in both
119.75,53.25,present in both
119.75,53.75,present in both
119.75,54.25,present in both
119.75,54.75,present in both
119.75,55.25,present in both
119.75,55.75,present in both
119.75,56.25,present in both
119.75,56.75,present in both
119.75,57.25,present in both
119.75,57.75,present in both
119.75,58.25,present in both
119.75,58.75,present in both
119.75,59.25,present in both
119.75,59.75,present in both
119.75,60.25,present in both
119.75,60.75,present in both
119.75,61.25,present in both
119.75,61.75,present in both
119.75,62.25,present in both
119.75,62.75,present in both
119.75,63.25,present in both
119.75,63.75,present in both
119.75,64.25,present in both
119.75,64.75,present in both
119.75,65.25,present in both
119.75,65.75,present in both
119.75,66.25,present in both
119.75,66.75,present in both
119.75,67.25,present in both
119.75,67.75,present in both
119.75,68.25,present in both
119.75,68.75,present in both
119.75,69.25,present in both
119.75,69.75,present in both
119.75,70.25,present in both
119.75,70.75,present in both
119.75,71.25,present in both
119.75,71.75,present in both
119.75,72.25,present in both
119.75,72.75,present in both
120.25,53.75,present in both
120.25,54.25,present in both
120.25,54.75,present in both
120.25,55.25,present in both
120.25,55.75,present in both
120.25,56.25,present in both
120.25,56.75,present in both
120.25,57.25,present in both
120.25,57.75,present in both
120.25,58.25,present in both
120.25,58.75,present in both
120.25,59.25,present in both
120.25,59.75,present in both
120.25,60.25,present in both
120.25,60.75,present in both
120.25,61.25,present in both
120.25,61.75,present in both
120.25,62.25,present in both
120.25,62.75,present in both
120.25,63.25,present in both
120.25,63.75,present in both
120.25,64.25,present in both
120.25,64.75,present in both
120.25,65.25,present in both
120.25,65.75,present in both
120.25,66.25,present in both
120.25,66.75,present in both
120.25,67.25,present in both
120.25,67.75,present in both
120.25,68.25,present in both
120.25,68.75,present in both
120.25,69.25,present in both
120.25,69.75,present in both
120.25,70.25,present in both
120.25,70.75,present in both
120.25,71.25,present in both
120.25,71.75,present in both
120.25,72.25,present in both
120.25,72.75,present in both
120.75,54.25,present in both
120.75,54.75,present in both
120.75,55.25,present in both
120.75,55.75,present in both
120.75,56.25,present in both
120.75,56.75,present in both
120.75,57.25,present in both
120.75,57.75,present in both
120.75,58.25,present in both
120.75,58.75,present in both
120.75,59.25,present in both
120.75,59.75,present in both
120.75,60.25,present in both
120.75,60.75,present in both
120.75,61.25,present in both
120.75,61.75,present in both
120.75,62.25,present in both
120.75,62.75,present in both
120.75,63.25,present in both
120.75,63.75,present in both
120.75,64.25,present in both
120.75,64.75,present in both
120.75,65.25,present in both
120.75,65.75,present in both
120.75,66.25,present in both
120.75,66.75,present in both
120.75,67.25,present in both
120.75,67.75,present in both
120.75,68.25,present in both
120.75,68.75,present in both
120.75,69.25,present in both
120.75,69.75,present in both
120.75,70.25,present in both
120.75,70.75,present in both
120.75,71.25,present in both
120.75,71.75,present in both
120.75,72.25,present in both
120.75,72.75,present in both
121.25,54.75,present in both
121.25,55.25,present in both
121.25,55.75,present in both
121.25,56.25,present in both
121.25,56.75,present in both
121.25,57.25,present in both
121.25,57.75,present in both
121.25,58.25,present in both
121.25,58.75,present in both
121.25,59.25,present in both
121.25,59.75,present in both
121.25,60.25,present in both
121.25,60.75,present in both
121.25,61.25,present in both
121.25,61.75,present in both
121.25,62.25,present in both
121.25,62.75,present in both
121.25,63.25,present in both
121.25,63.75,present in both
121.25,64.25,present in both
121.25,64.75,present in both
121.25,65.25,present in both
121.25,65.75,present in both
121.25,66.25,present in both
121.25,66.75,present in both
121.25,67.25,present in both
121.25,67.75,present in both
121.25,68.25,present in both
121.25,68.75,present in both
121.25,69.25,present in both
121.25,69.75,present in both
121.25,70.25,present in both
121.25,70.75,present in both
121.25,71.25,present in both
121.25,71.75,present in both
121.25,72.25,present in both
121.25,72.75,present in both
121.75,54.75,present in both
121.75,55.25,present in both
121.75,55.75,present in both
121.75,56.25,present in both
121.75,56.75,present in both
121.75,57.25,present in both
121.75,57.75,present in both
121.75,58.25,present in both
121.75,58.75,present in both
121.75,59.25,present in both
121.75,59.75,present in both
121.75,60.25,present in both
121.75,60.75,present in both
121.75,61.25,present in both
121.75,61.75,present in both
121.75,62.25,present in both
121.75,62.75,present in both
121.75,63.25,present in both
121.75,63.75,present in both
121.75,64.25,present in both
121.75,64.75,present in both
121.75,65.25,present in both
121.75,65.75,present in both
121.75,66.25,present in both
121.75,66.75,present in both
121.75,67.25,present in both
121.75,67.75,present in both
121.75,68.25,present in both
121.75,68.75,present in both
121.75,69.25,present in both
121.75,69.75,present in both
121.75,70.25,present in both
121.75,70.75,present in both
121.75,71.25,present in both
121.75,71.75,present in both
121.75,72.25,present in both
121.75,72.75,present in both
122.25,54.75,present in both
122.25,55.25,present in both
122.25,55.75,present in both
122.25,56.25,present in both
122.25,56.75,present in both
122.25,57.25,present in both
122.25,57.75,present in both
122.25,58.25,present in both
122.25,58.75,present in both
122.25,59.25,present in both
122.25,59.75,present in both
122.25,60.25,present in both
122.25,60.75,present in both
122.25,61.25,present in both
122.25,61.75,present in both
122.25,62.25,present in both
122.25,62.75,present in both
122.25,63.25,present in both
122.25,63.75,present in both
122.25,64.25,present in both
122.25,64.75,present in both
122.25,65.25,present in both
122.25,65.75,present in both
122.25,66.25,present in both
122.25,66.75,present in both
122.25,67.25,present in both
122.25,67.75,present in both
122.25,68.25,present in both
122.25,68.75,present in both
122.25,69.25,present in both
122.25,69.75,present in both
122.25,70.25,present in both
122.25,70.75,present in both
122.25,71.25,present in both
122.25,71.75,present in both
122.25,72.25,present in both
122.25,72.75,present in both
122.75,54.75,present in both
122.75,55.25,present in both
122.75,55.75,present in both
122.75,56.25,present in both
122.75,56.75,present in both
122.75,57.25,present in both
122.75,57.75,present in both
122.75,58.25,present in both
122.75,58.75,present in both
122.75,59.25,present in both
122.75,59.75,present in both
122.75,60.25,present in both
122.75,60.75,present in both
122.75,61.25,present in both
122.75,61.75,present in both
122.75,62.25,present in both
122.75,62.75,present in both
122.75,63.25,present in both
122.75,63.75,present in both
122.75,64.25,present in both
122.75,64.75,present in both
122.75,65.25,present in both
122.75,65.75,present in both
122.75,66.25,present in both
122.75,66.75,present in both
122.75,67.25,present in both
122.75,67.75,present in both
122.75,68.25,present in both
122.75,68.75,present in both
122.75,69.25,present in both
122.75,69.75,present in both
122.75,70.25,present in both
122.75,70.75,present in both
122.75,71.25,present in both
122.75,71.75,present in both
122.75,72.25,present in both
122.75,72.75,present in both
123.25,54.75,present in both
123.25,55.25,present in both
123.25,55.75,present in both
123.25,56.25,present in both
123.25,56.75,present in both
123.25,57.25,present in both
123.25,57.75,present in both
123.25,58.25,present in both
123.25,58.75,present in both
123.25,59.25,present in both
123.25,59.75,present in both
123.25,60.25,present in both
123.25,60.75,present in both
123.25,61.25,present in both
123.25,61.75,present in both
123.25,62.25,present in both
123.25,62.75,present in both
123.25,63.25,present in both
123.25,63.75,present in both
123.25,64.25,present in both
123.25,64.75,present in both
123.25,65.25,present in both
123.25,65.75,present in both
123.25,66.25,present in both
123.25,66.75,present in both
123.25,67.25,present in both
123.25,67.75,present in both
123.25,68.25,present in both
123.25,68.75,present in both
123.25,69.25,present in both
123.25,69.75,present in both
123.25,70.25,present in both
123.25,70.75,present in both
123.25,71.25,present in both
123.25,71.75,present in both
123.25,72.25,present in both
123.75,54.75,present in both
123.75,55.25,present in both
123.75,55.75,present in both
123.75,56.25,present in both
123.75,56.75,present in both
123.75,57.25,present in both
123.75,57.75,present in both
123.75,58.25,present in both
123.75,58.75,present in both
123.75,59.25,present in both
123.75,59.75,present in both
123.75,60.25,present in both
123.75,60.75,present in both
123.75,61.25,present in both
123.75,61.75,present in both
123.75,62.25,present in both
123.75,62.75,present in both
123.75,63.25,present in both
123.75,63.75,present in both
123.75,64.25,present in both
123.75,64.75,present in both
123.75,65.25,present in both
123.75,65.75,present in both
123.75,66.25,present in both
123.75,66.75,present in both
123.75,67.25,present in both
123.75,67.75,present in both
123.75,68.25,present in both
123.75,68.75,present in both
123.75,69.25,present in both
123.75,69.75,present in both
123.75,70.25,present in both
123.75,70.75,present in both
123.75,71.25,present in both
123.75,71.75,present in both
123.75,72.25,present in both
123.75,72.75,present in both
123.75,73.25,present in both
124.25,54.75,present in both
124.25,55.25,present in both
124.25,55.75,present in both
124.25,56.25,present in both
124.25,56.75,present in both
124.25,57.25,present in both
124.25,57.75,present in both
124.25,58.25,present in both
124.25,58.75,present in both
124.25,59.25,present in both
124.25,59.75,present in both
124.25,60.25,present in both
124.25,60.75,present in both
124.25,61.25,present in both
124.25,61.75,present in both
124.25,62.25,present in both
124.25,62.75,present in both
124.25,63.25,present in both
124.25,63.75,present in both
124.25,64.25,present in both
124.25,64.75,present in both
124.25,65.25,present in both
124.25,65.75,present in both
124.25,66.25,present in both
124.25,66.75,present in both
124.25,67.25,present in both
124.25,67.75,present in both
124.25,68.25,present in both
124.25,68.75,present in both
124.25,69.25,present in both
124.25,69.75,present in both
124.25,70.25,present in both
124.25,70.75,present in both
124.25,71.25,present in both
124.25,71.75,present in both
124.25,72.25,present in both
124.25,72.75,present in both
124.25,73.25,present in both
124.25,73.75,present in both
124.75,54.75,present in both
124.75,55.25,present in both
124.75,55.75,present in both
124.75,56.25,present in both
124.75,56.75,present in both
124.75,57.25,present in both
124.75,57.75,present in both
124.75,58.25,present in both
124.75,58.75,present in both
124.75,59.25,present in both
124.75,59.75,present in both
124.75,60.25,present in both
124.75,60.75,present in both
124.75,61.25,present in both
124.75,61.75,present in both
124.75,62.25,present in both
124.75,62.75,present in both
124.75,63.25,present in both
124.75,63.75,present in both
124.75,64.25,present in both
124.75,64.75,present in both
124.75,65.25,present in both
124.75,65.75,present in both
124.75,66.25,present in both
124.75,66.75,present in both
124.75,67.25,present in both
124.75,67.75,present in both
124.75,68.25,present in both
124.75,68.75,present in both
124.75,69.25,present in both
124.75,69.75,present in both
124.75,70.25,present in both
124.75,70.75,present in both
124.75,71.25,present in both
124.75,71.75,present in both
124.75,72.25,present in both
124.75,72.75,present in both
124.75,73.25,present in both
125.25,54.75,present in both
125.25,55.25,present in both
125.25,55.75,present in both
125.25,56.25,present in both
125.25,56.75,present in both
125.25,57.25,present in both
125.25,57.75,present in both
125.25,58.25,present in both
125.25,58.75,present in both
125.25,59.25,present in both
125.25,59.75,present in both
125.25,60.25,present in both
125.25,60.75,present in both
125.25,61.25,present in both
125.25,61.75,present in both
125.25,62.25,present in both
125.25,62.75,present in both
125.25,63.25,present in both
125.25,63.75,present in both
125.25,64.25,present in both
125.25,64.75,present in both
125.25,65.25,present in both
125.25,65.75,present in both
125.25,66.25,present in both
125.25,66.75,present in both
125.25,67.25,present in both
125.25,67.75,present in both
125.25,68.25,present in both
125.25,68.75,present in both
125.25,69.25,present in both
125.25,69.75,present in both
125.25,70.25,present in both
125.25,70.75,present in both
125.25,71.25,present in both
125.25,71.75,present in both
125.25,72.25,present in both
125.25,72.75,present in both
125.25,73.25,present in both
125.75,54.75,present in both
125.75,55.25,present in both
125.75,55.75,present in both
125.75,56.25,present in both
125.75,56.75,present in both
125.75,57.25,present in both
125.75,57.75,present in both
125.75,58.25,present in both
125.75,58.75,present in both
125.75,59.25,present in both
125.75,59.75,present in both
125.75,60.25,present in both
125.75,60.75,present in both
125.75,61.25,present in both
125.75,61.75,present in both
125.75,62.25,present in both
125.75,62.75,present in both
125.75,63.25,present in both
125.75,63.75,present in both
125.75,64.25,present in both
125.75,64.75,present in both
125.75,65.25,present in both
125.75,65.75,present in both
125.75,66.25,present in both
125.75,66.75,present in both
125.75,67.25,present in both
125.75,67.75,present in both
125.75,68.25,present in both
125.75,68.75,present in both
125.75,69.25,present in both
125.75,69.75,present in both
125.75,70.25,present in both
125.75,70.75,present in both
125.75,71.25,present in both
125.75,71.75,present in both
125.75,72.25,present in both
125.75,72.75,present in both
125.75,73.25,present in both
126.25,54.25,present in both
126.25,54.75,present in both
126.25,55.25,present in both
126.25,55.75,present in both
126.25,56.25,present in both
126.25,56.75,present in both
126.25,57.25,present in both
126.25,57.75,present in both
126.25,58.25,present in both
126.25,58.75,present in both
126.25,59.25,present in both
126.25,59.75,present in both
126.25,60.25,present in both
126.25,60.75,present in both
126.25,61.25,present in both
126.25,61.75,present in both
126.25,62.25,present in both
126.25,62.75,present in both
126.25,63.25,present in both
126.25,63.75,present in both
126.25,64.25,present in both
126.25,64.75,present in both
126.25,65.25,present in both
126.25,65.75,present in both
126.25,66.25,present in both
126.25,66.75,present in both
126.25,67.25,present in both
126.25,67.75,present in both
126.25,68.25,present in both
126.25,68.75,present in both
126.25,69.25,present in both
126.25,69.75,present in both
126.25,70.25,present in both
126.25,70.75,present in both
126.25,71.25,present in both
126.25,71.75,present in both
126.25,72.25,present in both
126.25,72.75,present in both
126.25,73.25,present in both
126.75,54.75,present in both
126.75,55.25,present in both
126.75,55.75,present in both
126.75,56.25,present in both
126.75,56.75,present in both
126.75,57.25,present in both
126.75,57.75,present in both
126.75,58.25,present in both
126.75,58.75,present in both
126.75,59.25,present in both
126.75,59.75,present in both
126.75,60.25,present in both
126.75,60.75,present in both
126.75,61.25,present in both
126.75,61.75,present in both
126.75,62.25,present in both
126.75,62.75,present in both
126.75,63.25,present in both
126.75,63.75,present in both
126.75,64.25,present in both
126.75,64.75,present in both
126.75,65.25,present in both
126.75,65.75,present in both
126.75,66.25,present in both
126.75,66.75,present in both
126.75,67.25,present in both
126.75,67.75,present in both
126.75,68.25,present in both
126.75,68.75,present in both
126.75,69.25,present in both
126.75,69.75,present in both
126.75,70.25,present in both
126.75,70.75,present in both
126.75,71.25,present in both
126.75,71.75,present in both
126.75,72.75,present in both
126.75,73.25,present in both
127.25,54.25,present in both
127.25,54.75,present in both
127.25,55.25,present in both
127.25,55.75,present in both
127.25,56.25,present in both
127.25,56.75,present in both
127.25,57.25,present in both
127.25,57.75,present in both
127.25,58.25,present in both
127.25,58.75,present in both
127.25,59.25,present in both
127.25,59.75,present in both
127.25,60.25,present in both
127.25,60.75,present in both
127.25,61.25,present in both
127.25,61.75,present in both
127.25,62.25,present in both
127.25,62.75,present in both
127.25,63.25,present in both
127.25,63.75,present in both
127.25,64.25,present in both
127.25,64.75,present in both
127.25,65.25,present in both
127.25,65.75,present in both
127.25,66.25,present in both
127.25,66.75,present in both
127.25,67.25,present in both
127.25,67.75,present in both
127.25,68.25,present in both
127.25,68.75,present in both
127.25,69.25,present in both
127.25,69.75,present in both
127.25,70.25,present in both
127.25,70.75,present in both
127.25,71.25,present in both
127.25,71.75,present in both
127.25,72.25,present in both
127.25,72.75,present in both
127.25,73.25,present in both
127.75,54.25,present in both
127.75,54.75,present in both
127.75,55.25,present in both
127.75,55.75,present in both
127.75,56.25,present in both
127.75,56.75,present in both
127.75,57.25,present in both
127.75,57.75,present in both
127.75,58.25,present in both
127.75,58.75,present in both
127.75,59.25,present in both
127.75,59.75,present in both
127.75,60.25,present in both
127.75,60.75,present in both
127.75,61.25,present in both
127.75,61.75,present in both
127.75,62.25,present in both
127.75,62.75,present in both
127.75,63.25,present in both
127.75,63.75,present in both
127.75,64.25,present in both
127.75,64.75,present in both
127.75,65.25,present in both
127.75,65.75,present in both
127.75,66.25,present in both
127.75,66.75,present in both
127.75,67.25,present in both
127.75,67.75,present in both
127.75,68.25,present in both
127.75,68.75,present in both
127.75,69.25,present in both
127.75,69.75,present in both
127.75,70.25,present in both
127.75,70.75,present in both
127.75,71.25,present in both
127.75,71.75,present in both
127.75,72.25,present in both
127.75,72.75,present in both
127.75,73.25,present in both
128.25,54.25,present in both
128.25,54.75,present in both
128.25,55.25,present in both
128.25,55.75,present in both
128.25,56.25,present in both
128.25,56.75,present in both
128.25,57.25,present in both
128.25,57.75,present in both
128.25,58.25,present in both
128.25,58.75,present in both
128.25,59.25,present in both
128.25,59.75,present in both
128.25,60.25,present in both
128.25,60.75,present in both
128.25,61.25,present in both
128.25,61.75,present in both
128.25,62.25,present in both
128.25,62.75,present in both
128.25,63.25,present in both
128.25,63.75,present in both
128.25,64.25,present in both
128.25,64.75,present in both
128.25,65.25,present in both
128.25,65.75,present in both
128.25,66.25,present in both
128.25,66.75,present in both
128.25,67.25,present in both
128.25,67.75,present in both
128.25,68.25,present in both
128.25,68.75,present in both
128.25,69.25,present in both
128.25,69.75,present in both
128.25,70.25,present in both
128.25,70.75,present in both
128.25,71.25,present in both
128.25,71.75,present in both
128.25,72.25,present in both
128.25,72.75,present in both
128.25,73.25,present in both
128.75,53.75,present in both
128.75,54.25,present in both
128.75,54.75,present in both
128.75,55.25,present in both
128.75,55.75,present in both
128.75,56.25,present in both
128.75,56.75,present in both
128.75,57.25,present in both
128.75,57.75,present in both
128.75,58.25,present in both
128.75,58.75,present in both
128.75,59.25,present in both
128.75,59.75,present in both
128.75,60.25,present in both
128.75,60.75,present in both
128.75,61.25,present in both
128.75,61.75,present in both
128.75,62.25,present in both
128.75,62.75,present in both
128.75,63.25,present in both
128.75,63.75,present in both
128.75,64.25,present in both
128.75,64.75,present in both
128.75,65.25,present in both
128.75,65.75,present in both
128.75,66.25,present in both
128.75,66.75,present in both
128.75,67.25,present in both
128.75,67.75,present in both
128.75,68.25,present in both
128.75,68.75,present in both
128.75,69.25,present in both
128.75,69.75,present in both
128.75,70.25,present in both
128.75,70.75,present in both
128.75,71.25,present in both
128.75,71.75,present in both
128.75,72.25,present in both
128.75,72.75,present in both
128.75,73.25,present in both
129.25,53.75,present in both
129.25,54.25,present in both
129.25,54.75,present in both
129.25,55.25,present in both
129.25,55.75,present in both
129.25,56.25,present in both
129.25,56.75,present in both
129.25,57.25,present in both
129.25,57.75,present in both
129.25,58.25,present in both
129.25,58.75,present in both
129.25,59.25,present in both
129.25,59.75,present in both
129.25,60.25,present in both
129.25,60.75,present in both
129.25,61.25,present in both
129.25,61.75,present in both
129.25,62.25,present in both
129.25,62.75,present in both
129.25,63.25,present in both
129.25,63.75,present in both
129.25,64.25,present in both
129.25,64.75,present in both
129.25,65.25,present in both
129.25,65.75,present in both
129.25,66.25,present in both
129.25,66.75,present in both
129.25,67.25,present in both
129.25,67.75,present in both
129.25,68.25,present in both
129.25,68.75,present in both
129.25,69.25,present in both
129.25,69.75,present in both
129.25,70.25,present in both
129.25,70.75,present in both
129.25,71.25,present in both
129.75,53.75,present in both
129.75,54.25,present in both
129.75,54.75,present in both
129.75,55.25,present in both
129.75,55.75,present in both
129.75,56.25,present in both
129.75,56.75,present in both
129.75,57.25,present in both
129.75,57.75,present in both
129.75,58.25,present in both
129.75,58.75,present in both
129.75,59.25,present in both
129.75,59.75,present in both
129.75,60.25,present in both
129.75,60.75,present in both
129.75,61.25,present in both
129.75,61.75,present in both
129.75,62.25,present in both
129.75,62.75,present in both
129.75,63.25,present in both
129.75,63.75,present in both
129.75,64.25,present in both
129.75,64.75,present in both
129.75,65.25,present in both
129.75,65.75,present in both
129.75,66.25,present in both
129.75,66.75,present in both
129.75,67.25,present in both
129.75,67.75,present in both
129.75,68.25,present in both
129.75,68.75,present in both
129.75,69.25,present in both
129.75,69.75,present in both
129.75,70.25,present in both
129.75,70.75,present in both
130.25,53.75,present in both
130.25,54.25,present in both
130.25,54.75,present in both
130.25,55.25,present in both
130.25,55.75,present in both
130.25,56.25,present in both
130.25,56.75,present in both
130.25,57.25,present in both
130.25,57.75,present in both
130.25,58.25,present in both
130.25,58.75,present in both
130.25,59.25,present in both
130.25,59.75,present in both
130.25,60.25,present in both
130.25,60.75,present in both
130.25,61.25,present in both
130.25,61.75,present in both
130.25,62.25,present in both
130.25,62.75,present in both
130.25,63.25,present in both
130.25,63.75,present in both
130.25,64.25,present in both
130.25,64.75,present in both
130.25,65.25,present in both
130.25,65.75,present in both
130.25,66.25,present in both
130.25,66.75,present in both
130.25,67.25,present in both
130.25,67.75,present in both
130.25,68.25,present in both
130.25,68.75,present in both
130.25,69.25,present in both
130.25,69.75,present in both
130.25,70.25,present in both
130.25,70.75,present in both
130.75,53.25,present in both
130.75,53.75,present in both
130.75,54.25,present in both
130.75,54.75,present in both
130.75,55.25,present in both
130.75,55.75,present in both
130.75,56.25,present in both
130.75,56.75,present in both
130.75,57.25,present in both
130.75,57.75,present in both
130.75,58.25,present in both
130.75,58.75,present in both
130.75,59.25,present in both
130.75,59.75,present in both
130.75,60.25,present in both
130.75,60.75,present in both
130.75,61.25,present in both
130.75,61.75,present in both
130.75,62.25,present in both
130.75,62.75,present in both
130.75,63.25,present in both
130.75,63.75,present in both
130.75,64.25,present in both
130.75,64.75,present in both
130.75,65.25,present in both
130.75,65.75,present in both
130.75,66.25,present in both
130.75,66.75,present in both
130.75,67.25,present in both
130.75,67.75,present in both
130.75,68.25,present in both
130.75,68.75,present in both
130.75,69.25,present in both
130.75,69.75,present in both
130.75,70.25,present in both
130.75,70.75,present in both
131.25,52.25,present in both
131.25,53.25,present in both
131.25,53.75,present in both
131.25,54.25,present in both
131.25,54.75,present in both
131.25,55.25,present in both
131.25,55.75,present in both
131.25,56.25,present in both
131.25,56.75,present in both
131.25,57.25,present in both
131.25,57.75,present in both
131.25,58.25,present in both
131.25,58.75,present in both
131.25,59.25,present in both
131.25,59.75,present in both
131.25,60.25,present in both
131.25,60.75,present in both
131.25,61.25,present in both
131.25,61.75,present in both
131.25,62.25,present in both
131.25,62.75,present in both
131.25,63.25,present in both
131.25,63.75,present in both
131.25,64.25,present in both
131.25,64.75,present in both
131.25,65.25,present in both
131.25,65.75,present in both
131.25,66.25,present in both
131.25,66.75,present in both
131.25,67.25,present in both
131.25,67.75,present in both
131.25,68.25,present in both
131.25,68.75,present in both
131.25,69.25,present in both
131.25,69.75,present in both
131.25,70.25,present in both
131.25,70.75,present in both
131.75,49.25,present in both
131.75,49.75,present in both
131.75,50.75,present in both
131.75,51.25,present in both
131.75,51.75,present in both
131.75,52.25,present in both
131.75,53.25,present in both
131.75,53.75,present in both
131.75,54.25,present in both
131.75,54.75,present in both
131.75,55.25,present in both
131.75,55.75,present in both
131.75,56.25,present in both
131.75,56.75,present in both
131.75,57.25,present in both
131.75,57.75,present in both
131.75,58.25,present in both
131.75,58.75,present in both
131.75,59.25,present in both
131.75,59.75,present in both
131.75,60.25,present in both
131.75,60.75,present in both
131.75,61.25,present in both
131.75,61.75,present in both
131.75,62.25,present in both
131.75,62.75,present in both
131.75,63.25,present in both
131.75,63.75,present in both
131.75,64.25,present in both
131.75,64.75,present in both
131.75,65.25,present in both
131.75,65.75,present in both
131.75,66.25,present in both
131.75,66.75,present in both
131.75,67.25,present in both
131.75,67.75,present in both
131.75,68.25,present in both
131.75,68.75,present in both
131.75,69.25,present in both
131.75,69.75,present in both
131.75,70.25,present in both
131.75,70.75,present in both
132.25,49.25,present in both
132.25,49.75,present in both
132.25,50.25,present in both
132.25,50.75,present in both
132.25,51.25,present in both
132.25,51.75,present in both
132.25,52.25,present in both
132.25,52.75,present in both
132.25,53.25,present in both
132.25,53.75,present in both
132.25,54.25,present in both
132.25,54.75,present in both
132.25,55.25,present in both
132.25,55.75,present in both
132.25,56.25,present in both
132.25,56.75,present in both
132.25,57.25,present in both
132.25,57.75,present in both
132.25,58.25,present in both
132.25,58.75,present in both
132.25,59.25,present in both
132.25,59.75,present in both
132.25,60.25,present in both
132.25,60.75,present in both
132.25,61.25,present in both
132.25,61.75,present in both
132.25,62.25,present in both
132.25,62.75,present in both
132.25,63.25,present in both
132.25,63.75,present in both
132.25,64.25,present in both
132.25,64.75,present in both
132.25,65.25,present in both
132.25,65.75,present in both
132.25,66.25,present in both
132.25,66.75,present in both
132.25,67.25,present in both
132.25,67.75,present in both
132.25,68.25,present in both
132.25,68.75,present in both
132.25,69.25,present in both
132.25,69.75,present in both
132.25,70.25,present in both
132.25,70.75,present in both
132.25,71.25,present in both
132.75,49.75,present in both
132.75,50.25,present in both
132.75,50.75,present in both
132.75,51.25,present in both
132.75,51.75,present in both
132.75,52.25,present in both
132.75,52.75,present in both
132.75,53.25,present in both
132.75,53.75,present in both
132.75,54.25,present in both
132.75,54.75,present in both
132.75,55.25,present in both
132.75,55.75,present in both
132.75,56.25,present in both
132.75,56.75,present in both
132.75,57.25,present in both
132.75,57.75,present in both
132.75,58.25,present in both
132.75,58.75,present in both
132.75,59.25,present in both
132.75,59.75,present in both
132.75,60.25,present in both
132.75,60.75,present in both
132.75,61.25,present in both
132.75,61.75,present in both
132.75,62.25,present in both
132.75,62.75,present in both
132.75,63.25,present in both
132.75,63.75,present in both
132.75,64.25,present in both
132.75,64.75,present in both
132.75,65.25,present in both
132.75,65.75,present in both
132.75,66.25,present in both
132.75,66.75,present in both
132.75,67.25,present in both
132.75,67.75,present in both
132.75,68.25,present in both
132.75,68.75,present in both
132.75,69.25,present in both
132.75,69.75,present in both
132.75,70.25,present in both
132.75,70.75,present in both
132.75,71.25,present in both
132.75,71.75,present in both
133.25,50.25,present in both
133.25,50.75,present in both
133.25,51.25,present in both
133.25,51.75,present in both
133.25,52.25,present in both
133.25,52.75,present in both
133.25,53.25,present in both
133.25,53.75,present in both
133.25,54.25,present in both
133.25,54.75,present in both
133.25,55.25,present in both
133.25,55.75,present in both
133.25,56.25,present in both
133.25,56.75,present in both
133.25,57.25,present in both
133.25,57.75,present in both
133.25,58.25,present in both
133.25,58.75,present in both
133.25,59.25,present in both
133.25,59.75,present in both
133.25,60.25,present in both
133.25,60.75,present in both
133.25,61.25,present in both
133.25,61.75,present in both
133.25,62.25,present in both
133.25,62.75,present in both
133.25,63.25,present in both
133.25,63.75,present in both
133.25,64.25,present in both
133.25,64.75,present in both
133.25,65.25,present in both
133.25,65.75,present in both
133.25,66.25,present in both
133.25,66.75,present in both
133.25,67.25,present in both
133.25,67.75,present in both
133.25,68.25,present in both
133.25,68.75,present in both
133.25,69.25,present in both
133.25,69.75,present in both
133.25,70.25,present in both
133.25,70.75,present in both
133.25,71.25,present in both
133.75,50.25,present in both
133.75,50.75,present in both
133.75,51.25,present in both
133.75,51.75,present in both
133.75,52.25,present in both
133.75,52.75,present in both
133.75,53.25,present in both
133.75,53.75,present in both
133.75,54.25,present in both
133.75,54.75,present in both
133.75,55.25,present in both
133.75,55.75,present in both
133.75,56.25,present in both
133.75,56.75,present in both
133.75,57.25,present in both
133.75,57.75,present in both
133.75,58.25,present in both
133.75,58.75,present in both
133.75,59.25,present in both
133.75,59.75,present in both
133.75,60.25,present in both
133.75,60.75,present in both
133.75,61.25,present in both
133.75,61.75,present in both
133.75,62.25,present in both
133.75,62.75,present in both
133.75,63.25,present in both
133.75,63.75,present in both
133.75,64.25,present in both
133.75,64.75,present in both
133.75,65.25,present in both
133.75,65.75,present in both
133.75,66.25,present in both
133.75,66.75,present in both
133.75,67.25,present in both
133.75,67.75,present in both
133.75,68.25,present in both
133.75,68.75,present in both
133.75,69.25,present in both
133.75,69.75,present in both
133.75,70.25,present in both
133.75,70.75,present in both
133.75,71.25,present in both
134.25,49.75,present in both
134.25,50.25,present in both
134.25,50.75,present in both
134.25,51.25,present in both
134.25,51.75,present in both
134.25,52.25,present in both
134.25,52.75,present in both
134.25,53.25,present in both
134.25,53.75,present in both
134.25,54.25,present in both
134.25,54.75,present in both
134.25,55.25,present in both
134.25,55.75,present in both
134.25,56.25,present in both
134.25,56.75,present in both
134.25,57.25,present in both
134.25,57.75,present in both
134.25,58.25,present in both
134.25,58.75,present in both
134.25,59.25,present in both
134.25,59.75,present in both
134.25,60.25,present in both
134.25,60.75,present in both
134.25,61.25,present in both
134.25,61.75,present in both
134.25,62.25,present in both
134.25,62.75,present in both
134.25,63.25,present in both
134.25,63.75,present in both
134.25,64.25,present in both
134.25,64.75,present in both
134.25,65.25,present in both
134.25,65.75,present in both
134.25,66.25,present in both
134.25,66.75,present in both
134.25,67.25,present in both
134.25,67.75,present in both
134.25,68.25,present in both
134.25,68.75,present in both
134.25,69.25,present in both
134.25,69.75,present in both
134.25,70.25,present in both
134.25,70.75,present in both
134.25,71.25,present in both
134.75,50.25,present in both
134.75,50.75,present in both
134.75,51.25,present in both
134.75,51.75,present in both
134.75,52.25,present in both
134.75,52.75,present in both
134.75,53.25,present in both
134.75,53.75,present in both
134.75,54.25,present in both
134.75,54.75,present in both
134.75,55.25,present in both
134.75,55.75,present in both
134.75,56.25,present in both
134.75,56.75,present in both
134.75,57.25,present in both
134.75,57.75,present in both
134.75,58.25,present in both
134.75,58.75,present in both
134.75,59.25,present in both
134.75,59.75,present in both
134.75,60.25,present in both
134.75,60.75,present in both
134.75,61.25,present in both
134.75,61.75,present in both
134.75,62.25,present in both
134.75,62.75,present in both
134.75,63.25,present in both
134.75,63.75,present in both
134.75,64.25,present in both
134.75,64.75,present in both
134.75,65.25,present in both
134.75,65.75,present in both
134.75,66.25,present in both
134.75,66.75,present in both
134.75,67.25,present in both
134.75,67.75,present in both
134.75,68.25,present in both
134.75,68.75,present in both
134.75,69.25,present in both
134.75,69.75,present in both
134.75,70.25,present in both
134.75,70.75,present in both
134.75,71.25,present in both
135.25,50.75,present in both
135.25,51.25,present in both
135.25,51.75,present in both
135.25,52.25,present in both
135.25,52.75,present in both
135.25,53.25,present in both
135.25,53.75,present in both
135.25,54.25,present in both
135.25,54.75,present in both
135.25,55.25,present in both
135.25,55.75,present in both
135.25,56.25,present in both
135.25,56.75,present in both
135.25,57.25,present in both
135.25,57.75,present in both
135.25,58.25,present in both
135.25,58.75,present in both
135.25,59.25,present in both
135.25,59.75,present in both
135.25,60.25,present in both
135.25,60.75,present in both
135.25,61.25,present in both
135.25,61.75,present in both
135.25,62.25,present in both
135.25,62.75,present in both
135.25,63.25,present in both
135.25,63.75,present in both
135.25,64.25,present in both
135.25,64.75,present in both
135.25,65.25,present in both
135.25,65.75,present in both
135.25,66.25,present in both
135.25,66.75,present in both
135.25,67.25,present in both
135.25,67.75,present in both
135.25,68.25,present in both
135.25,68.75,present in both
135.25,69.25,present in both
135.25,69.75,present in both
135.25,70.25,present in both
135.25,70.75,present in both
135.25,71.25,present in both
135.75,45.75,present in both
135.75,50.25,present in both
135.75,50.75,present in both
135.75,51.25,present in both
135.75,51.75,present in both
135.75,52.25,present in both
135.75,52.75,present in both
135.75,53.25,present in both
135.75,53.75,present in both
135.75,54.25,present in both
135.75,55.25,present in both
135.75,55.75,present in both
135.75,56.25,present in both
135.75,56.75,present in both
135.75,57.25,present in both
135.75,57.75,present in both
135.75,58.25,present in both
135.75,58.75,present in both
135.75,59.25,present in both
135.75,59.75,present in both
135.75,60.25,present in both
135.75,60.75,present in both
135.75,61.25,present in both
135.75,61.75,present in both
135.75,62.25,present in both
135.75,62.75,present in both
135.75,63.25,present in both
135.75,63.75,present in both
135.75,64.25,present in both
135.75,64.75,present in both
135.75,65.25,present in both
135.75,65.75,present in both
135.75,66.25,present in both
135.75,66.75,present in both
135.75,67.25,present in both
135.75,67.75,present in both
135.75,68.25,present in both
135.75,68.75,present in both
135.75,69.25,present in both
135.75,69.75,present in both
135.75,70.25,present in both
135.75,70.75,present in both
135.75,71.25,present in both
135.75,75.75,present in both
136.25,46.75,present in both
136.25,50.25,present in both
136.25,50.75,present in both
136.25,51.25,present in both
136.25,51.75,present in both
136.25,52.25,present in both
136.25,52.75,present in both
136.25,53.25,present in both
136.25,53.75,present in both
136.25,54.25,present in both
136.25,55.75,present in both
136.25,56.25,present in both
136.25,56.75,present in both
136.25,57.25,present in both
136.25,57.75,present in both
136.25,58.25,present in both
136.25,58.75,present in both
136.25,59.25,present in both
136.25,59.75,present in both
136.25,60.25,present in both
136.25,60.75,present in both
136.25,61.25,present in both
136.25,61.75,present in both
136.25,62.25,present in both
136.25,62.75,present in both
136.25,63.25,present in both
136.25,63.75,present in both
136.25,64.25,present in both
136.25,64.75,present in both
136.25,65.25,present in both
136.25,65.75,present in both
136.25,66.25,present in both
136.25,66.75,present in both
136.25,67.25,present in both
136.25,67.75,present in both
136.25,68.25,present in both
136.25,68.75,present in both
136.25,69.25,present in both
136.25,69.75,present in both
136.25,70.25,present in both
136.25,70.75,present in both
136.25,71.25,present in both
136.75,46.75,present in both
136.75,47.75,present in both
136.75,50.75,present in both
136.75,51.25,present in both
136.75,51.75,present in both
136.75,52.25,present in both
136.75,52.75,present in both
136.75,53.25,present in both
136.75,53.75,present in both
136.75,54.25,present in both
136.75,55.75,present in both
136.75,56.25,present in both
136.75,56.75,present in both
136.75,57.25,present in both
136.75,57.75,present in both
136.75,58.25,present in both
136.75,58.75,present in both
136.75,59.25,present in both
136.75,59.75,present in both
136.75,60.25,present in both
136.75,60.75,present in both
136.75,61.25,present in both
136.75,61.75,present in both
136.75,62.25,present in both
136.75,62.75,present in both
136.75,63.25,present in both
136.75,63.75,present in both
136.75,64.25,present in both
136.75,64.75,present in both
136.75,65.25,present in both
136.75,65.75,present in both
136.75,66.25,present in both
136.75,66.75,present in both
136.75,67.25,present in both
136.75,67.75,present in both
136.75,68.25,present in both
136.75,68.75,present in both
136.75,69.25,present in both
136.75,69.75,present in both
136.75,70.25,present in both
136.75,70.75,present in both
136.75,71.25,present in both
137.25,46.75,present in both
137.25,47.25,present in both
137.25,47.75,present in both
137.25,48.25,present in both
137.25,50.75,present in both
137.25,51.25,present in both
137.25,51.75,present in both
137.25,52.25,present in both
137.25,52.75,present in both
137.25,53.25,present in both
137.25,56.25,present in both
137.25,56.75,present in both
137.25,57.25,present in both
137.25,57.75,present in both
137.25,58.25,present in both
137.25,58.75,present in both
137.25,59.25,present in both
137.25,59.75,present in both
137.25,60.25,present in both
137.25,60.75,present in both
137.25,61.25,present in both
137.25,61.75,present in both
137.25,62.25,present in both
137.25,62.75,present in both
137.25,63.25,present in both
137.25,63.75,present in both
137.25,64.25,present in both
137.25,64.75,present in both
137.25,65.25,present in both
137.25,65.75,present in both
137.25,66.25,present in both
137.25,66.75,present in both
137.25,67.25,present in both
137.25,67.75,present in both
137.25,68.25,present in both
137.25,68.75,present in both
137.25,69.25,present in both
137.25,69.75,present in both
137.25,70.25,present in both
137.25,70.75,present in both
137.25,71.25,present in both
137.25,75.25,present in both
137.25,75.75,present in both
137.75,47.25,present in both
137.75,47.75,present in both
137.75,48.25,present in both
137.75,48.75,present in both
137.75,49.25,present in both
137.75,49.75,present in both
137.75,50.25,present in both
137.75,50.75,present in both
137.75,51.25,present in both
137.75,51.75,present in both
137.75,52.25,present in both
137.75,52.75,present in both
137.75,53.25,present in both
137.75,54.75,present in both
137.75,56.25,present in both
137.75,56.75,present in both
137.75,57.25,present in both
137.75,57.75,present in both
137.75,58.25,present in both
137.75,58.75,present in both
137.75,59.25,present in both
137.75,59.75,present in both
137.75,60.25,present in both
137.75,60.75,present in both
137.75,61.25,present in both
137.75,61.75,present in both
137.75,62.25,present in both
137.75,62.75,present in both
137.75,63.25,present in both
137.75,63.75,present in both
137.75,64.25,present in both
137.75,64.75,present in both
137.75,65.25,present in both
137.75,65.75,present in both
137.75,66.25,present in both
137.75,66.75,present in both
137.75,67.25,present in both
137.75,67.75,present in both
137.75,68.25,present in both
137.75,68.75,present in both
137.75,69.25,present in both
137.75,69.75,present in both
137.75,70.25,present in both
137.75,70.75,present in both
137.75,75.25,present in both
138.25,47.75,present in both
138.25,48.25,present in both
138.25,48.75,present in both
138.25,49.25,present in both
138.25,49.75,present in both
138.25,50.25,present in both
138.25,50.75,present in both
138.25,51.25,present in both
138.25,51.75,present in both
138.25,52.25,present in both
138.25,52.75,present in both
138.25,53.25,present in both
138.25,53.75,present in both
138.25,56.75,present in both
138.25,57.25,present in both
138.25,57.75,present in both
138.25,58.25,present in both
138.25,58.75,present in both
138.25,59.25,present in both
138.25,59.75,present in both
138.25,60.25,present in both
138.25,60.75,present in both
138.25,61.25,present in both
138.25,61.75,present in both
138.25,62.25,present in both
138.25,62.75,present in both
138.25,63.25,present in both
138.25,63.75,present in both
138.25,64.25,present in both
138.25,64.75,present in both
138.25,65.25,present in both
138.25,65.75,present in both
138.25,66.25,present in both
138.25,66.75,present in both
138.25,67.25,present in both
138.25,67.75,present in both
138.25,68.25,present in both
138.25,68.75,present in both
138.25,69.25,present in both
138.25,69.75,present in both
138.25,70.25,present in both
138.25,70.75,present in both
138.25,71.25,present in both
138.25,74.75,present in both
138.25,75.25,present in both
138.25,75.75,present in both
138.75,48.25,present in both
138.75,48.75,present in both
138.75,49.25,present in both
138.75,49.75,present in both
138.75,50.25,present in both
138.75,50.75,present in both
138.75,51.25,present in both
138.75,51.75,present in both
138.75,52.25,present in both
138.75,52.75,present in both
138.75,53.25,present in both
138.75,53.75,present in both
138.75,57.25,present in both
138.75,57.75,present in both
138.75,58.25,present in both
138.75,58.75,present in both
138.75,59.25,present in both
138.75,59.75,present in both
138.75,60.25,present in both
138.75,60.75,present in both
138.75,61.25,present in both
138.75,61.75,present in both
138.75,62.25,present in both
138.75,62.75,present in both
138.75,63.25,present in both
138.75,63.75,present in both
138.75,64.25,present in both
138.75,64.75,present in both
138.75,65.25,present in both
138.75,65.75,present in both
138.75,66.25,present in both
138.75,66.75,present in both
138.75,67.25,present in both
138.75,67.75,present in both
138.75,68.25,present in both
138.75,68.75,present in both
138.75,69.25,present in both
138.75,69.75,present in both
138.75,70.25,present in both
138.75,70.75,present in both
138.75,71.25,present in both
138.75,74.75,present in both
138.75,75.25,present in both
138.75,75.75,present in both
139.25,48.25,present in both
139.25,48.75,present in both
139.25,49.25,present in both
139.25,49.75,present in both
139.25,50.25,present in both
139.25,50.75,present in both
139.25,51.25,present in both
139.25,51.75,present in both
139.25,52.25,present in both
139.25,52.75,present in both
139.25,53.25,present in both
139.25,53.75,present in both
139.25,57.75,present in both
139.25,58.25,present in both
139.25,58.75,present in both
139.25,59.25,present in both
139.25,59.75,present in both
139.25,60.25,present in both
139.25,60.75,present in both
139.25,61.25,present in both
139.25,61.75,present in both
139.25,62.25,present in both
139.25,62.75,present in both
139.25,63.25,present in both
139.25,63.75,present in both
139.25,64.25,present in both
139.25,64.75,present in both
139.25,65.25,present in both
139.25,65.75,present in both
139.25,66.25,present in both
139.25,66.75,present in both
139.25,67.25,present in both
139.25,67.75,present in both
139.25,68.25,present in both
139.25,68.75,present in both
139.25,69.25,present in both
139.25,69.75,present in both
139.25,70.25,present in both
139.25,70.75,present in both
139.25,71.25,present in both
139.25,74.75,present in both
139.25,75.25,present in both
139.25,75.75,present in both
139.75,48.25,present in both
139.75,48.75,present in both
139.75,49.25,present in both
139.75,49.75,present in both
139.75,50.25,present in both
139.75,50.75,present in both
139.75,51.25,present in both
139.75,51.75,present in both
139.75,52.25,present in both
139.75,52.75,present in both
139.75,53.25,present in both
139.75,53.75,present in both
139.75,54.25,present in both
139.75,57.75,present in both
139.75,58.25,present in both
139.75,58.75,present in both
139.75,59.25,present in both
139.75,59.75,present in both
139.75,60.25,present in both
139.75,60.75,present in both
139.75,61.25,present in both
139.75,61.75,present in both
139.75,62.25,present in both
139.75,62.75,present in both
139.75,63.25,present in both
139.75,63.75,present in both
139.75,64.25,present in both
139.75,64.75,present in both
139.75,65.25,present in both
139.75,65.75,present in both
139.75,66.25,present in both
139.75,66.75,present in both
139.75,67.25,present in both
139.75,67.75,present in both
139.75,68.25,present in both
139.75,68.75,present in both
139.75,69.25,present in both
139.75,69.75,present in both
139.75,70.25,present in both
139.75,70.75,present in both
139.75,71.25,present in both
139.75,72.25,present in both
139.75,75.25,present in both
139.75,75.75,present in both
140.25,49.25,present in both
140.25,49.75,present in both
140.25,50.25,present in both
140.25,50.75,present in both
140.25,51.25,present in both
140.25,51.75,present in both
140.25,52.25,present in both
140.25,52.75,present in both
140.25,53.25,present in both
140.25,53.75,present in both
140.25,58.25,present in both
140.25,58.75,present in both
140.25,59.25,present in both
140.25,59.75,present in both
140.25,60.25,present in both
140.25,60.75,present in both
140.25,61.25,present in both
140.25,61.75,present in both
140.25,62.25,present in both
140.25,62.75,present in both
140.25,63.25,present in both
140.25,63.75,present in both
140.25,64.25,present in both
140.25,64.75,present in both
140.25,65.25,present in both
140.25,65.75,present in both
140.25,66.25,present in both
140.25,66.75,present in both
140.25,67.25,present in both
140.25,67.75,present in both
140.25,68.25,present in both
140.25,68.75,present in both
140.25,69.25,present in both
140.25,69.75,present in both
140.25,70.25,present in both
140.25,70.75,present in both
140.25,71.25,present in both
140.25,71.75,present in both
140.25,72.25,present in both
140.25,74.25,present in both
140.25,75.25,present in both
140.25,75.75,present in both
140.75,51.75,present in both
140.75,52.25,present in both
140.75,52.75,present in both
140.75,53.25,present in both
140.75,58.75,present in both
140.75,59.25,present in both
140.75,59.75,present in both
140.75,60.25,present in both
140.75,60.75,present in both
140.75,61.25,present in both
140.75,61.75,present in both
140.75,62.25,present in both
140.75,62.75,present in both
140.75,63.25,present in both
140.75,63.75,present in both
140.75,64.25,present in both
140.75,64.75,present in both
140.75,65.25,present in both
140.75,65.75,present in both
140.75,66.25,present in both
140.75,66.75,present in both
140.75,67.25,present in both
140.75,67.75,present in both
140.75,68.25,present in both
140.75,68.75,present in both
140.75,69.25,present in both
140.75,69.75,present in both
140.75,70.25,present in both
140.75,70.75,present in both
140.75,71.25,present in both
140.75,71.75,present in both
140.75,72.25,present in both
140.75,74.25,present in both
140.75,75.25,present in both
141.25,52.25,present in both
141.25,52.75,present in both
141.25,53.25,present in both
141.25,58.75,present in both
141.25,59.25,present in both
141.25,59.75,present in both
141.25,60.25,present in both
141.25,60.75,present in both
141.25,61.25,present in both
141.25,61.75,present in both
141.25,62.25,present in both
141.25,62.75,present in both
141.25,63.25,present in both
141.25,63.75,present in both
141.25,64.25,present in both
141.25,64.75,present in both
141.25,65.25,present in both
141.25,65.75,present in both
141.25,66.25,present in both
141.25,66.75,present in both
141.25,67.25,present in both
141.25,67.75,present in both
141.25,68.25,present in both
141.25,68.75,present in both
141.25,69.25,present in both
141.25,69.75,present in both
141.25,70.25,present in both
141.25,70.75,present in both
141.25,71.25,present in both
141.25,71.75,present in both
141.25,72.25,present in both
141.25,72.75,present in both
141.25,73.75,present in both
141.25,75.25,present in both
141.25,75.75,present in both
141.75,52.25,present in both
141.75,58.75,present in both
141.75,59.25,present in both
141.75,59.75,present in both
141.75,60.25,present in both
141.75,60.75,present in both
141.75,61.25,present in both
141.75,61.75,present in both
141.75,62.25,present in both
141.75,62.75,present in both
141.75,63.25,present in both
141.75,63.75,present in both
141.75,64.25,present in both
141.75,64.75,present in both
141.75,65.25,present in both
141.75,65.75,present in both
141.75,66.25,present in both
141.75,66.75,present in both
141.75,67.25,present in both
141.75,67.75,present in both
141.75,68.25,present in both
141.75,68.75,present in both
141.75,69.25,present in both
141.75,69.75,present in both
141.75,70.25,present in both
141.75,70.75,present in both
141.75,71.25,present in both
141.75,71.75,present in both
141.75,72.25,present in both
141.75,72.75,present in both
141.75,73.75,present in both
141.75,75.25,present in both
141.75,75.75,present in both
142.25,47.75,present in both
142.25,48.25,present in both
142.25,48.75,present in both
142.25,49.25,present in both
142.25,49.75,present in both
142.25,50.25,present in both
142.25,50.75,present in both
142.25,51.25,present in both
142.25,51.75,present in both
142.25,52.25,present in both
142.25,52.75,present in both
142.25,53.25,present in both
142.25,59.75,present in both
142.25,60.25,present in both
142.25,60.75,present in both
142.25,61.25,present in both
142.25,61.75,present in both
142.25,62.25,present in both
142.25,62.75,present in both
142.25,63.25,present in both
142.25,63.75,present in both
142.25,64.25,present in both
142.25,64.75,present in both
142.25,65.25,present in both
142.25,65.75,present in both
142.25,66.25,present in both
142.25,66.75,present in both
142.25,67.25,present in both
142.25,67.75,present in both
142.25,68.25,present in both
142.25,68.75,present in both
142.25,69.25,present in both
142.25,69.75,present in both
142.25,70.25,present in both
142.25,70.75,present in both
142.25,71.25,present in both
142.25,71.75,present in both
142.25,72.25,present in both
142.25,73.75,present in both
142.25,75.25,present in both
142.25,75.75,present in both
142.75,46.75,present in both
142.75,47.25,present in both
142.75,48.75,present in both
142.75,49.25,present in both
142.75,49.75,present in both
142.75,50.25,present in both
142.75,50.75,present in both
142.75,51.25,present in both
142.75,51.75,present in both
142.75,52.25,present in both
142.75,52.75,present in both
142.75,53.25,present in both
142.75,54.25,present in both
142.75,59.75,present in both
142.75,60.25,present in both
142.75,60.75,present in both
142.75,61.25,present in both
142.75,61.75,present in both
142.75,62.25,present in both
142.75,62.75,present in both
142.75,63.25,present in both
142.75,63.75,present in both
142.75,64.25,present in both
142.75,64.75,present in both
142.75,65.25,present in both
142.75,65.75,present in both
142.75,66.25,present in both
142.75,66.75,present in both
142.75,67.25,present in both
142.75,67.75,present in both
142.75,68.25,present in both
142.75,68.75,present in both
142.75,69.25,present in both
142.75,69.75,present in both
142.75,70.25,present in both
142.75,70.75,present in both
142.75,71.25,present in both
142.75,71.75,present in both
142.75,72.25,present in both
142.75,75.25,present in both
142.75,75.75,present in both
143.25,46.75,present in both
143.25,49.75,present in both
143.25,50.25,present in both
143.25,50.75,present in both
143.25,51.25,present in both
143.25,51.75,present in both
143.25,52.75,present in both
143.25,59.75,present in both
143.25,60.25,present in both
143.25,60.75,present in both
143.25,61.25,present in both
143.25,61.75,present in both
143.25,62.25,present in both
143.25,62.75,present in both
143.25,63.25,present in both
143.25,63.75,present in both
143.25,64.25,present in both
143.25,64.75,present in both
143.25,65.25,present in both
143.25,65.75,present in both
143.25,66.25,present in both
143.25,66.75,present in both
143.25,67.25,present in both
143.25,67.75,present in both
143.25,68.25,present in both
143.25,68.75,present in both
143.25,69.25,present in both
143.25,69.75,present in both
143.25,70.25,present in both
143.25,70.75,present in both
143.25,71.25,present in both
143.25,71.75,present in both
143.25,72.25,present in both
143.25,73.25,present in both
143.25,75.25,present in both
143.25,75.75,present in both
143.75,49.75,present in both
143.75,50.25,present in both
143.75,59.75,present in both
143.75,60.25,present in both
143.75,60.75,present in both
143.75,61.25,present in both
143.75,61.75,present in both
143.75,62.25,present in both
143.75,62.75,present in both
143.75,63.25,present in both
143.75,63.75,present in both
143.75,64.25,present in both
143.75,64.75,present in both
143.75,65.25,present in both
143.75,65.75,present in both
143.75,66.25,present in both
143.75,66.75,present in both
143.75,67.25,present in both
143.75,67.75,present in both
143.75,68.25,present in both
143.75,68.75,present in both
143.75,69.25,present in both
143.75,69.75,present in both
143.75,70.25,present in both
143.75,70.75,present in both
143.75,71.25,present in both
143.75,71.75,present in both
143.75,72.25,present in both
143.75,75.25,present in both
143.75,75.75,present in both
144.25,49.25,present in both
144.25,59.75,present in both
144.25,60.25,present in both
144.25,60.75,present in both
144.25,61.25,present in both
144.25,61.75,present in both
144.25,62.25,present in both
144.25,62.75,present in both
144.25,63.25,present in both
144.25,63.75,present in both
144.25,64.25,present in both
144.25,64.75,present in both
144.25,65.25,present in both
144.25,65.75,present in both
144.25,66.25,present in both
144.25,66.75,present in both
144.25,67.25,present in both
144.25,67.75,present in both
144.25,68.25,present in both
144.25,68.75,present in both
144.25,69.25,present in both
144.25,69.75,present in both
144.25,70.25,present in both
144.25,70.75,present in both
144.25,71.25,present in both
144.25,71.75,present in both
144.25,72.25,present in both
144.25,75.25,present in both
144.75,59.75,present in both
144.75,60.25,present in both
144.75,60.75,present in both
144.75,61.25,present in both
144.75,61.75,present in both
144.75,62.25,present in both
144.75,62.75,present in both
144.75,63.25,present in both
144.75,63.75,present in both
144.75,64.25,present in both
144.75,64.75,present in both
144.75,65.25,present in both
144.75,65.75,present in both
144.75,66.25,present in both
144.75,66.75,present in both
144.75,67.25,present in both
144.75,67.75,present in both
144.75,68.25,present in both
144.75,68.75,present in both
144.75,69.25,present in both
144.75,69.75,present in both
144.75,70.25,present in both
144.75,70.75,present in both
144.75,71.25,present in both
144.75,71.75,present in both
144.75,75.25,present in both
145.25,59.75,present in both
145.25,60.25,present in both
145.25,60.75,present in both
145.25,61.25,present in both
145.25,61.75,present in both
145.25,62.25,present in both
145.25,62.75,present in both
145.25,63.25,present in both
145.25,63.75,present in both
145.25,64.25,present in both
145.25,64.75,present in both
145.25,65.25,present in both
145.25,65.75,present in both
145.25,66.25,present in both
145.25,66.75,present in both
145.25,67.25,present in both
145.25,67.75,present in both
145.25,68.25,present in both
145.25,68.75,present in both
145.25,69.25,present in both
145.25,69.75,present in both
145.25,70.25,present in both
145.25,70.75,present in both
145.25,71.25,present in both
145.25,72.25,present in both
145.75,59.75,present in both
145.75,60.25,present in both
145.75,60.75,present in both
145.75,61.25,present in both
145.75,61.75,present in both
145.75,62.25,present in both
145.75,62.75,present in both
145.75,63.25,present in both
145.75,63.75,present in both
145.75,64.25,present in both
145.75,64.75,present in both
145.75,65.25,present in both
145.75,65.75,present in both
145.75,66.25,present in both
145.75,66.75,present in both
145.75,67.25,present in both
145.75,67.75,present in both
145.75,68.25,present in both
145.75,68.75,present in both
145.75,69.25,present in both
145.75,69.75,present in both
145.75,70.25,present in both
145.75,70.75,present in both
145.75,71.25,present in both
145.75,72.25,present in both
146.25,59.75,present in both
146.25,60.25,present in both
146.25,60.75,present in both
146.25,61.25,present in both
146.25,61.75,present in both
146.25,62.25,present in both
146.25,62.75,present in both
146.25,63.25,present in both
146.25,63.75,present in both
146.25,64.25,present in both
146.25,64.75,present in both
146.25,65.25,present in both
146.25,65.75,present in both
146.25,66.25,present in both
146.25,66.75,present in both
146.25,67.25,present in both
146.25,67.75,present in both
146.25,68.25,present in both
146.25,68.75,present in both
146.25,69.25,present in both
146.25,69.75,present in both
146.25,70.25,present in both
146.25,70.75,present in both
146.25,71.25,present in both
146.25,71.75,present in both
146.25,72.25,present in both
146.75,59.75,present in both
146.75,60.25,present in both
146.75,60.75,present in both
146.75,61.25,present in both
146.75,61.75,present in both
146.75,62.25,present in both
146.75,62.75,present in both
146.75,63.25,present in both
146.75,63.75,present in both
146.75,64.25,present in both
146.75,64.75,present in both
146.75,65.25,present in both
146.75,65.75,present in both
146.75,66.25,present in both
146.75,66.75,present in both
146.75,67.25,present in both
146.75,67.75,present in both
146.75,68.25,present in both
146.75,68.75,present in both
146.75,69.25,present in both
146.75,69.75,present in both
146.75,70.25,present in both
146.75,70.75,present in both
146.75,71.25,present in both
146.75,71.75,present in both
146.75,72.25,present in both
146.75,75.25,present in both
147.25,59.75,present in both
147.25,60.25,present in both
147.25,60.75,present in both
147.25,61.25,present in both
147.25,61.75,present in both
147.25,62.25,present in both
147.25,62.75,present in both
147.25,63.25,present in both
147.25,63.75,present in both
147.25,64.25,present in both
147.25,64.75,present in both
147.25,65.25,present in both
147.25,65.75,present in both
147.25,66.25,present in both
147.25,66.75,present in both
147.25,67.25,present in both
147.25,67.75,present in both
147.25,68.25,present in both
147.25,68.75,present in both
147.25,69.25,present in both
147.25,69.75,present in both
147.25,70.25,present in both
147.25,70.75,present in both
147.25,71.25,present in both
147.25,71.75,present in both
147.25,72.25,present in both
147.25,75.25,present in both
147.75,59.75,present in both
147.75,60.25,present in both
147.75,60.75,present in both
147.75,61.25,present in both
147.75,61.75,present in both
147.75,62.25,present in both
147.75,62.75,present in both
147.75,63.25,present in both
147.75,63.75,present in both
147.75,64.25,present in both
147.75,64.75,present in both
147.75,65.25,present in both
147.75,65.75,present in both
147.75,66.25,present in both
147.75,66.75,present in both
147.75,67.25,present in both
147.75,67.75,present in both
147.75,68.25,present in both
147.75,68.75,present in both
147.75,69.25,present in both
147.75,69.75,present in both
147.75,70.25,present in both
147.75,70.75,present in both
147.75,71.25,present in both
147.75,71.75,present in both
147.75,72.25,present in both
147.75,75.25,present in both
148.25,59.75,present in both
148.25,60.25,present in both
148.25,60.75,present in both
148.25,61.25,present in both
148.25,61.75,present in both
148.25,62.25,present in both
148.25,62.75,present in both
148.25,63.25,present in both
148.25,63.75,present in both
148.25,64.25,present in both
148.25,64.75,present in both
148.25,65.25,present in both
148.25,65.75,present in both
148.25,66.25,present in both
148.25,66.75,present in both
148.25,67.25,present in both
148.25,67.75,present in both
148.25,68.25,present in both
148.25,68.75,present in both
148.25,69.25,present in both
148.25,69.75,present in both
148.25,70.25,present in both
148.25,70.75,present in both
148.25,71.25,present in both
148.25,71.75,present in both
148.25,72.25,present in both
148.25,75.25,present in both
148.75,59.75,present in both
148.75,60.25,present in both
148.75,60.75,present in both
148.75,61.25,present in both
148.75,61.75,present in both
148.75,62.25,present in both
148.75,62.75,present in both
148.75,63.25,present in both
148.75,63.75,present in both
148.75,64.25,present in both
148.75,64.75,present in both
148.75,65.25,present in both
148.75,65.75,present in both
148.75,66.25,present in both
148.75,66.75,present in both
148.75,67.25,present in both
148.75,67.75,present in both
148.75,68.25,present in both
148.75,68.75,present in both
148.75,69.25,present in both
148.75,69.75,present in both
148.75,70.25,present in both
148.75,70.75,present in both
148.75,71.25,present in both
148.75,71.75,present in both
148.75,74.75,present in both
149.25,59.75,present in both
149.25,60.25,present in both
149.25,60.75,present in both
149.25,61.25,present in both
149.25,61.75,present in both
149.25,62.25,present in both
149.25,62.75,present in both
149.25,63.25,present in both
149.25,63.75,present in both
149.25,64.25,present in both
149.25,64.75,present in both
149.25,65.25,present in both
149.25,65.75,present in both
149.25,66.25,present in both
149.25,66.75,present in both
149.25,67.25,present in both
149.25,67.75,present in both
149.25,68.25,present in both
149.25,68.75,present in both
149.25,69.25,present in both
149.25,69.75,present in both
149.25,70.25,present in both
149.25,70.75,present in both
149.25,71.25,present in both
149.25,74.75,present in both
149.75,45.75,present in both
149.75,59.75,present in both
149.75,60.25,present in both
149.75,60.75,present in both
149.75,61.25,present in both
149.75,61.75,present in both
149.75,62.25,present in both
149.75,62.75,present in both
149.75,63.25,present in both
149.75,63.75,present in both
149.75,64.25,present in both
149.75,64.75,present in both
149.75,65.25,present in both
149.75,65.75,present in both
149.75,66.25,present in both
149.75,66.75,present in both
149.75,67.25,present in both
149.75,67.75,present in both
149.75,68.25,present in both
149.75,68.75,present in both
149.75,69.25,present in both
149.75,69.75,present in both
149.75,70.25,present in both
149.75,70.75,present in both
149.75,71.25,present in both
150.25,59.75,present in both
150.25,60.25,present in both
150.25,60.75,present in both
150.25,61.25,present in both
150.25,61.75,present in both
150.25,62.25,present in both
150.25,62.75,present in both
150.25,63.25,present in both
150.25,63.75,present in both
150.25,64.25,present in both
150.25,64.75,present in both
150.25,65.25,present in both
150.25,65.75,present in both
150.25,66.25,present in both
150.25,66.75,present in both
150.25,67.25,present in both
150.25,67.75,present in both
150.25,68.25,present in both
150.25,68.75,present in both
150.25,69.25,present in both
150.25,69.75,present in both
150.25,70.25,present in both
150.25,70.75,present in both
150.25,71.25,present in both
150.75,59.75,present in both
150.75,60.25,present in both
150.75,60.75,present in both
150.75,61.25,present in both
150.75,61.75,present in both
150.75,62.25,present in both
150.75,62.75,present in both
150.75,63.25,present in both
150.75,63.75,present in both
150.75,64.25,present in both
150.75,64.75,present in both
150.75,65.25,present in both
150.75,65.75,present in both
150.75,66.25,present in both
150.75,66.75,present in both
150.75,67.25,present in both
150.75,67.75,present in both
150.75,68.25,present in both
150.75,68.75,present in both
150.75,69.25,present in both
150.75,69.75,present in both
150.75,70.25,present in both
150.75,70.75,present in both
150.75,71.25,present in both
151.25,59.75,present in both
151.25,60.25,present in both
151.25,60.75,present in both
151.25,61.25,present in both
151.25,61.75,present in both
151.25,62.25,present in both
151.25,62.75,present in both
151.25,63.25,present in both
151.25,63.75,present in both
151.25,64.25,present in both
151.25,64.75,present in both
151.25,65.25,present in both
151.25,65.75,present in both
151.25,66.25,present in both
151.25,66.75,present in both
151.25,67.25,present in both
151.25,67.75,present in both
151.25,68.25,present in both
151.25,68.75,present in both
151.25,69.25,present in both
151.25,69.75,present in both
151.25,70.25,present in both
151.25,70.75,present in both
151.25,71.25,present in both
151.75,59.75,present in both
151.75,60.25,present in both
151.75,60.75,present in both
151.75,61.25,present in both
151.75,61.75,present in both
151.75,62.25,present in both
151.75,62.75,present in both
151.75,63.25,present in both
151.75,63.75,present in both
151.75,64.25,present in both
151.75,64.75,present in both
151.75,65.25,present in both
151.75,65.75,present in both
151.75,66.25,present in both
151.75,66.75,present in both
151.75,67.25,present in both
151.75,67.75,present in both
151.75,68.25,present in both
151.75,68.75,present in both
151.75,69.25,present in both
151.75,69.75,present in both
151.75,70.25,present in both
151.75,70.75,present in both
152.25,59.25,present in both
152.25,59.75,present in both
152.25,60.25,present in both
152.25,60.75,present in both
152.25,61.25,present in both
152.25,61.75,present in both
152.25,62.25,present in both
152.25,62.75,present in both
152.25,63.25,present in both
152.25,63.75,present in both
152.25,64.25,present in both
152.25,64.75,present in both
152.25,65.25,present in both
152.25,65.75,present in both
152.25,66.25,present in both
152.25,66.75,present in both
152.25,67.25,present in both
152.25,67.75,present in both
152.25,68.25,present in both
152.25,68.75,present in both
152.25,69.25,present in both
152.25,69.75,present in both
152.25,70.25,present in both
152.25,70.75,present in both
152.75,59.25,present in both
152.75,59.75,present in both
152.75,60.25,present in both
152.75,60.75,present in both
152.75,61.25,present in both
152.75,61.75,present in both
152.75,62.25,present in both
152.75,62.75,present in both
152.75,63.25,present in both
152.75,63.75,present in both
152.75,64.25,present in both
152.75,64.75,present in both
152.75,65.25,present in both
152.75,65.75,present in both
152.75,66.25,present in both
152.75,66.75,present in both
152.75,67.25,present in both
152.75,67.75,present in both
152.75,68.25,present in both
152.75,68.75,present in both
152.75,69.25,present in both
152.75,69.75,present in both
152.75,70.25,present in both
152.75,70.75,present in both
153.25,59.25,present in both
153.25,59.75,present in both
153.25,60.25,present in both
153.25,60.75,present in both
153.25,61.25,present in both
153.25,61.75,present in both
153.25,62.25,present in both
153.25,62.75,present in both
153.25,63.25,present in both
153.25,63.75,present in both
153.25,64.25,present in both
153.25,64.75,present in both
153.25,65.25,present in both
153.25,65.75,present in both
153.25,66.25,present in both
153.25,66.75,present in both
153.25,67.25,present in both
153.25,67.75,present in both
153.25,68.25,present in both
153.25,68.75,present in both
153.25,69.25,present in both
153.25,69.75,present in both
153.25,70.25,present in both
153.25,70.75,present in both
153.75,59.25,present in both
153.75,59.75,present in both
153.75,60.25,present in both
153.75,60.75,present in both
153.75,61.25,present in both
153.75,61.75,present in both
153.75,62.25,present in both
153.75,62.75,present in both
153.75,63.25,present in both
153.75,63.75,present in both
153.75,64.25,present in both
153.75,64.75,present in both
153.75,65.25,present in both
153.75,65.75,present in both
153.75,66.25,present in both
153.75,66.75,present in both
153.75,67.25,present in both
153.75,67.75,present in both
153.75,68.25,present in both
153.75,68.75,present in both
153.75,69.25,present in both
153.75,69.75,present in both
153.75,70.25,present in both
153.75,70.75,present in both
154.25,59.25,present in both
154.25,60.25,present in both
154.25,60.75,present in both
154.25,61.25,present in both
154.25,61.75,present in both
154.25,62.25,present in both
154.25,62.75,present in both
154.25,63.25,present in both
154.25,63.75,present in both
154.25,64.25,present in both
154.25,64.75,present in both
154.25,65.25,present in both
154.25,65.75,present in both
154.25,66.25,present in both
154.25,66.75,present in both
154.25,67.25,present in both
154.25,67.75,present in both
154.25,68.25,present in both
154.25,68.75,present in both
154.25,69.25,present in both
154.25,69.75,present in both
154.25,70.25,present in both
154.25,70.75,present in both
154.75,59.25,present in both
154.75,60.25,present in both
154.75,60.75,present in both
154.75,61.25,present in both
154.75,61.75,present in both
154.75,62.25,present in both
154.75,62.75,present in both
154.75,63.25,present in both
154.75,63.75,present in both
154.75,64.25,present in both
154.75,64.75,present in both
154.75,65.25,present in both
154.75,65.75,present in both
154.75,66.25,present in both
154.75,66.75,present in both
154.75,67.25,present in both
154.75,67.75,present in both
154.75,68.25,present in both
154.75,68.75,present in both
154.75,69.25,present in both
154.75,69.75,present in both
154.75,70.25,present in both
154.75,70.75,present in both
155.25,60.75,present in both
155.25,61.25,present in both
155.25,61.75,present in both
155.25,62.25,present in both
155.25,62.75,present in both
155.25,63.25,present in both
155.25,63.75,present in both
155.25,64.25,present in both
155.25,64.75,present in both
155.25,65.25,present in both
155.25,65.75,present in both
155.25,66.25,present in both
155.25,66.75,present in both
155.25,67.25,present in both
155.25,67.75,present in both
155.25,68.25,present in both
155.25,68.75,present in both
155.25,69.25,present in both
155.25,69.75,present in both
155.25,70.25,present in both
155.25,70.75,present in both
155.75,50.25,present in both
155.75,54.25,present in both
155.75,54.75,present in both
155.75,55.25,present in both
155.75,55.75,present in both
155.75,56.25,present in both
155.75,60.75,present in both
155.75,61.25,present in both
155.75,61.75,present in both
155.75,62.25,present in both
155.75,62.75,present in both
155.75,63.25,present in both
155.75,63.75,present in both
155.75,64.25,present in both
155.75,64.75,present in both
155.75,65.25,present in both
155.75,65.75,present in both
155.75,66.25,present in both
155.75,66.75,present in both
155.75,67.25,present in both
155.75,67.75,present in both
155.75,68.25,present in both
155.75,68.75,present in both
155.75,69.25,present in both
155.75,69.75,present in both
155.75,70.25,present in both
155.75,70.75,present in both
156.25,52.75,present in both
156.25,53.25,present in both
156.25,53.75,present in both
156.25,54.25,present in both
156.25,54.75,present in both
156.25,55.25,present in both
156.25,55.75,present in both
156.25,56.25,present in both
156.25,56.75,present in both
156.25,61.25,present in both
156.25,61.75,present in both
156.25,62.25,present in both
156.25,62.75,present in both
156.25,63.25,present in both
156.25,63.75,present in both
156.25,64.25,present in both
156.25,64.75,present in both
156.25,65.25,present in both
156.25,65.75,present in both
156.25,66.25,present in both
156.25,66.75,present in both
156.25,67.25,present in both
156.25,67.75,present in both
156.25,68.25,present in both
156.25,68.75,present in both
156.25,69.25,present in both
156.25,69.75,present in both
156.25,70.25,present in both
156.25,70.75,present in both
156.75,51.25,present in both
156.75,51.75,present in both
156.75,52.25,present in both
156.75,52.75,present in both
156.75,53.25,present in both
156.75,53.75,present in both
156.75,54.25,present in both
156.75,54.75,present in both
156.75,55.25,present in both
156.75,55.75,present in both
156.75,56.25,present in both
156.75,56.75,present in both
156.75,61.75,present in both
156.75,62.25,present in both
156.75,62.75,present in both
156.75,63.25,present in both
156.75,63.75,present in both
156.75,64.25,present in both
156.75,64.75,present in both
156.75,65.25,present in both
156.75,65.75,present in both
156.75,66.25,present in both
156.75,66.75,present in both
156.75,67.25,present in both
156.75,67.75,present in both
156.75,68.25,present in both
156.75,68.75,present in both
156.75,69.25,present in both
156.75,69.75,present in both
156.75,70.25,present in both
156.75,70.75,present in both
157.25,51.25,present in both
157.25,51.75,present in both
157.25,52.25,present in both
157.25,52.75,present in both
157.25,53.25,present in both
157.25,53.75,present in both
157.25,54.25,present in both
157.25,54.75,present in both
157.25,55.25,present in both
157.25,55.75,present in both
157.25,56.25,present in both
157.25,56.75,present in both
157.25,57.25,present in both
157.25,61.75,present in both
157.25,62.25,present in both
157.25,62.75,present in both
157.25,63.25,present in both
157.25,63.75,present in both
157.25,64.25,present in both
157.25,64.75,present in both
157.25,65.25,present in both
157.25,65.75,present in both
157.25,66.25,present in both
157.25,66.75,present in both
157.25,67.25,present in both
157.25,67.75,present in both
157.25,68.25,present in both
157.25,68.75,present in both
157.25,69.25,present in both
157.25,69.75,present in both
157.25,70.25,present in both
157.25,70.75,present in both
157.75,51.75,present in both
157.75,52.25,present in both
157.75,52.75,present in both
157.75,53.25,present in both
157.75,53.75,present in both
157.75,54.25,present in both
157.75,54.75,present in both
157.75,55.25,present in both
157.75,55.75,present in both
157.75,56.25,present in both
157.75,56.75,present in both
157.75,57.25,present in both
157.75,57.75,present in both
157.75,62.25,present in both
157.75,62.75,present in both
157.75,63.25,present in both
157.75,63.75,present in both
157.75,64.25,present in both
157.75,64.75,present in both
157.75,65.25,present in both
157.75,65.75,present in both
157.75,66.25,present in both
157.75,66.75,present in both
157.75,67.25,present in both
157.75,67.75,present in both
157.75,68.25,present in both
157.75,68.75,present in both
157.75,69.25,present in both
157.75,69.75,present in both
157.75,70.25,present in both
157.75,70.75,present in both
158.25,52.25,present in both
158.25,52.75,present in both
158.25,53.25,present in both
158.25,53.75,present in both
158.25,54.25,present in both
158.25,54.75,present in both
158.25,55.25,present in both
158.25,55.75,present in both
158.25,56.25,present in both
158.25,56.75,present in both
158.25,57.25,present in both
158.25,57.75,present in both
158.25,62.25,present in both
158.25,62.75,present in both
158.25,63.25,present in both
158.25,63.75,present in both
158.25,64.25,present in both
158.25,64.75,present in both
158.25,65.25,present in both
158.25,65.75,present in both
158.25,66.25,present in both
158.25,66.75,present in both
158.25,67.25,present in both
158.25,67.75,present in both
158.25,68.25,present in both
158.25,68.75,present in both
158.25,69.25,present in both
158.25,69.75,present in both
158.25,70.25,present in both
158.25,70.75,present in both
158.75,53.25,present in both
158.75,53.75,present in both
158.75,54.25,present in both
158.75,54.75,present in both
158.75,55.25,present in both
158.75,55.75,present in both
158.75,56.25,present in both
158.75,56.75,present in both
158.75,57.25,present in both
158.75,57.75,present in both
158.75,58.25,present in both
158.75,62.25,present in both
158.75,62.75,present in both
158.75,63.25,present in both
158.75,63.75,present in both
158.75,64.25,present in both
158.75,64.75,present in both
158.75,65.25,present in both
158.75,65.75,present in both
158.75,66.25,present in both
158.75,66.75,present in both
158.75,67.25,present in both
158.75,67.75,present in both
158.75,68.25,present in both
158.75,68.75,present in both
158.75,69.25,present in both
158.75,69.75,present in both
158.75,70.25,present in both
158.75,70.75,present in both
159.25,53.25,present in both
159.25,53.75,present in both
159.25,54.25,present in both
159.25,54.75,present in both
159.25,55.25,present in both
159.25,55.75,present in both
159.25,56.25,present in both
159.25,56.75,present in both
159.25,57.25,present in both
159.25,57.75,present in both
159.25,58.25,present in both
159.25,62.25,present in both
159.25,62.75,present in both
159.25,63.25,present in both
159.25,63.75,present in both
159.25,64.25,present in both
159.25,64.75,present in both
159.25,65.25,present in both
159.25,65.75,present in both
159.25,66.25,present in both
159.25,66.75,present in both
159.25,67.25,present in both
159.25,67.75,present in both
159.25,68.25,present in both
159.25,68.75,present in both
159.25,69.25,present in both
159.25,69.75,present in both
159.25,70.25,present in both
159.25,70.75,present in both
159.75,53.75,present in both
159.75,54.25,present in both
159.75,54.75,present in both
159.75,55.25,present in both
159.75,55.75,present in both
159.75,56.25,present in both
159.75,56.75,present in both
159.75,57.25,present in both
159.75,57.75,present in both
159.75,58.25,present in both
159.75,58.75,present in both
159.75,61.75,present in both
159.75,62.25,present in both
159.75,62.75,present in both
159.75,63.25,present in both
159.75,63.75,present in both
159.75,64.25,present in both
159.75,64.75,present in both
159.75,65.25,present in both
159.75,65.75,present in both
159.75,66.25,present in both
159.75,66.75,present in both
159.75,67.25,present in both
159.75,67.75,present in both
159.75,68.25,present in both
159.75,68.75,present in both
159.75,69.25,present in both
159.75,70.25,present in both
160.25,54.75,present in both
160.25,55.25,present in both
160.25,55.75,present in both
160.25,56.25,present in both
160.25,56.75,present in both
160.25,57.25,present in both
160.25,57.75,present in both
160.25,58.25,present in both
160.25,58.75,present in both
160.25,59.25,present in both
160.25,61.25,present in both
160.25,62.25,present in both
160.25,62.75,present in both
160.25,63.25,present in both
160.25,63.75,present in both
160.25,64.25,present in both
160.25,64.75,present in both
160.25,65.25,present in both
160.25,65.75,present in both
160.25,66.25,present in both
160.25,66.75,present in both
160.25,67.25,present in both
160.25,67.75,present in both
160.25,68.25,present in both
160.25,68.75,present in both
160.25,69.25,present in both
160.75,54.75,present in both
160.75,55.25,present in both
160.75,55.75,present in both
160.75,56.25,present in both
160.75,56.75,present in both
160.75,57.25,present in both
160.75,57.75,present in both
160.75,58.25,present in both
160.75,58.75,present in both
160.75,59.25,present in both
160.75,60.75,present in both
160.75,61.25,present in both
160.75,61.75,present in both
160.75,62.25,present in both
160.75,62.75,present in both
160.75,63.25,present in both
160.75,63.75,present in both
160.75,64.25,present in both
160.75,64.75,present in both
160.75,65.25,present in both
160.75,65.75,present in both
160.75,66.25,present in both
160.75,66.75,present in both
160.75,67.25,present in both
160.75,67.75,present in both
160.75,68.25,present in both
160.75,68.75,present in both
160.75,69.25,present in both
161.25,54.75,present in both
161.25,55.25,present in both
161.25,55.75,present in both
161.25,56.25,present in both
161.25,56.75,present in both
161.25,57.25,present in both
161.25,57.75,present in both
161.25,58.25,present in both
161.25,58.75,present in both
161.25,59.25,present in both
161.25,59.75,present in both
161.25,61.25,present in both
161.25,61.75,present in both
161.25,62.25,present in both
161.25,62.75,present in both
161.25,63.25,present in both
161.25,63.75,present in both
161.25,64.25,present in both
161.25,64.75,present in both
161.25,65.25,present in both
161.25,65.75,present in both
161.25,66.25,present in both
161.25,66.75,present in both
161.25,67.25,present in both
161.25,67.75,present in both
161.25,68.25,present in both
161.25,68.75,present in both
161.25,69.25,present in both
161.75,54.75,present in both
161.75,55.75,present in both
161.75,56.25,present in both
161.75,56.75,present in both
161.75,57.25,present in both
161.75,57.75,present in both
161.75,58.25,present in both
161.75,58.75,present in both
161.75,59.25,present in both
161.75,59.75,present in both
161.75,61.75,present in both
161.75,62.25,present in both
161.75,62.75,present in both
161.75,63.25,present in both
161.75,63.75,present in both
161.75,64.25,present in both
161.75,64.75,present in both
161.75,65.25,present in both
161.75,65.75,present in both
161.75,66.25,present in both
161.75,66.75,present in both
161.75,67.25,present in both
161.75,67.75,present in both
161.75,68.25,present in both
161.75,68.75,present in both
161.75,69.25,present in both
162.25,56.25,present in both
162.25,56.75,present in both
162.25,57.25,present in both
162.25,57.75,present in both
162.25,58.75,present in both
162.25,59.25,present in both
162.25,59.75,present in both
162.25,60.25,present in both
162.25,61.75,present in both
162.25,62.25,present in both
162.25,62.75,present in both
162.25,63.25,present in both
162.25,63.75,present in both
162.25,64.25,present in both
162.25,64.75,present in both
162.25,65.25,present in both
162.25,65.75,present in both
162.25,66.25,present in both
162.25,66.75,present in both
162.25,67.25,present in both
162.25,67.75,present in both
162.25,68.25,present in both
162.25,68.75,present in both
162.25,69.25,present in both
162.75,56.25,present in both
162.75,56.75,present in both
162.75,57.75,present in both
162.75,59.25,present in both
162.75,59.75,present in both
162.75,60.25,present in both
162.75,61.75,present in both
162.75,62.25,present in both
162.75,62.75,present in both
162.75,63.25,present in both
162.75,63.75,present in both
162.75,64.25,present in both
162.75,64.75,present in both
162.75,65.25,present in both
162.75,65.75,present in both
162.75,66.25,present in both
162.75,66.75,present in both
162.75,67.25,present in both
162.75,67.75,present in both
162.75,68.25,present in both
162.75,68.75,present in both
162.75,69.25,present in both
163.25,56.25,present in both
163.25,59.75,present in both
163.25,60.25,present in both
163.25,62.75,present in both
163.25,63.25,present in both
163.25,63.75,present in both
163.25,64.25,present in both
163.25,64.75,present in both
163.25,65.25,present in both
163.25,65.75,present in both
163.25,66.25,present in both
163.25,66.75,present in both
163.25,67.25,present in both
163.25,67.75,present in both
163.25,68.25,present in both
163.25,68.75,present in both
163.25,69.25,present in both
163.75,58.75,present in both
163.75,60.25,present in both
163.75,60.75,present in both
163.75,62.75,present in both
163.75,63.25,present in both
163.75,63.75,present in both
163.75,64.25,present in both
163.75,64.75,present in both
163.75,65.25,present in both
163.75,65.75,present in both
163.75,66.25,present in both
163.75,66.75,present in both
163.75,67.25,present in both
163.75,67.75,present in both
163.75,68.25,present in both
163.75,68.75,present in both
163.75,69.25,present in both
164.25,60.25,present in both
164.25,60.75,present in both
164.25,61.25,present in both
164.25,61.75,present in both
164.25,62.25,present in both
164.25,62.75,present in both
164.25,63.25,present in both
164.25,63.75,present in both
164.25,64.25,present in both
164.25,64.75,present in both
164.25,65.25,present in both
164.25,65.75,present in both
164.25,66.25,present in both
164.25,66.75,present in both
164.25,67.25,present in both
164.25,67.75,present in both
164.25,68.25,present in both
164.25,68.75,present in both
164.25,69.25,present in both
164.75,60.25,present in both
164.75,60.75,present in both
164.75,61.25,present in both
164.75,61.75,present in both
164.75,62.25,present in both
164.75,62.75,present in both
164.75,63.25,present in both
164.75,63.75,present in both
164.75,64.25,present in both
164.75,64.75,present in both
164.75,65.25,present in both
164.75,65.75,present in both
164.75,66.25,present in both
164.75,66.75,present in both
164.75,67.25,present in both
164.75,67.75,present in both
164.75,68.25,present in both
164.75,68.75,present in both
164.75,69.25,present in both
165.25,60.25,present in both
165.25,60.75,present in both
165.25,61.25,present in both
165.25,61.75,present in both
165.25,62.25,present in both
165.25,62.75,present in both
165.25,63.25,present in both
165.25,63.75,present in both
165.25,64.25,present in both
165.25,64.75,present in both
165.25,65.25,present in both
165.25,65.75,present in both
165.25,66.25,present in both
165.25,66.75,present in both
165.25,67.25,present in both
165.25,67.75,present in both
165.25,68.25,present in both
165.25,68.75,present in both
165.25,69.25,present in both
165.75,60.75,present in both
165.75,61.25,present in both
165.75,61.75,present in both
165.75,62.25,present in both
165.75,62.75,present in both
165.75,63.25,present in both
165.75,63.75,present in both
165.75,64.25,present in both
165.75,64.75,present in both
165.75,65.25,present in both
165.75,65.75,present in both
165.75,66.25,present in both
165.75,66.75,present in both
165.75,67.25,present in both
165.75,67.75,present in both
165.75,68.25,present in both
165.75,68.75,present in both
165.75,69.25,present in both
166.25,60.25,present in both
166.25,60.75,present in both
166.25,61.25,present in both
166.25,61.75,present in both
166.25,62.25,present in both
166.25,62.75,present in both
166.25,63.25,present in both
166.25,63.75,present in both
166.25,64.25,present in both
166.25,64.75,present in both
166.25,65.25,present in both
166.25,65.75,present in both
166.25,66.25,present in both
166.25,66.75,present in both
166.25,67.25,present in both
166.25,67.75,present in both
166.25,68.25,present in both
166.25,68.75,present in both
166.25,69.25,present in both
166.75,60.25,present in both
166.75,60.75,present in both
166.75,61.25,present in both
166.75,61.75,present in both
166.75,62.25,present in both
166.75,62.75,present in both
166.75,63.25,present in both
166.75,63.75,present in both
166.75,64.25,present in both
166.75,64.75,present in both
166.75,65.25,present in both
166.75,65.75,present in both
166.75,66.25,present in both
166.75,66.75,present in both
166.75,67.25,present in both
166.75,67.75,present in both
166.75,68.25,present in both
166.75,68.75,present in both
166.75,69.25,present in both
167.25,60.75,present in both
167.25,61.25,present in both
167.25,61.75,present in both
167.25,62.25,present in both
167.25,62.75,present in both
167.25,63.25,present in both
167.25,63.75,present in both
167.25,64.25,present in both
167.25,64.75,present in both
167.25,65.25,present in both
167.25,65.75,present in both
167.25,66.25,present in both
167.25,66.75,present in both
167.25,67.25,present in both
167.25,67.75,present in both
167.25,68.25,present in both
167.25,68.75,present in both
167.25,69.25,present in both
167.75,60.75,present in both
167.75,61.25,present in both
167.75,61.75,present in both
167.75,62.25,present in both
167.75,62.75,present in both
167.75,63.25,present in both
167.75,63.75,present in both
167.75,64.25,present in both
167.75,64.75,present in both
167.75,65.25,present in both
167.75,65.75,present in both
167.75,66.25,present in both
167.75,66.75,present in both
167.75,67.25,present in both
167.75,67.75,present in both
167.75,68.25,present in both
167.75,68.75,present in both
167.75,69.25,present in both
167.75,69.75,present in both
168.25,60.75,present in both
168.25,61.25,present in both
168.25,61.75,present in both
168.25,62.25,present in both
168.25,62.75,present in both
168.25,63.25,present in both
168.25,63.75,present in both
168.25,64.25,present in both
168.25,64.75,present in both
168.25,65.25,present in both
168.25,65.75,present in both
168.25,66.25,present in both
168.25,66.75,present in both
168.25,67.25,present in both
168.25,67.75,present in both
168.25,68.25,present in both
168.25,68.75,present in both
168.25,69.25,present in both
168.25,69.75,present in both
168.75,60.75,present in both
168.75,61.25,present in both
168.75,61.75,present in both
168.75,62.25,present in both
168.75,62.75,present in both
168.75,63.25,present in both
168.75,63.75,present in both
168.75,64.25,present in both
168.75,64.75,present in both
168.75,65.25,present in both
168.75,65.75,present in both
168.75,66.25,present in both
168.75,66.75,present in both
168.75,67.25,present in both
168.75,67.75,present in both
168.75,68.25,present in both
168.75,68.75,present in both
168.75,69.75,present in both
169.25,60.75,present in both
169.25,61.25,present in both
169.25,61.75,present in both
169.25,62.25,present in both
169.25,62.75,present in both
169.25,63.25,present in both
169.25,63.75,present in both
169.25,64.25,present in both
169.25,64.75,present in both
169.25,65.25,present in both
169.25,65.75,present in both
169.25,66.25,present in both
169.25,66.75,present in both
169.25,67.25,present in both
169.25,67.75,present in both
169.25,68.25,present in both
169.25,68.75,present in both
169.25,69.75,present in both
169.75,60.75,present in both
169.75,61.25,present in both
169.75,61.75,present in both
169.75,62.25,present in both
169.75,62.75,present in both
169.75,63.25,present in both
169.75,63.75,present in both
169.75,64.25,present in both
169.75,64.75,present in both
169.75,65.25,present in both
169.75,65.75,present in both
169.75,66.25,present in both
169.75,66.75,present in both
169.75,67.25,present in both
169.75,67.75,present in both
169.75,68.25,present in both
169.75,68.75,present in both
170.25,60.25,present in both
170.25,60.75,present in both
170.25,61.25,present in both
170.25,61.75,present in both
170.25,62.25,present in both
170.25,62.75,present in both
170.25,63.25,present in both
170.25,63.75,present in both
170.25,64.25,present in both
170.25,64.75,present in both
170.25,65.25,present in both
170.25,65.75,present in both
170.25,66.25,present in both
170.25,66.75,present in both
170.25,67.25,present in both
170.25,67.75,present in both
170.25,68.25,present in both
170.25,68.75,present in both
170.75,60.75,present in both
170.75,61.25,present in both
170.75,61.75,present in both
170.75,62.25,present in both
170.75,62.75,present in both
170.75,63.25,present in both
170.75,63.75,present in both
170.75,64.25,present in both
170.75,64.75,present in both
170.75,65.25,present in both
170.75,65.75,present in both
170.75,66.25,present in both
170.75,66.75,present in both
170.75,67.25,present in both
170.75,67.75,present in both
170.75,68.25,present in both
170.75,68.75,present in both
170.75,69.75,present in both
171.25,60.75,present in both
171.25,61.25,present in both
171.25,61.75,present in both
171.25,62.25,present in both
171.25,62.75,present in both
171.25,63.25,present in both
171.25,63.75,present in both
171.25,64.25,present in both
171.25,64.75,present in both
171.25,65.25,present in both
171.25,65.75,present in both
171.25,66.25,present in both
171.25,66.75,present in both
171.25,67.25,present in both
171.25,67.75,present in both
171.25,68.25,present in both
171.25,68.75,present in both
171.25,69.25,present in both
171.25,69.75,present in both
171.75,61.25,present in both
171.75,61.75,present in both
171.75,62.25,present in both
171.75,62.75,present in both
171.75,63.25,present in both
171.75,63.75,present in both
171.75,64.25,present in both
171.75,64.75,present in both
171.75,65.25,present in both
171.75,65.75,present in both
171.75,66.25,present in both
171.75,66.75,present in both
171.75,67.25,present in both
171.75,67.75,present in both
171.75,68.25,present in both
171.75,68.75,present in both
171.75,69.25,present in both
171.75,69.75,present in both
172.25,61.25,present in both
172.25,61.75,present in both
172.25,62.25,present in both
172.25,62.75,present in both
172.25,63.25,present in both
172.25,63.75,present in both
172.25,64.25,present in both
172.25,64.75,present in both
172.25,65.25,present in both
172.25,65.75,present in both
172.25,66.25,present in both
172.25,66.75,present in both
172.25,67.25,present in both
172.25,67.75,present in both
172.25,68.25,present in both
172.25,68.75,present in both
172.25,69.25,present in both
172.25,69.75,present in both
172.75,61.75,present in both
172.75,62.25,present in both
172.75,62.75,present in both
172.75,63.25,present in both
172.75,63.75,present in both
172.75,64.25,present in both
172.75,64.75,present in both
172.75,65.25,present in both
172.75,65.75,present in both
172.75,66.25,present in both
172.75,66.75,present in both
172.75,67.25,present in both
172.75,67.75,present in both
172.75,68.25,present in both
172.75,68.75,present in both
172.75,69.25,present in both
172.75,69.75,present in both
173.25,61.75,present in both
173.25,62.25,present in both
173.25,62.75,present in both
173.25,63.25,present in both
173.25,63.75,present in both
173.25,64.25,present in both
173.25,64.75,present in both
173.25,65.25,present in both
173.25,65.75,present in both
173.25,66.25,present in both
173.25,66.75,present in both
173.25,67.25,present in both
173.25,67.75,present in both
173.25,68.25,present in both
173.25,68.75,present in both
173.25,69.25,present in both
173.25,69.75,present in both
173.75,61.75,present in both
173.75,62.25,present in both
173.75,62.75,present in both
173.75,63.25,present in both
173.75,63.75,present in both
173.75,64.25,present in both
173.75,64.75,present in both
173.75,65.25,present in both
173.75,65.75,present in both
173.75,66.25,present in both
173.75,66.75,present in both
173.75,67.25,present in both
173.75,67.75,present in both
173.75,68.25,present in both
173.75,68.75,present in both
173.75,69.25,present in both
173.75,69.75,present in both
174.25,62.25,present in both
174.25,62.75,present in both
174.25,63.25,present in both
174.25,63.75,present in both
174.25,64.25,present in both
174.25,64.75,present in both
174.25,65.25,present in both
174.25,65.75,present in both
174.25,66.25,present in both
174.25,66.75,present in both
174.25,67.25,present in both
174.25,67.75,present in both
174.25,68.25,present in both
174.25,68.75,present in both
174.25,69.25,present in both
174.25,69.75,present in both
174.75,62.25,present in both
174.75,62.75,present in both
174.75,63.25,present in both
174.75,63.75,present in both
174.75,64.25,present in both
174.75,64.75,present in both
174.75,65.25,present in both
174.75,65.75,present in both
174.75,66.25,present in both
174.75,66.75,present in both
174.75,67.25,present in both
174.75,67.75,present in both
174.75,68.25,present in both
174.75,68.75,present in both
174.75,69.25,present in both
174.75,69.75,present in both
175.25,62.25,present in both
175.25,62.75,present in both
175.25,63.25,present in both
175.25,63.75,present in both
175.25,64.25,present in both
175.25,65.25,present in both
175.25,65.75,present in both
175.25,66.25,present in both
175.25,66.75,present in both
175.25,67.25,present in both
175.25,67.75,present in both
175.25,68.25,present in both
175.25,68.75,present in both
175.25,69.25,present in both
175.25,69.75,present in both
175.75,62.25,present in both
175.75,62.75,present in both
175.75,63.25,present in both
175.75,63.75,present in both
175.75,64.25,present in both
175.75,64.75,present in both
175.75,65.25,present in both
175.75,65.75,present in both
175.75,66.25,present in both
175.75,66.75,present in both
175.75,67.25,present in both
175.75,67.75,present in both
175.75,68.25,present in both
175.75,68.75,present in both
175.75,69.25,present in both
175.75,69.75,present in both
176.25,62.75,present in both
176.25,63.25,present in both
176.25,63.75,present in both
176.25,64.25,present in both
176.25,64.75,present in both
176.25,65.25,present in both
176.25,65.75,present in both
176.25,66.25,present in both
176.25,66.75,present in both
176.25,67.25,present in both
176.25,67.75,present in both
176.25,68.25,present in both
176.25,68.75,present in both
176.25,69.25,present in both
176.25,69.75,present in both
176.75,62.75,present in both
176.75,63.25,present in both
176.75,63.75,present in both
176.75,64.25,present in both
176.75,65.25,present in both
176.75,65.75,present in both
176.75,66.25,present in both
176.75,66.75,present in both
176.75,67.25,present in both
176.75,67.75,present in both
176.75,68.25,present in both
176.75,68.75,present in both
176.75,69.25,present in both
177.25,62.75,present in both
177.25,63.25,present in both
177.25,63.75,present in both
177.25,64.25,present in both
177.25,64.75,present in both
177.25,65.25,present in both
177.25,65.75,present in both
177.25,66.25,present in both
177.25,66.75,present in both
177.25,67.25,present in both
177.25,67.75,present in both
177.25,68.25,present in both
177.25,68.75,present in both
177.25,69.25,present in both
177.75,62.75,present in both
177.75,63.25,present in both
177.75,63.75,present in both
177.75,64.25,present in both
177.75,64.75,present in both
177.75,65.25,present in both
177.75,65.75,present in both
177.75,66.25,present in both
177.75,66.75,present in both
177.75,67.25,present in both
177.75,67.75,present in both
177.75,68.25,present in both
177.75,68.75,present in both
177.75,69.25,present in both
178.25,62.75,present in both
178.25,63.25,present in both
178.25,63.75,present in both
178.25,64.25,present in both
178.25,64.75,present in both
178.25,65.25,present in both
178.25,65.75,present in both
178.25,66.25,present in both
178.25,66.75,present in both
178.25,67.25,present in both
178.25,67.75,present in both
178.25,68.25,present in both
178.25,68.75,present in both
178.25,69.25,present in both
178.75,62.75,present in both
178.75,63.25,present in both
178.75,64.75,present in both
178.75,65.25,present in both
178.75,65.75,present in both
178.75,66.25,present in both
178.75,66.75,present in both
178.75,67.25,present in both
178.75,67.75,present in both
178.75,68.25,present in both
178.75,68.75,present in both
178.75,69.25,present in both
179.25,62.75,present in both
179.25,65.25,present in both
179.25,65.75,present in both
179.25,66.25,present in both
179.25,66.75,present in both
179.25,67.25,present in both
179.25,67.75,present in both
179.25,68.25,present in both
179.25,68.75,present in both
179.25,69.25,present in both
179.25,71.25,present in both
179.75,65.25,present in both
179.75,65.75,present in both
179.75,66.25,present in both
179.75,66.75,present in both
179.75,67.25,present in both
179.75,67.75,present in both
179.75,68.25,present in both
179.75,68.75,present in both
179.75,71.25,present in both
